{"type":"FeatureCollection","attribution":"geoBoundaries (gbOpen, CC BY 4.0)","features":[{"type":"Feature","properties":{"id":"al-qafr","name":"Al Qafr","gov":"YE-IB","km2":662,"c":[14.299,44.098]},"geometry":{"type":"MultiPolygon","coordinates":[[[[43.83,14.186],[43.826,14.2],[43.827,14.21],[43.83,14.22],[43.845,14.243],[43.846,14.247],[43.844,14.25],[43.84,14.253],[43.821,14.258],[43.817,14.255],[43.818,14.253],[43.819,14.249],[43.826,14.246],[43.825,14.238],[43.82,14.234],[43.809,14.231],[43.804,14.229],[43.789,14.193],[43.784,14.154],[43.808,14.174],[43.822,14.18],[43.83,14.186]]],[[[44.171,14.387],[44.157,14.383],[44.145,14.376],[44.125,14.371],[44.104,14.369],[44.095,14.364],[44.086,14.364],[44.088,14.369],[44.084,14.378],[44.081,14.39],[44.078,14.411],[44.08,14.43],[44.076,14.461],[44.07,14.462],[44.063,14.454],[44.057,14.453],[44.053,14.449],[44.048,14.447],[44.044,14.44],[44.03,14.426],[44.026,14.419],[44.019,14.414],[44.02,14.41],[44.019,14.403],[44.014,14.397],[44.01,14.395],[44.004,14.394],[43.998,14.388],[43.995,14.381],[43.984,14.381],[43.977,14.377],[43.971,14.372],[43.969,14.367],[43.968,14.344],[43.965,14.344],[43.963,14.345],[43.955,14.36],[43.946,14.361],[43.934,14.357],[43.931,14.354],[43.929,14.347],[43.926,14.347],[43.921,14.349],[43.916,14.349],[43.91,14.341],[43.91,14.338],[43.919,14.322],[43.926,14.317],[43.93,14.312],[43.932,14.288],[43.937,14.282],[43.929,14.269],[43.922,14.249],[43.913,14.235],[43.905,14.227],[43.917,14.213],[43.921,14.206],[43.925,14.208],[43.96,14.208],[43.97,14.2],[43.992,14.205],[43.994,14.206],[43.998,14.216],[44.01,14.213],[44.013,14.217],[44.018,14.217],[44.023,14.216],[44.028,14.217],[44.031,14.224],[44.031,14.232],[44.035,14.238],[44.041,14.238],[44.047,14.229],[44.05,14.228],[44.062,14.223],[44.081,14.224],[44.081,14.187],[44.094,14.188],[44.102,14.195],[44.127,14.192],[44.137,14.19],[44.151,14.194],[44.151,14.198],[44.149,14.202],[44.149,14.208],[44.157,14.211],[44.16,14.218],[44.173,14.22],[44.185,14.224],[44.189,14.228],[44.196,14.23],[44.197,14.233],[44.202,14.239],[44.206,14.241],[44.211,14.241],[44.213,14.237],[44.219,14.234],[44.223,14.228],[44.238,14.227],[44.25,14.217],[44.25,14.215],[44.263,14.21],[44.27,14.205],[44.27,14.214],[44.266,14.221],[44.265,14.239],[44.259,14.243],[44.259,14.246],[44.265,14.252],[44.265,14.26],[44.259,14.266],[44.256,14.267],[44.253,14.265],[44.262,14.282],[44.27,14.293],[44.274,14.311],[44.272,14.328],[44.265,14.344],[44.252,14.355],[44.244,14.347],[44.233,14.347],[44.231,14.341],[44.227,14.333],[44.23,14.323],[44.229,14.311],[44.22,14.301],[44.196,14.293],[44.177,14.28],[44.164,14.279],[44.16,14.282],[44.145,14.283],[44.148,14.287],[44.153,14.3],[44.155,14.301],[44.165,14.301],[44.168,14.304],[44.171,14.312],[44.17,14.317],[44.158,14.331],[44.159,14.339],[44.162,14.343],[44.179,14.362],[44.171,14.387]]]]}},{"type":"Feature","properties":{"id":"yarim","name":"Yarim","gov":"YE-IB","km2":556,"c":[14.267,44.289]},"geometry":{"type":"Polygon","coordinates":[[[44.27,14.205],[44.27,14.199],[44.259,14.192],[44.256,14.185],[44.255,14.177],[44.252,14.174],[44.231,14.157],[44.226,14.154],[44.219,14.153],[44.218,14.151],[44.219,14.148],[44.222,14.145],[44.24,14.153],[44.244,14.153],[44.252,14.149],[44.258,14.152],[44.267,14.151],[44.288,14.136],[44.297,14.136],[44.31,14.131],[44.328,14.131],[44.33,14.128],[44.338,14.129],[44.357,14.119],[44.365,14.118],[44.366,14.119],[44.366,14.123],[44.359,14.126],[44.356,14.131],[44.354,14.132],[44.349,14.139],[44.351,14.144],[44.351,14.146],[44.345,14.154],[44.341,14.182],[44.358,14.213],[44.371,14.207],[44.376,14.202],[44.382,14.202],[44.387,14.21],[44.396,14.217],[44.393,14.229],[44.402,14.245],[44.425,14.253],[44.444,14.253],[44.447,14.254],[44.455,14.266],[44.455,14.268],[44.472,14.276],[44.475,14.284],[44.479,14.289],[44.48,14.301],[44.469,14.308],[44.451,14.329],[44.445,14.341],[44.436,14.349],[44.417,14.354],[44.405,14.352],[44.391,14.346],[44.38,14.346],[44.375,14.349],[44.366,14.364],[44.358,14.371],[44.35,14.376],[44.336,14.379],[44.3,14.375],[44.296,14.376],[44.282,14.391],[44.274,14.412],[44.254,14.418],[44.243,14.428],[44.241,14.433],[44.234,14.442],[44.21,14.451],[44.195,14.459],[44.189,14.427],[44.188,14.408],[44.184,14.401],[44.178,14.395],[44.175,14.389],[44.171,14.387],[44.179,14.362],[44.162,14.343],[44.159,14.339],[44.158,14.331],[44.17,14.317],[44.171,14.312],[44.168,14.304],[44.165,14.301],[44.155,14.301],[44.153,14.3],[44.148,14.287],[44.145,14.283],[44.16,14.282],[44.164,14.279],[44.177,14.28],[44.196,14.293],[44.22,14.301],[44.229,14.311],[44.23,14.323],[44.227,14.333],[44.231,14.341],[44.233,14.347],[44.244,14.347],[44.252,14.355],[44.265,14.344],[44.272,14.328],[44.274,14.311],[44.27,14.293],[44.262,14.282],[44.253,14.265],[44.256,14.267],[44.259,14.266],[44.265,14.26],[44.265,14.252],[44.259,14.246],[44.259,14.243],[44.265,14.239],[44.266,14.221],[44.27,14.214],[44.27,14.205]]]}},{"type":"Feature","properties":{"id":"adh-dhihar","name":"Adh Dhihar","gov":"YE-IB","km2":38,"c":[13.979,44.155]},"geometry":{"type":"Polygon","coordinates":[[[44.192,13.988],[44.191,13.992],[44.195,14],[44.192,14.003],[44.179,14.003],[44.177,14.004],[44.176,14.007],[44.173,14.01],[44.151,14.008],[44.135,14.01],[44.131,14.009],[44.129,14.006],[44.13,14.002],[44.126,14],[44.123,13.991],[44.123,13.988],[44.127,13.986],[44.13,13.986],[44.135,13.992],[44.141,13.993],[44.148,13.988],[44.149,13.985],[44.148,13.982],[44.142,13.982],[44.136,13.973],[44.127,13.977],[44.12,13.975],[44.122,13.971],[44.125,13.971],[44.127,13.968],[44.125,13.962],[44.119,13.957],[44.12,13.95],[44.139,13.943],[44.141,13.945],[44.14,13.953],[44.141,13.959],[44.15,13.959],[44.15,13.957],[44.167,13.954],[44.168,13.948],[44.177,13.949],[44.176,13.95],[44.179,13.952],[44.181,13.958],[44.181,13.964],[44.184,13.975],[44.183,13.979],[44.185,13.981],[44.187,13.981],[44.188,13.979],[44.191,13.98],[44.189,13.987],[44.192,13.988]]]}},{"type":"Feature","properties":{"id":"ibb","name":"Ibb","gov":"YE-IB","km2":182,"c":[14.033,44.175]},"geometry":{"type":"Polygon","coordinates":[[[44.192,13.988],[44.193,13.987],[44.192,13.985],[44.194,13.979],[44.199,13.978],[44.199,13.974],[44.194,13.967],[44.194,13.964],[44.198,13.96],[44.199,13.952],[44.205,13.942],[44.226,13.935],[44.23,13.935],[44.232,13.923],[44.23,13.919],[44.254,13.907],[44.255,13.903],[44.26,13.898],[44.264,13.896],[44.266,13.892],[44.265,13.887],[44.263,13.886],[44.262,13.881],[44.263,13.879],[44.266,13.878],[44.276,13.878],[44.282,13.88],[44.283,13.883],[44.288,13.883],[44.291,13.879],[44.295,13.878],[44.306,13.897],[44.303,13.905],[44.299,13.909],[44.28,13.913],[44.275,13.917],[44.271,13.923],[44.265,13.937],[44.258,13.947],[44.255,13.948],[44.251,13.946],[44.24,13.936],[44.236,13.937],[44.235,13.944],[44.232,13.946],[44.226,13.948],[44.224,13.951],[44.23,13.959],[44.242,13.968],[44.246,13.974],[44.244,13.978],[44.239,13.982],[44.237,13.987],[44.24,13.992],[44.216,14.016],[44.205,14.03],[44.189,14.037],[44.186,14.041],[44.188,14.046],[44.18,14.05],[44.172,14.048],[44.17,14.046],[44.166,14.046],[44.16,14.056],[44.16,14.068],[44.158,14.077],[44.162,14.079],[44.165,14.089],[44.162,14.107],[44.155,14.107],[44.151,14.103],[44.14,14.082],[44.114,14.062],[44.109,14.049],[44.106,14.046],[44.105,14.04],[44.094,14.031],[44.084,14.03],[44.083,14.032],[44.076,14.026],[44.075,14.024],[44.077,14.019],[44.075,14.016],[44.068,14.014],[44.06,14.015],[44.054,14.012],[44.055,14.007],[44.049,14.005],[44.047,14.002],[44.049,13.998],[44.051,13.998],[44.062,13.992],[44.06,13.987],[44.057,13.968],[44.059,13.967],[44.061,13.963],[44.074,13.959],[44.082,13.951],[44.083,13.946],[44.086,13.946],[44.104,13.965],[44.106,13.969],[44.11,13.972],[44.12,13.975],[44.127,13.977],[44.136,13.973],[44.142,13.982],[44.148,13.982],[44.149,13.985],[44.148,13.988],[44.141,13.993],[44.135,13.992],[44.13,13.986],[44.127,13.986],[44.123,13.988],[44.123,13.991],[44.126,14],[44.13,14.002],[44.129,14.006],[44.131,14.009],[44.135,14.01],[44.151,14.008],[44.173,14.01],[44.176,14.007],[44.177,14.004],[44.179,14.003],[44.192,14.003],[44.195,14],[44.191,13.992],[44.192,13.988]]]}},{"type":"Feature","properties":{"id":"khur-maksar","name":"Khur Maksar","gov":"YE-AD","km2":53,"c":[12.838,45.028]},"geometry":{"type":"Polygon","coordinates":[[[45.04,12.79],[45.04,12.796],[45.044,12.817],[45.057,12.86],[45.08,12.908],[45.096,12.936],[45.084,12.939],[45.043,12.943],[45.047,12.923],[45.049,12.913],[45.048,12.909],[45.031,12.848],[45.022,12.848],[45.019,12.845],[45.02,12.841],[45.025,12.839],[45.025,12.835],[45.022,12.835],[45.019,12.841],[45.012,12.837],[45.016,12.831],[45.016,12.834],[45.018,12.834],[45.019,12.83],[45.012,12.827],[45.009,12.839],[45.001,12.844],[45.001,12.844],[45.009,12.839],[45.012,12.826],[45.011,12.825],[45.012,12.825],[45.013,12.824],[45.017,12.821],[45.024,12.811],[45.017,12.81],[45.016,12.8],[45.02,12.805],[45.021,12.809],[45.024,12.81],[45.026,12.807],[45.025,12.804],[45.024,12.797],[45.027,12.794],[45.031,12.792],[45.034,12.787],[45.04,12.79]],[[45.032,12.842],[45.034,12.848],[45.037,12.847],[45.035,12.843],[45.034,12.844],[45.032,12.837],[45.025,12.838],[45.028,12.84],[45.031,12.839],[45.032,12.842]],[[45.014,12.826],[45.015,12.824],[45.022,12.824],[45.024,12.814],[45.023,12.813],[45.017,12.821],[45.013,12.824],[45.013,12.825],[45.014,12.826]]]}},{"type":"Feature","properties":{"id":"ar-radmah","name":"Ar Radmah","gov":"YE-IB","km2":298,"c":[14.212,44.551]},"geometry":{"type":"Polygon","coordinates":[[[44.447,14.254],[44.45,14.237],[44.449,14.236],[44.451,14.235],[44.469,14.234],[44.481,14.236],[44.488,14.231],[44.493,14.231],[44.494,14.225],[44.488,14.215],[44.488,14.211],[44.485,14.207],[44.478,14.207],[44.476,14.204],[44.478,14.195],[44.484,14.188],[44.497,14.187],[44.498,14.175],[44.496,14.166],[44.493,14.162],[44.501,14.159],[44.511,14.148],[44.518,14.143],[44.52,14.143],[44.521,14.139],[44.527,14.139],[44.531,14.134],[44.538,14.131],[44.55,14.135],[44.576,14.135],[44.579,14.133],[44.595,14.136],[44.601,14.137],[44.621,14.134],[44.639,14.124],[44.644,14.12],[44.659,14.122],[44.66,14.123],[44.66,14.128],[44.669,14.141],[44.67,14.161],[44.673,14.176],[44.661,14.183],[44.642,14.188],[44.633,14.195],[44.629,14.197],[44.623,14.197],[44.618,14.201],[44.617,14.206],[44.619,14.213],[44.615,14.229],[44.615,14.239],[44.618,14.247],[44.618,14.255],[44.629,14.268],[44.634,14.282],[44.634,14.288],[44.633,14.291],[44.62,14.295],[44.588,14.294],[44.586,14.293],[44.568,14.269],[44.556,14.274],[44.552,14.28],[44.548,14.292],[44.54,14.296],[44.511,14.301],[44.497,14.3],[44.488,14.298],[44.48,14.301],[44.479,14.289],[44.475,14.284],[44.472,14.276],[44.455,14.268],[44.455,14.266],[44.447,14.254]]]}},{"type":"Feature","properties":{"id":"an-nadirah","name":"An Nadirah","gov":"YE-IB","km2":302,"c":[14.072,44.504]},"geometry":{"type":"Polygon","coordinates":[[[44.493,14.162],[44.48,14.157],[44.468,14.161],[44.465,14.154],[44.466,14.142],[44.455,14.138],[44.45,14.131],[44.447,14.117],[44.446,14.108],[44.439,14.103],[44.428,14.104],[44.423,14.102],[44.42,14.098],[44.414,14.095],[44.411,14.089],[44.393,14.078],[44.391,14.078],[44.392,14.069],[44.394,14.065],[44.421,14.06],[44.431,14.046],[44.432,14.038],[44.431,14.035],[44.428,14.031],[44.423,14.03],[44.423,14.027],[44.432,14.024],[44.435,14.02],[44.436,14.006],[44.446,13.992],[44.452,13.974],[44.461,13.961],[44.482,13.971],[44.496,13.981],[44.512,13.986],[44.527,13.986],[44.539,13.992],[44.551,13.991],[44.562,13.985],[44.573,13.988],[44.59,13.985],[44.608,14.004],[44.612,14.012],[44.612,14.018],[44.589,14.022],[44.565,14.024],[44.558,14.028],[44.554,14.038],[44.553,14.054],[44.559,14.07],[44.564,14.073],[44.572,14.073],[44.575,14.078],[44.579,14.078],[44.583,14.081],[44.595,14.081],[44.608,14.1],[44.609,14.104],[44.605,14.114],[44.594,14.125],[44.595,14.136],[44.579,14.133],[44.576,14.135],[44.55,14.135],[44.538,14.131],[44.531,14.134],[44.527,14.139],[44.521,14.139],[44.52,14.143],[44.518,14.143],[44.511,14.148],[44.501,14.159],[44.493,14.162]]]}},{"type":"Feature","properties":{"id":"ash-sha-ir","name":"Ash Sha'ir","gov":"YE-IB","km2":133,"c":[14.033,44.366]},"geometry":{"type":"Polygon","coordinates":[[[44.391,14.078],[44.371,14.084],[44.35,14.088],[44.316,14.086],[44.317,14.092],[44.315,14.094],[44.308,14.094],[44.307,14.1],[44.287,14.088],[44.282,14.09],[44.278,14.096],[44.271,14.091],[44.279,14.077],[44.284,14.078],[44.284,14.076],[44.29,14.065],[44.297,14.062],[44.309,14.05],[44.311,14.044],[44.306,14.033],[44.304,14.032],[44.306,14.028],[44.332,14.014],[44.349,13.997],[44.357,13.992],[44.358,13.988],[44.362,13.987],[44.368,13.991],[44.371,13.999],[44.371,14.006],[44.37,14.012],[44.378,14.013],[44.38,14.011],[44.39,14.01],[44.396,14.006],[44.401,13.994],[44.41,13.986],[44.41,13.98],[44.404,13.982],[44.401,13.982],[44.401,13.98],[44.417,13.967],[44.427,13.969],[44.439,13.967],[44.452,13.974],[44.446,13.992],[44.436,14.006],[44.435,14.02],[44.432,14.024],[44.423,14.027],[44.423,14.03],[44.428,14.031],[44.431,14.035],[44.432,14.038],[44.431,14.046],[44.421,14.06],[44.394,14.065],[44.392,14.069],[44.391,14.078]]]}},{"type":"Feature","properties":{"id":"sibah","name":"Sibah","gov":"YE-AB","km2":334,"c":[13.819,45.381]},"geometry":{"type":"Polygon","coordinates":[[[45.381,13.911],[45.345,13.914],[45.331,13.92],[45.325,13.899],[45.324,13.862],[45.34,13.83],[45.343,13.815],[45.335,13.812],[45.323,13.812],[45.311,13.808],[45.299,13.8],[45.294,13.799],[45.298,13.782],[45.301,13.778],[45.317,13.772],[45.331,13.772],[45.335,13.769],[45.337,13.762],[45.358,13.745],[45.379,13.737],[45.391,13.709],[45.408,13.725],[45.415,13.729],[45.458,13.737],[45.476,13.744],[45.491,13.776],[45.505,13.816],[45.502,13.825],[45.473,13.88],[45.474,13.894],[45.47,13.901],[45.457,13.903],[45.423,13.903],[45.395,13.906],[45.381,13.911]]]}},{"type":"Feature","properties":{"id":"as-saddah","name":"As Saddah","gov":"YE-IB","km2":258,"c":[14.155,44.39]},"geometry":{"type":"Polygon","coordinates":[[[44.252,14.149],[44.253,14.118],[44.262,14.102],[44.271,14.091],[44.278,14.096],[44.282,14.09],[44.287,14.088],[44.307,14.1],[44.308,14.094],[44.315,14.094],[44.317,14.092],[44.316,14.086],[44.35,14.088],[44.371,14.084],[44.391,14.078],[44.393,14.078],[44.411,14.089],[44.414,14.095],[44.42,14.098],[44.423,14.102],[44.428,14.104],[44.439,14.103],[44.446,14.108],[44.447,14.117],[44.45,14.131],[44.455,14.138],[44.466,14.142],[44.465,14.154],[44.468,14.161],[44.48,14.157],[44.493,14.162],[44.496,14.166],[44.498,14.175],[44.497,14.187],[44.484,14.188],[44.478,14.195],[44.476,14.204],[44.478,14.207],[44.485,14.207],[44.488,14.211],[44.488,14.215],[44.494,14.225],[44.493,14.231],[44.488,14.231],[44.481,14.236],[44.469,14.234],[44.451,14.235],[44.449,14.236],[44.45,14.237],[44.447,14.254],[44.444,14.253],[44.425,14.253],[44.402,14.245],[44.393,14.229],[44.396,14.217],[44.387,14.21],[44.382,14.202],[44.376,14.202],[44.371,14.207],[44.358,14.213],[44.341,14.182],[44.345,14.154],[44.351,14.146],[44.351,14.144],[44.349,14.139],[44.354,14.132],[44.356,14.131],[44.359,14.126],[44.366,14.123],[44.366,14.119],[44.365,14.118],[44.357,14.119],[44.338,14.129],[44.33,14.128],[44.328,14.131],[44.31,14.131],[44.297,14.136],[44.288,14.136],[44.267,14.151],[44.258,14.152],[44.252,14.149]]]}},{"type":"Feature","properties":{"id":"al-makhadir","name":"Al Makhadir","gov":"YE-IB","km2":211,"c":[14.142,44.204]},"geometry":{"type":"Polygon","coordinates":[[[44.137,14.19],[44.135,14.187],[44.135,14.184],[44.139,14.181],[44.14,14.177],[44.14,14.172],[44.143,14.169],[44.147,14.163],[44.148,14.156],[44.15,14.152],[44.153,14.151],[44.164,14.128],[44.164,14.115],[44.162,14.107],[44.165,14.089],[44.162,14.079],[44.158,14.077],[44.16,14.068],[44.16,14.056],[44.166,14.046],[44.17,14.046],[44.172,14.048],[44.18,14.05],[44.188,14.046],[44.2,14.041],[44.218,14.041],[44.23,14.043],[44.235,14.043],[44.242,14.049],[44.251,14.05],[44.253,14.052],[44.252,14.056],[44.25,14.059],[44.243,14.06],[44.244,14.066],[44.238,14.069],[44.234,14.07],[44.235,14.074],[44.24,14.078],[44.251,14.083],[44.261,14.085],[44.271,14.091],[44.262,14.102],[44.253,14.118],[44.252,14.149],[44.244,14.153],[44.24,14.153],[44.222,14.145],[44.219,14.148],[44.218,14.151],[44.219,14.153],[44.226,14.154],[44.231,14.157],[44.252,14.174],[44.255,14.177],[44.256,14.185],[44.259,14.192],[44.27,14.199],[44.27,14.205],[44.263,14.21],[44.25,14.215],[44.25,14.217],[44.238,14.227],[44.223,14.228],[44.219,14.234],[44.213,14.237],[44.211,14.241],[44.206,14.241],[44.202,14.239],[44.197,14.233],[44.196,14.23],[44.189,14.228],[44.185,14.224],[44.173,14.22],[44.16,14.218],[44.157,14.211],[44.149,14.208],[44.149,14.202],[44.151,14.198],[44.151,14.194],[44.137,14.19]]]}},{"type":"Feature","properties":{"id":"hobeish","name":"Hobeish","gov":"YE-IB","km2":225,"c":[14.107,44.07]},"geometry":{"type":"MultiPolygon","coordinates":[[[[44.014,14.102],[44.013,14.112],[44.003,14.109],[44.003,14.107],[44.009,14.097],[44.006,14.094],[44.006,14.089],[44.008,14.09],[44.009,14.089],[44.012,14.079],[44.015,14.073],[44.015,14.069],[44.02,14.066],[44.022,14.067],[44.026,14.074],[44.03,14.088],[44.029,14.098],[44.029,14.1],[44.014,14.102]]],[[[44.05,14.228],[44.05,14.213],[44.042,14.176],[44.035,14.17],[44.012,14.163],[44.009,14.156],[44.016,14.134],[44.016,14.117],[44.029,14.116],[44.033,14.113],[44.038,14.115],[44.041,14.127],[44.039,14.143],[44.041,14.16],[44.049,14.167],[44.06,14.165],[44.06,14.163],[44.064,14.161],[44.059,14.151],[44.058,14.141],[44.06,14.138],[44.057,14.126],[44.041,14.116],[44.044,14.112],[44.052,14.113],[44.053,14.106],[44.051,14.103],[44.059,14.089],[44.061,14.08],[44.051,14.07],[44.039,14.068],[44.031,14.052],[44.027,14.04],[44.02,14.038],[44.016,14.038],[44.008,14.043],[44.007,14.045],[44.004,14.046],[44.002,14.042],[44,14.033],[44.007,14.029],[44.018,14.035],[44.025,14.031],[44.028,14.021],[44.039,14.013],[44.042,14.009],[44.045,14.008],[44.054,14.012],[44.06,14.015],[44.068,14.014],[44.075,14.016],[44.077,14.019],[44.075,14.024],[44.076,14.026],[44.083,14.032],[44.084,14.03],[44.094,14.031],[44.105,14.04],[44.106,14.046],[44.109,14.049],[44.114,14.062],[44.14,14.082],[44.151,14.103],[44.155,14.107],[44.162,14.107],[44.164,14.115],[44.164,14.128],[44.153,14.151],[44.15,14.152],[44.148,14.156],[44.147,14.163],[44.143,14.169],[44.14,14.172],[44.14,14.177],[44.139,14.181],[44.135,14.184],[44.135,14.187],[44.137,14.19],[44.127,14.192],[44.102,14.195],[44.094,14.188],[44.081,14.187],[44.081,14.224],[44.062,14.223],[44.05,14.228]]]]}},{"type":"Feature","properties":{"id":"hazm-al-odayn","name":"Hazm Al Odayn","gov":"YE-IB","km2":508,"c":[14.109,43.957]},"geometry":{"type":"Polygon","coordinates":[[[43.784,14.154],[43.779,14.139],[43.761,14.115],[43.751,14.105],[43.757,14.092],[43.775,14.068],[43.803,14.065],[43.808,14.059],[43.816,14.059],[43.821,14.055],[43.831,14.056],[43.842,14.058],[43.854,14.064],[43.87,14.08],[43.903,14.097],[43.908,14.109],[43.911,14.127],[43.914,14.132],[43.925,14.138],[43.931,14.135],[43.932,14.125],[43.935,14.122],[43.935,14.116],[43.929,14.103],[43.926,14.098],[43.924,14.09],[43.912,14.077],[43.905,14.06],[43.91,14.054],[43.916,14.041],[43.905,14.026],[43.898,14.012],[43.902,14.007],[43.904,14.01],[43.907,14.01],[43.915,13.999],[43.918,13.998],[43.926,13.997],[43.926,13.994],[43.929,13.991],[43.935,13.994],[43.952,14.011],[43.956,14.014],[43.961,14.014],[43.962,14.008],[43.969,13.999],[43.973,13.997],[43.98,13.986],[43.982,13.986],[43.99,13.999],[43.997,14.003],[44.007,14.017],[44.007,14.029],[44,14.033],[44.002,14.042],[44.004,14.046],[44.007,14.045],[44.008,14.043],[44.016,14.038],[44.02,14.038],[44.027,14.04],[44.031,14.052],[44.039,14.068],[44.051,14.07],[44.061,14.08],[44.059,14.089],[44.051,14.103],[44.053,14.106],[44.052,14.113],[44.044,14.112],[44.041,14.116],[44.057,14.126],[44.06,14.138],[44.058,14.141],[44.059,14.151],[44.064,14.161],[44.06,14.163],[44.06,14.165],[44.049,14.167],[44.041,14.16],[44.039,14.143],[44.041,14.127],[44.038,14.115],[44.033,14.113],[44.029,14.116],[44.016,14.117],[44.016,14.134],[44.009,14.156],[44.012,14.163],[44.035,14.17],[44.042,14.176],[44.05,14.213],[44.05,14.228],[44.047,14.229],[44.041,14.238],[44.035,14.238],[44.031,14.232],[44.031,14.224],[44.028,14.217],[44.023,14.216],[44.018,14.217],[44.013,14.217],[44.01,14.213],[43.998,14.216],[43.994,14.206],[43.992,14.205],[43.97,14.2],[43.96,14.208],[43.925,14.208],[43.921,14.206],[43.917,14.213],[43.905,14.227],[43.882,14.222],[43.861,14.202],[43.843,14.195],[43.83,14.186],[43.822,14.18],[43.808,14.174],[43.784,14.154]],[[44.014,14.102],[44.029,14.1],[44.029,14.098],[44.03,14.088],[44.026,14.074],[44.022,14.067],[44.02,14.066],[44.015,14.069],[44.015,14.073],[44.012,14.079],[44.009,14.089],[44.008,14.09],[44.006,14.089],[44.006,14.094],[44.009,14.097],[44.003,14.107],[44.003,14.109],[44.013,14.112],[44.014,14.102]]]}},{"type":"Feature","properties":{"id":"far-al-odayn","name":"Far' Al Odayn","gov":"YE-IB","km2":363,"c":[13.955,43.77]},"geometry":{"type":"Polygon","coordinates":[[[43.775,14.068],[43.777,14.057],[43.773,14.05],[43.769,14.048],[43.754,14.05],[43.745,14.043],[43.736,14.031],[43.732,14.021],[43.722,13.969],[43.72,13.969],[43.718,13.972],[43.714,13.969],[43.712,13.96],[43.708,13.956],[43.705,13.957],[43.705,13.958],[43.707,13.976],[43.701,13.985],[43.692,13.993],[43.687,14.003],[43.679,14.006],[43.67,14.004],[43.661,13.999],[43.653,13.981],[43.652,13.968],[43.671,13.942],[43.683,13.934],[43.706,13.93],[43.71,13.923],[43.711,13.911],[43.708,13.907],[43.7,13.907],[43.689,13.91],[43.686,13.915],[43.677,13.918],[43.668,13.92],[43.662,13.915],[43.659,13.914],[43.657,13.912],[43.656,13.913],[43.654,13.91],[43.655,13.901],[43.665,13.863],[43.672,13.856],[43.68,13.853],[43.7,13.853],[43.717,13.847],[43.739,13.852],[43.749,13.863],[43.752,13.88],[43.757,13.882],[43.763,13.88],[43.777,13.867],[43.783,13.861],[43.786,13.849],[43.79,13.849],[43.794,13.855],[43.793,13.867],[43.795,13.87],[43.825,13.877],[43.829,13.879],[43.831,13.879],[43.835,13.882],[43.836,13.888],[43.839,13.89],[43.85,13.889],[43.864,13.891],[43.867,13.9],[43.857,13.906],[43.856,13.916],[43.851,13.917],[43.848,13.921],[43.849,13.925],[43.861,13.938],[43.868,13.949],[43.87,13.96],[43.867,13.961],[43.866,13.964],[43.889,13.972],[43.896,13.974],[43.899,13.973],[43.908,13.968],[43.914,13.979],[43.913,13.985],[43.908,13.99],[43.903,13.992],[43.89,13.99],[43.851,13.998],[43.829,14.009],[43.803,14.026],[43.797,14.027],[43.796,14.03],[43.799,14.03],[43.799,14.032],[43.793,14.032],[43.79,14.038],[43.788,14.041],[43.784,14.039],[43.783,14.04],[43.787,14.044],[43.787,14.046],[43.788,14.044],[43.79,14.045],[43.8,14.056],[43.808,14.059],[43.803,14.065],[43.775,14.068]]]}},{"type":"Feature","properties":{"id":"al-odayn","name":"Al Odayn","gov":"YE-IB","km2":359,"c":[13.971,43.935]},"geometry":{"type":"Polygon","coordinates":[[[44.054,14.012],[44.045,14.008],[44.042,14.009],[44.039,14.013],[44.028,14.021],[44.025,14.031],[44.018,14.035],[44.007,14.029],[44.007,14.017],[43.997,14.003],[43.99,13.999],[43.982,13.986],[43.98,13.986],[43.973,13.997],[43.969,13.999],[43.962,14.008],[43.961,14.014],[43.956,14.014],[43.952,14.011],[43.935,13.994],[43.929,13.991],[43.926,13.994],[43.926,13.997],[43.918,13.998],[43.915,13.999],[43.907,14.01],[43.904,14.01],[43.902,14.007],[43.898,14.012],[43.905,14.026],[43.916,14.041],[43.91,14.054],[43.905,14.06],[43.912,14.077],[43.924,14.09],[43.926,14.098],[43.929,14.103],[43.935,14.116],[43.935,14.122],[43.932,14.125],[43.931,14.135],[43.925,14.138],[43.914,14.132],[43.911,14.127],[43.908,14.109],[43.903,14.097],[43.87,14.08],[43.854,14.064],[43.842,14.058],[43.831,14.056],[43.821,14.055],[43.816,14.059],[43.808,14.059],[43.8,14.056],[43.79,14.045],[43.788,14.044],[43.787,14.046],[43.787,14.044],[43.783,14.04],[43.784,14.039],[43.788,14.041],[43.79,14.038],[43.793,14.032],[43.799,14.032],[43.799,14.03],[43.796,14.03],[43.797,14.027],[43.803,14.026],[43.829,14.009],[43.851,13.998],[43.89,13.99],[43.903,13.992],[43.908,13.99],[43.913,13.985],[43.914,13.979],[43.908,13.968],[43.899,13.973],[43.896,13.974],[43.889,13.972],[43.866,13.964],[43.867,13.961],[43.87,13.96],[43.868,13.949],[43.861,13.938],[43.849,13.925],[43.848,13.921],[43.851,13.917],[43.856,13.916],[43.857,13.906],[43.867,13.9],[43.864,13.891],[43.869,13.881],[43.869,13.88],[43.863,13.873],[43.864,13.866],[43.867,13.866],[43.866,13.862],[43.874,13.859],[43.881,13.854],[43.884,13.854],[43.886,13.851],[43.886,13.851],[43.89,13.851],[43.89,13.852],[43.891,13.854],[43.902,13.855],[43.905,13.857],[43.907,13.866],[43.91,13.869],[43.915,13.871],[43.926,13.87],[43.93,13.878],[43.93,13.882],[43.928,13.887],[43.927,13.898],[43.932,13.898],[43.943,13.905],[43.947,13.903],[43.952,13.905],[43.953,13.9],[43.957,13.901],[43.959,13.904],[43.958,13.907],[43.961,13.909],[43.964,13.91],[43.966,13.913],[43.971,13.911],[43.972,13.902],[43.975,13.9],[43.981,13.902],[43.987,13.907],[43.992,13.908],[44.004,13.907],[44.003,13.922],[44.006,13.928],[44.009,13.921],[44.019,13.917],[44.022,13.915],[44.027,13.917],[44.029,13.925],[44.038,13.929],[44.049,13.927],[44.053,13.927],[44.068,13.922],[44.068,13.92],[44.072,13.919],[44.078,13.92],[44.086,13.923],[44.092,13.924],[44.094,13.927],[44.085,13.936],[44.086,13.946],[44.083,13.946],[44.082,13.951],[44.074,13.959],[44.061,13.963],[44.059,13.967],[44.057,13.968],[44.06,13.987],[44.062,13.992],[44.051,13.998],[44.049,13.998],[44.047,14.002],[44.049,14.005],[44.055,14.007],[44.054,14.012]]]}},{"type":"Feature","properties":{"id":"jiblah","name":"Jiblah","gov":"YE-IB","km2":122,"c":[13.917,44.124]},"geometry":{"type":"Polygon","coordinates":[[[44.12,13.975],[44.11,13.972],[44.106,13.969],[44.104,13.965],[44.086,13.946],[44.085,13.936],[44.094,13.927],[44.092,13.924],[44.086,13.923],[44.078,13.92],[44.072,13.919],[44.068,13.92],[44.068,13.922],[44.053,13.927],[44.049,13.927],[44.038,13.929],[44.029,13.925],[44.027,13.917],[44.03,13.907],[44.035,13.9],[44.041,13.895],[44.049,13.895],[44.063,13.885],[44.069,13.877],[44.069,13.872],[44.074,13.868],[44.078,13.87],[44.102,13.851],[44.109,13.857],[44.112,13.864],[44.12,13.865],[44.133,13.869],[44.139,13.875],[44.146,13.874],[44.159,13.884],[44.164,13.883],[44.167,13.879],[44.165,13.875],[44.167,13.874],[44.168,13.873],[44.172,13.874],[44.176,13.884],[44.174,13.903],[44.177,13.906],[44.182,13.907],[44.201,13.909],[44.216,13.927],[44.199,13.937],[44.196,13.94],[44.187,13.941],[44.186,13.939],[44.18,13.937],[44.181,13.936],[44.178,13.932],[44.179,13.93],[44.176,13.93],[44.174,13.933],[44.172,13.932],[44.169,13.927],[44.157,13.93],[44.156,13.932],[44.145,13.936],[44.141,13.94],[44.141,13.945],[44.139,13.943],[44.12,13.95],[44.119,13.957],[44.125,13.962],[44.127,13.968],[44.125,13.971],[44.122,13.971],[44.12,13.975]]]}},{"type":"Feature","properties":{"id":"ba-dan","name":"Ba'dan","gov":"YE-IB","km2":250,"c":[13.966,44.34]},"geometry":{"type":"Polygon","coordinates":[[[44.299,13.909],[44.308,13.915],[44.312,13.919],[44.309,13.926],[44.311,13.928],[44.313,13.927],[44.313,13.929],[44.307,13.939],[44.303,13.943],[44.295,13.946],[44.279,13.949],[44.276,13.952],[44.275,13.959],[44.272,13.965],[44.272,13.973],[44.275,13.976],[44.283,13.974],[44.301,13.972],[44.318,13.98],[44.325,13.977],[44.332,13.97],[44.338,13.967],[44.343,13.956],[44.348,13.953],[44.364,13.951],[44.363,13.945],[44.36,13.945],[44.363,13.94],[44.363,13.929],[44.365,13.927],[44.375,13.924],[44.378,13.92],[44.392,13.919],[44.396,13.92],[44.397,13.918],[44.395,13.917],[44.395,13.911],[44.399,13.906],[44.412,13.9],[44.434,13.893],[44.434,13.886],[44.449,13.887],[44.474,13.892],[44.475,13.896],[44.472,13.903],[44.46,13.914],[44.46,13.922],[44.454,13.927],[44.451,13.937],[44.446,13.943],[44.448,13.946],[44.461,13.961],[44.452,13.974],[44.439,13.967],[44.427,13.969],[44.417,13.967],[44.401,13.98],[44.401,13.982],[44.404,13.982],[44.41,13.98],[44.41,13.986],[44.401,13.994],[44.396,14.006],[44.39,14.01],[44.38,14.011],[44.378,14.013],[44.37,14.012],[44.371,14.006],[44.371,13.999],[44.368,13.991],[44.362,13.987],[44.358,13.988],[44.357,13.992],[44.349,13.997],[44.332,14.014],[44.306,14.028],[44.304,14.032],[44.306,14.033],[44.311,14.044],[44.309,14.05],[44.297,14.062],[44.29,14.065],[44.284,14.076],[44.284,14.078],[44.279,14.077],[44.271,14.091],[44.261,14.085],[44.251,14.083],[44.24,14.078],[44.235,14.074],[44.234,14.07],[44.238,14.069],[44.244,14.066],[44.243,14.06],[44.25,14.059],[44.252,14.056],[44.253,14.052],[44.251,14.05],[44.242,14.049],[44.235,14.043],[44.23,14.043],[44.218,14.041],[44.2,14.041],[44.188,14.046],[44.186,14.041],[44.189,14.037],[44.205,14.03],[44.216,14.016],[44.24,13.992],[44.237,13.987],[44.239,13.982],[44.244,13.978],[44.246,13.974],[44.242,13.968],[44.23,13.959],[44.224,13.951],[44.226,13.948],[44.232,13.946],[44.235,13.944],[44.236,13.937],[44.24,13.936],[44.251,13.946],[44.255,13.948],[44.258,13.947],[44.265,13.937],[44.271,13.923],[44.275,13.917],[44.28,13.913],[44.299,13.909]]]}},{"type":"Feature","properties":{"id":"as-sabrah","name":"As Sabrah","gov":"YE-IB","km2":332,"c":[13.863,44.326]},"geometry":{"type":"Polygon","coordinates":[[[44.262,13.881],[44.259,13.881],[44.26,13.867],[44.266,13.844],[44.274,13.842],[44.275,13.84],[44.274,13.834],[44.291,13.824],[44.29,13.816],[44.283,13.816],[44.277,13.812],[44.261,13.812],[44.256,13.81],[44.25,13.805],[44.253,13.772],[44.252,13.76],[44.241,13.75],[44.244,13.741],[44.236,13.739],[44.244,13.741],[44.256,13.735],[44.262,13.727],[44.266,13.716],[44.27,13.712],[44.275,13.709],[44.299,13.705],[44.323,13.706],[44.353,13.737],[44.362,13.749],[44.37,13.76],[44.37,13.769],[44.371,13.775],[44.38,13.786],[44.381,13.794],[44.381,13.795],[44.376,13.794],[44.373,13.795],[44.366,13.803],[44.366,13.809],[44.372,13.829],[44.376,13.832],[44.383,13.833],[44.404,13.826],[44.408,13.827],[44.41,13.836],[44.405,13.84],[44.404,13.847],[44.406,13.851],[44.405,13.855],[44.407,13.86],[44.415,13.864],[44.43,13.884],[44.434,13.886],[44.434,13.893],[44.412,13.9],[44.399,13.906],[44.395,13.911],[44.395,13.917],[44.397,13.918],[44.396,13.92],[44.392,13.919],[44.378,13.92],[44.375,13.924],[44.365,13.927],[44.363,13.929],[44.363,13.94],[44.36,13.945],[44.363,13.945],[44.364,13.951],[44.348,13.953],[44.343,13.956],[44.338,13.967],[44.332,13.97],[44.325,13.977],[44.318,13.98],[44.301,13.972],[44.283,13.974],[44.275,13.976],[44.272,13.973],[44.272,13.965],[44.275,13.959],[44.276,13.952],[44.279,13.949],[44.295,13.946],[44.303,13.943],[44.307,13.939],[44.313,13.929],[44.313,13.927],[44.311,13.928],[44.309,13.926],[44.312,13.919],[44.308,13.915],[44.299,13.909],[44.303,13.905],[44.306,13.897],[44.295,13.878],[44.291,13.879],[44.288,13.883],[44.283,13.883],[44.282,13.88],[44.276,13.878],[44.266,13.878],[44.263,13.879],[44.262,13.881]],[[44.331,13.841],[44.323,13.848],[44.332,13.858],[44.342,13.851],[44.352,13.849],[44.357,13.845],[44.357,13.833],[44.361,13.83],[44.345,13.814],[44.34,13.814],[44.34,13.817],[44.338,13.819],[44.335,13.819],[44.334,13.817],[44.331,13.817],[44.331,13.841]]]}},{"type":"Feature","properties":{"id":"zinjibar","name":"Zinjibar","gov":"YE-AB","km2":127,"c":[13.148,45.412]},"geometry":{"type":"Polygon","coordinates":[[[45.517,13.221],[45.431,13.215],[45.428,13.212],[45.421,13.187],[45.413,13.176],[45.407,13.171],[45.388,13.16],[45.373,13.153],[45.361,13.152],[45.357,13.15],[45.356,13.147],[45.361,13.14],[45.359,13.126],[45.36,13.124],[45.37,13.12],[45.367,13.109],[45.376,13.097],[45.381,13.079],[45.392,13.065],[45.435,13.111],[45.432,13.116],[45.437,13.113],[45.453,13.128],[45.47,13.152],[45.47,13.154],[45.493,13.19],[45.517,13.221]]]}},{"type":"Feature","properties":{"id":"khanfar","name":"Khanfar","gov":"YE-AB","km2":3793,"c":[13.37,45.731]},"geometry":{"type":"Polygon","coordinates":[[[45.517,13.221],[45.554,13.262],[45.584,13.289],[45.584,13.291],[45.602,13.304],[45.641,13.339],[45.658,13.349],[45.678,13.355],[45.696,13.356],[45.707,13.355],[45.71,13.356],[45.727,13.36],[45.74,13.367],[45.743,13.365],[45.748,13.368],[45.762,13.37],[45.776,13.375],[45.779,13.374],[45.804,13.384],[45.812,13.383],[45.83,13.388],[45.836,13.388],[45.862,13.397],[45.867,13.398],[45.872,13.396],[45.878,13.397],[45.884,13.395],[45.9,13.397],[45.909,13.396],[45.916,13.401],[45.94,13.407],[45.967,13.407],[45.99,13.415],[46.021,13.42],[46.045,13.42],[46.062,13.417],[46.071,13.414],[46.084,13.413],[46.092,13.417],[46.098,13.416],[46.108,13.418],[46.12,13.418],[46.133,13.421],[46.161,13.42],[46.179,13.425],[46.206,13.426],[46.224,13.432],[46.249,13.434],[46.265,13.431],[46.275,13.432],[46.289,13.428],[46.297,13.424],[46.299,13.425],[46.306,13.425],[46.317,13.424],[46.334,13.419],[46.339,13.42],[46.342,13.417],[46.349,13.418],[46.351,13.417],[46.352,13.414],[46.356,13.413],[46.361,13.415],[46.371,13.415],[46.373,13.413],[46.373,13.411],[46.375,13.414],[46.383,13.414],[46.392,13.417],[46.38,13.437],[46.368,13.465],[46.361,13.489],[46.36,13.499],[46.359,13.522],[46.371,13.574],[46.369,13.627],[46.364,13.655],[46.358,13.667],[46.341,13.695],[46.324,13.714],[46.311,13.723],[46.299,13.728],[46.28,13.731],[46.278,13.722],[46.266,13.697],[46.244,13.675],[46.09,13.59],[46.037,13.57],[45.958,13.548],[45.845,13.515],[45.809,13.494],[45.799,13.489],[45.795,13.489],[45.792,13.495],[45.782,13.504],[45.766,13.505],[45.761,13.506],[45.755,13.509],[45.74,13.523],[45.731,13.535],[45.722,13.544],[45.71,13.569],[45.703,13.6],[45.697,13.62],[45.692,13.625],[45.684,13.627],[45.676,13.626],[45.669,13.623],[45.662,13.616],[45.649,13.616],[45.618,13.612],[45.584,13.603],[45.58,13.601],[45.56,13.582],[45.501,13.537],[45.463,13.512],[45.439,13.501],[45.426,13.491],[45.417,13.483],[45.397,13.469],[45.347,13.443],[45.335,13.439],[45.286,13.434],[45.277,13.432],[45.246,13.416],[45.242,13.416],[45.241,13.407],[45.248,13.404],[45.254,13.391],[45.258,13.386],[45.258,13.382],[45.255,13.38],[45.233,13.38],[45.144,13.39],[45.144,13.355],[45.147,13.343],[45.157,13.33],[45.171,13.308],[45.171,13.287],[45.168,13.276],[45.156,13.256],[45.128,13.227],[45.11,13.199],[45.107,13.186],[45.095,12.956],[45.096,12.936],[45.108,12.955],[45.128,12.977],[45.146,12.99],[45.178,13.006],[45.209,13.018],[45.26,13.033],[45.29,13.04],[45.325,13.046],[45.325,13.05],[45.327,13.049],[45.325,13.046],[45.363,13.052],[45.373,13.056],[45.376,13.055],[45.385,13.06],[45.387,13.062],[45.386,13.064],[45.387,13.062],[45.387,13.066],[45.39,13.064],[45.392,13.065],[45.381,13.079],[45.376,13.097],[45.367,13.109],[45.37,13.12],[45.36,13.124],[45.359,13.126],[45.361,13.14],[45.356,13.147],[45.357,13.15],[45.361,13.152],[45.373,13.153],[45.388,13.16],[45.407,13.171],[45.413,13.176],[45.421,13.187],[45.428,13.212],[45.431,13.215],[45.517,13.221]]]}},{"type":"Feature","properties":{"id":"as-saiyani","name":"As Saiyani","gov":"YE-IB","km2":243,"c":[13.831,44.211]},"geometry":{"type":"MultiPolygon","coordinates":[[[[44.331,13.841],[44.331,13.817],[44.334,13.817],[44.335,13.819],[44.338,13.819],[44.34,13.817],[44.34,13.814],[44.345,13.814],[44.361,13.83],[44.357,13.833],[44.357,13.845],[44.352,13.849],[44.342,13.851],[44.332,13.858],[44.323,13.848],[44.331,13.841]]],[[[44.23,13.919],[44.216,13.927],[44.201,13.909],[44.182,13.907],[44.177,13.906],[44.174,13.903],[44.176,13.884],[44.172,13.874],[44.168,13.873],[44.167,13.874],[44.165,13.875],[44.167,13.879],[44.164,13.883],[44.159,13.884],[44.146,13.874],[44.139,13.875],[44.133,13.869],[44.135,13.838],[44.141,13.815],[44.149,13.814],[44.15,13.804],[44.144,13.793],[44.145,13.79],[44.151,13.785],[44.154,13.77],[44.164,13.76],[44.165,13.75],[44.171,13.749],[44.183,13.733],[44.193,13.728],[44.197,13.723],[44.198,13.718],[44.203,13.718],[44.211,13.722],[44.223,13.734],[44.236,13.739],[44.244,13.741],[44.241,13.75],[44.252,13.76],[44.253,13.772],[44.25,13.805],[44.256,13.81],[44.261,13.812],[44.277,13.812],[44.283,13.816],[44.29,13.816],[44.291,13.824],[44.274,13.834],[44.275,13.84],[44.274,13.842],[44.266,13.844],[44.26,13.867],[44.259,13.881],[44.262,13.881],[44.263,13.886],[44.265,13.887],[44.266,13.892],[44.264,13.896],[44.26,13.898],[44.255,13.903],[44.254,13.907],[44.23,13.919]]]]}},{"type":"Feature","properties":{"id":"old-city","name":"Old City","gov":"YE-SA","km2":2,"c":[15.355,44.213]},"geometry":{"type":"Polygon","coordinates":[[[44.206,15.348],[44.211,15.35],[44.222,15.353],[44.223,15.356],[44.219,15.362],[44.215,15.36],[44.208,15.36],[44.207,15.36],[44.206,15.348]]]}},{"type":"Feature","properties":{"id":"dhi-as-sufal","name":"Dhi As Sufal","gov":"YE-IB","km2":190,"c":[13.827,44.072]},"geometry":{"type":"Polygon","coordinates":[[[44.019,13.917],[44.015,13.904],[44.012,13.884],[44.012,13.867],[44.014,13.86],[44.011,13.854],[44.01,13.845],[44.006,13.839],[44.007,13.83],[44.003,13.824],[44,13.821],[43.995,13.814],[43.982,13.8],[44,13.785],[44.011,13.78],[44.026,13.776],[44.039,13.769],[44.058,13.767],[44.077,13.771],[44.079,13.774],[44.08,13.781],[44.085,13.785],[44.089,13.783],[44.092,13.774],[44.099,13.767],[44.118,13.755],[44.126,13.747],[44.14,13.747],[44.147,13.749],[44.165,13.75],[44.164,13.76],[44.154,13.77],[44.151,13.785],[44.145,13.79],[44.144,13.793],[44.15,13.804],[44.149,13.814],[44.141,13.815],[44.135,13.838],[44.133,13.869],[44.12,13.865],[44.112,13.864],[44.109,13.857],[44.102,13.851],[44.078,13.87],[44.074,13.868],[44.069,13.872],[44.069,13.877],[44.063,13.885],[44.049,13.895],[44.041,13.895],[44.035,13.9],[44.03,13.907],[44.027,13.917],[44.022,13.915],[44.019,13.917]]]}},{"type":"Feature","properties":{"id":"mudhaykhirah","name":"Mudhaykhirah","gov":"YE-IB","km2":118,"c":[13.854,43.959]},"geometry":{"type":"MultiPolygon","coordinates":[[[[43.866,13.862],[43.861,13.857],[43.859,13.845],[43.848,13.843],[43.847,13.841],[43.847,13.838],[43.852,13.83],[43.858,13.82],[43.86,13.82],[43.876,13.835],[43.883,13.839],[43.888,13.844],[43.89,13.846],[43.89,13.85],[43.89,13.851],[43.89,13.852],[43.89,13.851],[43.886,13.851],[43.886,13.851],[43.884,13.854],[43.881,13.854],[43.874,13.859],[43.866,13.862]]],[[[43.926,13.87],[43.933,13.862],[43.937,13.853],[43.938,13.838],[43.936,13.825],[43.926,13.819],[43.915,13.823],[43.907,13.823],[43.909,13.815],[43.909,13.799],[43.912,13.794],[43.913,13.796],[43.915,13.794],[43.919,13.796],[43.919,13.793],[43.922,13.796],[43.928,13.794],[43.929,13.796],[43.93,13.794],[43.932,13.793],[43.934,13.795],[43.938,13.792],[43.953,13.795],[43.962,13.795],[43.965,13.794],[43.967,13.791],[43.973,13.79],[43.982,13.8],[43.995,13.814],[44,13.821],[44.003,13.824],[44.007,13.83],[44.006,13.839],[44.01,13.845],[44.011,13.854],[44.014,13.86],[44.012,13.867],[44.012,13.884],[44.015,13.904],[44.019,13.917],[44.009,13.921],[44.006,13.928],[44.003,13.922],[44.004,13.907],[43.992,13.908],[43.987,13.907],[43.981,13.902],[43.975,13.9],[43.972,13.902],[43.971,13.911],[43.966,13.913],[43.964,13.91],[43.961,13.909],[43.958,13.907],[43.959,13.904],[43.957,13.901],[43.953,13.9],[43.952,13.905],[43.947,13.903],[43.943,13.905],[43.932,13.898],[43.927,13.898],[43.928,13.887],[43.93,13.882],[43.93,13.878],[43.926,13.87]]]]}},{"type":"Feature","properties":{"id":"jihanah","name":"Jihanah","gov":"YE-SN","km2":524,"c":[15.19,44.521]},"geometry":{"type":"Polygon","coordinates":[[[44.627,15.059],[44.618,15.084],[44.614,15.112],[44.596,15.142],[44.578,15.158],[44.655,15.174],[44.635,15.19],[44.619,15.199],[44.595,15.207],[44.573,15.227],[44.57,15.24],[44.573,15.251],[44.581,15.251],[44.598,15.267],[44.598,15.28],[44.59,15.286],[44.591,15.296],[44.585,15.296],[44.556,15.307],[44.515,15.311],[44.431,15.327],[44.424,15.312],[44.415,15.3],[44.421,15.289],[44.414,15.266],[44.409,15.24],[44.393,15.222],[44.388,15.171],[44.397,15.152],[44.411,15.149],[44.427,15.148],[44.427,15.129],[44.432,15.104],[44.437,15.106],[44.448,15.104],[44.469,15.073],[44.487,15.076],[44.507,15.095],[44.531,15.09],[44.611,15.057],[44.627,15.059]]]}},{"type":"Feature","properties":{"id":"al-mashannah","name":"Al Mashannah","gov":"YE-IB","km2":23,"c":[13.952,44.182]},"geometry":{"type":"Polygon","coordinates":[[[44.141,13.945],[44.141,13.94],[44.145,13.936],[44.156,13.932],[44.157,13.93],[44.169,13.927],[44.172,13.932],[44.174,13.933],[44.176,13.93],[44.179,13.93],[44.178,13.932],[44.181,13.936],[44.18,13.937],[44.186,13.939],[44.187,13.941],[44.196,13.94],[44.199,13.937],[44.216,13.927],[44.23,13.919],[44.232,13.923],[44.23,13.935],[44.226,13.935],[44.205,13.942],[44.199,13.952],[44.198,13.96],[44.194,13.964],[44.194,13.967],[44.199,13.974],[44.199,13.978],[44.194,13.979],[44.192,13.985],[44.193,13.987],[44.192,13.988],[44.189,13.987],[44.191,13.98],[44.188,13.979],[44.187,13.981],[44.185,13.981],[44.183,13.979],[44.184,13.975],[44.181,13.964],[44.181,13.958],[44.179,13.952],[44.176,13.95],[44.177,13.949],[44.168,13.948],[44.167,13.954],[44.15,13.957],[44.15,13.959],[44.141,13.959],[44.14,13.953],[44.141,13.945]]]}},{"type":"Feature","properties":{"id":"al-mahfad","name":"Al Mahfad","gov":"YE-AB","km2":2151,"c":[14.071,46.797]},"geometry":{"type":"Polygon","coordinates":[[[47.011,14.152],[47.004,14.155],[46.988,14.142],[46.977,14.14],[46.974,14.14],[46.961,14.152],[46.956,14.161],[46.947,14.167],[46.937,14.17],[46.927,14.17],[46.916,14.171],[46.91,14.168],[46.903,14.171],[46.897,14.168],[46.876,14.17],[46.871,14.166],[46.867,14.166],[46.86,14.166],[46.852,14.172],[46.839,14.177],[46.829,14.173],[46.822,14.165],[46.815,14.163],[46.799,14.153],[46.794,14.158],[46.791,14.164],[46.786,14.168],[46.769,14.174],[46.763,14.175],[46.752,14.176],[46.712,14.177],[46.674,14.177],[46.64,14.17],[46.627,14.165],[46.617,14.159],[46.61,14.151],[46.598,14.127],[46.588,14.116],[46.582,14.112],[46.551,14.094],[46.514,14.082],[46.479,14.072],[46.444,14.067],[46.407,14.065],[46.393,14.067],[46.391,14.004],[46.385,13.983],[46.375,13.964],[46.374,13.954],[46.379,13.938],[46.389,13.92],[46.393,13.907],[46.394,13.894],[46.382,13.842],[46.396,13.848],[46.412,13.853],[46.444,13.856],[46.454,13.853],[46.514,13.846],[46.644,13.844],[46.69,13.852],[46.713,13.862],[46.728,13.875],[46.754,13.91],[46.767,13.931],[46.78,13.94],[46.801,13.943],[46.919,13.951],[47.196,13.961],[47.19,13.968],[47.191,13.993],[47.195,14.017],[47.192,14.03],[47.186,14.037],[47.167,14.051],[47.162,14.059],[47.138,14.083],[47.103,14.111],[47.099,14.116],[47.093,14.13],[47.09,14.133],[47.085,14.135],[47.073,14.134],[47.061,14.127],[47.051,14.125],[47.043,14.127],[47.029,14.134],[47.022,14.143],[47.02,14.149],[47.011,14.152]]]}},{"type":"Feature","properties":{"id":"bidbadah","name":"Bidbadah","gov":"YE-MA","km2":187,"c":[15.395,44.744]},"geometry":{"type":"Polygon","coordinates":[[[44.694,15.357],[44.694,15.351],[44.706,15.332],[44.722,15.323],[44.745,15.317],[44.757,15.322],[44.779,15.323],[44.79,15.327],[44.798,15.336],[44.803,15.345],[44.807,15.415],[44.804,15.426],[44.797,15.44],[44.79,15.447],[44.778,15.455],[44.764,15.466],[44.753,15.488],[44.748,15.488],[44.728,15.475],[44.702,15.456],[44.675,15.426],[44.681,15.419],[44.686,15.408],[44.695,15.385],[44.694,15.357]]]}},{"type":"Feature","properties":{"id":"mudiyah","name":"Mudiyah","gov":"YE-AB","km2":897,"c":[13.955,46.212]},"geometry":{"type":"Polygon","coordinates":[[[46.393,14.067],[46.384,14.069],[46.377,14.076],[46.374,14.076],[46.339,14.061],[46.313,14.054],[46.302,14.054],[46.296,14.058],[46.281,14.077],[46.279,14.083],[46.234,14.051],[46.212,14.032],[46.196,14.02],[46.175,14.014],[46.151,14.013],[46.139,14.013],[46.134,14.01],[46.13,14.003],[46.123,13.999],[46.082,13.986],[46.054,13.97],[46.038,13.958],[46.016,13.936],[46.008,13.923],[46.005,13.913],[46.004,13.902],[46.007,13.876],[46.01,13.868],[46.017,13.854],[46.023,13.846],[46.031,13.843],[46.037,13.836],[46.045,13.834],[46.08,13.828],[46.125,13.823],[46.16,13.816],[46.293,13.821],[46.316,13.823],[46.355,13.83],[46.382,13.842],[46.394,13.894],[46.393,13.907],[46.389,13.92],[46.379,13.938],[46.374,13.954],[46.375,13.964],[46.385,13.983],[46.391,14.004],[46.393,14.067]]]}},{"type":"Feature","properties":{"id":"jayshan","name":"Jayshan","gov":"YE-AB","km2":698,"c":[14.204,46.172]},"geometry":{"type":"Polygon","coordinates":[[[46.279,14.083],[46.338,14.142],[46.347,14.158],[46.346,14.19],[46.334,14.213],[46.316,14.24],[46.294,14.273],[46.284,14.292],[46.276,14.316],[46.272,14.322],[46.262,14.326],[46.241,14.321],[46.226,14.313],[46.219,14.305],[46.212,14.297],[46.205,14.295],[46.201,14.289],[46.191,14.283],[46.178,14.27],[46.174,14.269],[46.164,14.271],[46.155,14.281],[46.137,14.28],[46.127,14.285],[46.125,14.282],[46.12,14.269],[46.117,14.26],[46.117,14.253],[46.116,14.25],[46.101,14.239],[46.089,14.226],[46.074,14.217],[46.068,14.214],[46.061,14.213],[46.043,14.206],[46.031,14.196],[46.017,14.17],[46.009,14.133],[46.015,14.136],[46.053,14.131],[46.096,14.121],[46.11,14.115],[46.122,14.102],[46.13,14.079],[46.131,14.045],[46.151,14.013],[46.175,14.014],[46.196,14.02],[46.212,14.032],[46.234,14.051],[46.279,14.083]]]}},{"type":"Feature","properties":{"id":"sana-a-city-outskirts-hamdan","name":"Sana'a City Outskirts - Hamdan","gov":"YE-SA","km2":23,"c":[15.416,44.135]},"geometry":{"type":"Polygon","coordinates":[[[44.135,15.437],[44.131,15.435],[44.128,15.435],[44.126,15.429],[44.122,15.429],[44.122,15.425],[44.12,15.422],[44.117,15.42],[44.117,15.417],[44.114,15.414],[44.112,15.408],[44.108,15.406],[44.108,15.395],[44.114,15.394],[44.115,15.387],[44.133,15.39],[44.138,15.393],[44.145,15.393],[44.166,15.402],[44.165,15.404],[44.167,15.405],[44.164,15.41],[44.16,15.411],[44.158,15.421],[44.153,15.428],[44.153,15.431],[44.141,15.44],[44.14,15.44],[44.138,15.436],[44.135,15.437]]]}},{"type":"Feature","properties":{"id":"lawdar","name":"Lawdar","gov":"YE-AB","km2":2113,"c":[13.815,45.82]},"geometry":{"type":"Polygon","coordinates":[[[45.476,13.744],[45.496,13.727],[45.508,13.71],[45.513,13.697],[45.524,13.686],[45.534,13.659],[45.563,13.617],[45.58,13.601],[45.584,13.603],[45.618,13.612],[45.649,13.616],[45.662,13.616],[45.669,13.623],[45.676,13.626],[45.684,13.627],[45.692,13.625],[45.697,13.62],[45.703,13.6],[45.71,13.569],[45.722,13.544],[45.731,13.535],[45.74,13.523],[45.755,13.509],[45.761,13.506],[45.766,13.505],[45.782,13.504],[45.792,13.495],[45.795,13.489],[45.799,13.489],[45.809,13.494],[45.845,13.515],[45.958,13.548],[45.904,13.647],[45.87,13.7],[45.86,13.721],[45.859,13.732],[45.867,13.74],[45.882,13.75],[45.903,13.756],[45.938,13.775],[45.953,13.78],[45.964,13.787],[45.978,13.804],[45.99,13.814],[46.031,13.843],[46.023,13.846],[46.017,13.854],[46.01,13.868],[46.007,13.876],[46.004,13.902],[46.005,13.913],[46.008,13.923],[46.016,13.936],[46.038,13.958],[46.054,13.97],[46.082,13.986],[46.123,13.999],[46.13,14.003],[46.134,14.01],[46.139,14.013],[46.151,14.013],[46.131,14.045],[46.13,14.079],[46.122,14.102],[46.11,14.115],[46.096,14.121],[46.053,14.131],[46.015,14.136],[46.009,14.133],[46.008,14.126],[46.001,14.116],[45.978,14.1],[45.966,14.094],[45.957,14.092],[45.956,14.091],[45.961,14.075],[45.964,14.058],[45.971,14.041],[45.958,14.021],[45.882,13.974],[45.828,13.942],[45.763,13.9],[45.714,13.854],[45.679,13.842],[45.64,13.835],[45.617,13.833],[45.588,13.846],[45.569,13.875],[45.56,13.896],[45.518,13.905],[45.502,13.9],[45.47,13.901],[45.474,13.894],[45.473,13.88],[45.502,13.825],[45.505,13.816],[45.491,13.776],[45.476,13.744]]]}},{"type":"Feature","properties":{"id":"rassd","name":"Rassd","gov":"YE-AB","km2":207,"c":[13.707,45.265]},"geometry":{"type":"Polygon","coordinates":[[[45.294,13.799],[45.27,13.798],[45.256,13.803],[45.252,13.8],[45.245,13.793],[45.237,13.767],[45.239,13.76],[45.243,13.754],[45.246,13.748],[45.246,13.741],[45.248,13.734],[45.255,13.722],[45.254,13.715],[45.243,13.706],[45.224,13.705],[45.19,13.692],[45.178,13.689],[45.173,13.684],[45.174,13.673],[45.173,13.659],[45.175,13.653],[45.181,13.65],[45.19,13.649],[45.209,13.654],[45.224,13.663],[45.236,13.673],[45.252,13.677],[45.255,13.676],[45.255,13.673],[45.241,13.664],[45.24,13.661],[45.252,13.657],[45.258,13.659],[45.267,13.655],[45.266,13.651],[45.267,13.647],[45.273,13.647],[45.276,13.648],[45.279,13.659],[45.297,13.66],[45.302,13.667],[45.311,13.668],[45.316,13.664],[45.331,13.667],[45.341,13.672],[45.368,13.694],[45.391,13.709],[45.379,13.737],[45.358,13.745],[45.337,13.762],[45.335,13.769],[45.331,13.772],[45.317,13.772],[45.301,13.778],[45.298,13.782],[45.294,13.799]]]}},{"type":"Feature","properties":{"id":"at-taffah","name":"At Taffah","gov":"YE-BA","km2":735,"c":[14.139,45.307]},"geometry":{"type":"Polygon","coordinates":[[[45.507,14.233],[45.508,14.275],[45.506,14.3],[45.502,14.327],[45.489,14.352],[45.481,14.335],[45.475,14.33],[45.462,14.325],[45.435,14.323],[45.425,14.309],[45.388,14.276],[45.378,14.26],[45.363,14.253],[45.355,14.255],[45.348,14.247],[45.332,14.242],[45.324,14.211],[45.3,14.182],[45.273,14.173],[45.259,14.193],[45.2,14.192],[45.169,14.176],[45.165,14.145],[45.168,14.136],[45.167,14.132],[45.162,14.124],[45.16,14.116],[45.16,14.108],[45.158,14.101],[45.151,14.084],[45.139,14.074],[45.135,14.064],[45.148,14.053],[45.149,14.041],[45.152,14.031],[45.152,13.98],[45.156,13.977],[45.163,13.982],[45.173,13.98],[45.18,13.978],[45.184,13.973],[45.192,13.973],[45.214,13.981],[45.234,13.983],[45.249,13.989],[45.26,13.995],[45.29,14.026],[45.317,14.041],[45.334,14.053],[45.355,14.058],[45.36,14.07],[45.367,14.075],[45.376,14.087],[45.388,14.097],[45.4,14.107],[45.409,14.118],[45.426,14.144],[45.444,14.168],[45.459,14.185],[45.469,14.192],[45.482,14.204],[45.507,14.233]]]}},{"type":"Feature","properties":{"id":"sarar","name":"Sarar","gov":"YE-AB","km2":882,"c":[13.561,45.32]},"geometry":{"type":"Polygon","coordinates":[[[45.391,13.709],[45.368,13.694],[45.341,13.672],[45.331,13.667],[45.316,13.664],[45.311,13.668],[45.302,13.667],[45.297,13.66],[45.279,13.659],[45.276,13.648],[45.283,13.648],[45.284,13.645],[45.274,13.631],[45.26,13.607],[45.235,13.592],[45.219,13.579],[45.183,13.542],[45.169,13.526],[45.169,13.519],[45.171,13.505],[45.177,13.501],[45.177,13.494],[45.182,13.489],[45.183,13.482],[45.178,13.477],[45.185,13.457],[45.182,13.451],[45.201,13.44],[45.205,13.435],[45.212,13.432],[45.223,13.436],[45.229,13.435],[45.231,13.433],[45.229,13.43],[45.229,13.423],[45.233,13.417],[45.242,13.416],[45.246,13.416],[45.277,13.432],[45.286,13.434],[45.335,13.439],[45.347,13.443],[45.397,13.469],[45.417,13.483],[45.426,13.491],[45.439,13.501],[45.463,13.512],[45.501,13.537],[45.56,13.582],[45.58,13.601],[45.563,13.617],[45.534,13.659],[45.524,13.686],[45.513,13.697],[45.508,13.71],[45.496,13.727],[45.476,13.744],[45.458,13.737],[45.415,13.729],[45.408,13.725],[45.391,13.709]]]}},{"type":"Feature","properties":{"id":"al-wadi","name":"Al Wadi'","gov":"YE-AB","km2":956,"c":[13.745,46.052]},"geometry":{"type":"Polygon","coordinates":[[[46.28,13.731],[46.293,13.796],[46.293,13.821],[46.16,13.816],[46.125,13.823],[46.08,13.828],[46.045,13.834],[46.037,13.836],[46.031,13.843],[45.99,13.814],[45.978,13.804],[45.964,13.787],[45.953,13.78],[45.938,13.775],[45.903,13.756],[45.882,13.75],[45.867,13.74],[45.859,13.732],[45.86,13.721],[45.87,13.7],[45.904,13.647],[45.958,13.548],[46.037,13.57],[46.09,13.59],[46.244,13.675],[46.266,13.697],[46.278,13.722],[46.28,13.731]]]}},{"type":"Feature","properties":{"id":"ahwar","name":"Ahwar","gov":"YE-AB","km2":4281,"c":[13.659,46.767]},"geometry":{"type":"Polygon","coordinates":[[[46.392,13.417],[46.401,13.418],[46.419,13.418],[46.429,13.416],[46.432,13.414],[46.432,13.412],[46.44,13.409],[46.444,13.406],[46.452,13.41],[46.471,13.414],[46.496,13.416],[46.498,13.415],[46.525,13.42],[46.53,13.419],[46.533,13.421],[46.555,13.428],[46.607,13.438],[46.619,13.438],[46.649,13.436],[46.682,13.426],[46.689,13.426],[46.699,13.428],[46.736,13.446],[46.831,13.483],[46.85,13.495],[46.888,13.523],[46.9,13.53],[46.92,13.539],[46.953,13.547],[46.968,13.549],[46.991,13.556],[47.012,13.559],[47.046,13.567],[47.082,13.571],[47.099,13.579],[47.112,13.584],[47.14,13.589],[47.167,13.597],[47.191,13.6],[47.191,13.609],[47.205,13.647],[47.218,13.674],[47.219,13.695],[47.217,13.712],[47.214,13.718],[47.208,13.727],[47.19,13.742],[47.187,13.746],[47.187,13.748],[47.19,13.756],[47.189,13.771],[47.179,13.788],[47.179,13.799],[47.184,13.83],[47.195,13.844],[47.197,13.863],[47.218,13.882],[47.222,13.893],[47.228,13.893],[47.231,13.906],[47.224,13.919],[47.214,13.927],[47.209,13.936],[47.207,13.946],[47.204,13.952],[47.196,13.961],[46.919,13.951],[46.801,13.943],[46.78,13.94],[46.767,13.931],[46.754,13.91],[46.728,13.875],[46.713,13.862],[46.69,13.852],[46.644,13.844],[46.514,13.846],[46.454,13.853],[46.444,13.856],[46.412,13.853],[46.396,13.848],[46.382,13.842],[46.355,13.83],[46.316,13.823],[46.293,13.821],[46.293,13.796],[46.28,13.731],[46.299,13.728],[46.311,13.723],[46.324,13.714],[46.341,13.695],[46.358,13.667],[46.364,13.655],[46.369,13.627],[46.371,13.574],[46.359,13.522],[46.36,13.499],[46.361,13.489],[46.368,13.465],[46.38,13.437],[46.392,13.417]]]}},{"type":"Feature","properties":{"id":"shu-ub","name":"Shu'ub","gov":"YE-SA","km2":17,"c":[15.379,44.228]},"geometry":{"type":"Polygon","coordinates":[[[44.215,15.36],[44.222,15.364],[44.226,15.37],[44.233,15.366],[44.233,15.363],[44.241,15.364],[44.242,15.361],[44.246,15.363],[44.249,15.368],[44.249,15.37],[44.247,15.374],[44.245,15.375],[44.243,15.39],[44.24,15.397],[44.231,15.408],[44.223,15.413],[44.221,15.413],[44.22,15.409],[44.214,15.411],[44.213,15.386],[44.211,15.384],[44.214,15.38],[44.205,15.377],[44.208,15.36],[44.215,15.36]]]}},{"type":"Feature","properties":{"id":"as-sawadiyah","name":"As Sawadiyah","gov":"YE-BA","km2":477,"c":[14.533,45.392]},"geometry":{"type":"MultiPolygon","coordinates":[[[[45.259,14.193],[45.276,14.24],[45.282,14.247],[45.287,14.272],[45.29,14.276],[45.301,14.283],[45.306,14.289],[45.311,14.304],[45.303,14.306],[45.306,14.318],[45.304,14.337],[45.308,14.354],[45.301,14.358],[45.294,14.364],[45.29,14.373],[45.285,14.379],[45.282,14.38],[45.276,14.382],[45.262,14.382],[45.223,14.386],[45.209,14.386],[45.193,14.359],[45.174,14.332],[45.201,14.227],[45.201,14.193],[45.2,14.192],[45.259,14.193]]],[[[45.363,14.42],[45.381,14.428],[45.422,14.468],[45.454,14.472],[45.476,14.483],[45.463,14.495],[45.462,14.521],[45.461,14.596],[45.45,14.598],[45.439,14.602],[45.432,14.608],[45.419,14.63],[45.412,14.635],[45.404,14.635],[45.399,14.629],[45.384,14.596],[45.373,14.581],[45.365,14.578],[45.354,14.577],[45.318,14.577],[45.315,14.555],[45.316,14.53],[45.334,14.468],[45.34,14.428],[45.346,14.43],[45.35,14.429],[45.363,14.42]]]]}},{"type":"Feature","properties":{"id":"azaal","name":"Azaal","gov":"YE-SA","km2":9,"c":[15.357,44.232]},"geometry":{"type":"Polygon","coordinates":[[[44.223,15.356],[44.226,15.35],[44.221,15.348],[44.223,15.342],[44.23,15.344],[44.263,15.344],[44.26,15.361],[44.246,15.363],[44.242,15.361],[44.241,15.364],[44.233,15.363],[44.233,15.366],[44.226,15.37],[44.222,15.364],[44.215,15.36],[44.219,15.362],[44.223,15.356]]]}},{"type":"Feature","properties":{"id":"az-zahir","name":"Az Zahir","gov":"YE-BA","km2":187,"c":[13.996,45.415]},"geometry":{"type":"Polygon","coordinates":[[[45.47,13.901],[45.468,13.922],[45.468,13.93],[45.471,13.936],[45.481,13.949],[45.486,13.966],[45.493,13.977],[45.494,14.034],[45.478,14.029],[45.449,14.028],[45.436,14.03],[45.428,14.033],[45.421,14.041],[45.409,14.061],[45.405,14.064],[45.388,14.097],[45.376,14.087],[45.367,14.075],[45.36,14.07],[45.355,14.058],[45.362,14.057],[45.369,14.054],[45.373,14.048],[45.37,14.034],[45.371,14.027],[45.381,14.008],[45.382,14.001],[45.383,13.986],[45.383,13.972],[45.376,13.929],[45.377,13.923],[45.381,13.911],[45.395,13.906],[45.423,13.903],[45.457,13.903],[45.47,13.901]]]}},{"type":"Feature","properties":{"id":"as-safiyah","name":"As Safiyah","gov":"YE-SA","km2":8,"c":[15.342,44.225]},"geometry":{"type":"Polygon","coordinates":[[[44.211,15.35],[44.211,15.347],[44.214,15.346],[44.212,15.34],[44.211,15.34],[44.21,15.335],[44.222,15.337],[44.225,15.33],[44.229,15.332],[44.228,15.333],[44.23,15.334],[44.231,15.332],[44.265,15.334],[44.263,15.344],[44.23,15.344],[44.223,15.342],[44.221,15.348],[44.226,15.35],[44.223,15.356],[44.222,15.353],[44.211,15.35]]]}},{"type":"Feature","properties":{"id":"as-sab-in","name":"As Sab'in","gov":"YE-SA","km2":51,"c":[15.31,44.194]},"geometry":{"type":"Polygon","coordinates":[[[44.21,15.335],[44.199,15.335],[44.199,15.32],[44.183,15.331],[44.18,15.327],[44.18,15.325],[44.178,15.325],[44.176,15.325],[44.174,15.322],[44.17,15.314],[44.167,15.313],[44.163,15.316],[44.16,15.316],[44.158,15.312],[44.151,15.317],[44.146,15.315],[44.15,15.311],[44.147,15.309],[44.15,15.306],[44.14,15.304],[44.14,15.295],[44.154,15.295],[44.156,15.296],[44.161,15.287],[44.164,15.286],[44.17,15.287],[44.172,15.286],[44.172,15.288],[44.17,15.29],[44.173,15.293],[44.177,15.294],[44.193,15.293],[44.203,15.29],[44.211,15.283],[44.224,15.276],[44.231,15.276],[44.244,15.28],[44.237,15.301],[44.247,15.305],[44.253,15.299],[44.257,15.303],[44.255,15.307],[44.261,15.325],[44.266,15.329],[44.265,15.334],[44.231,15.332],[44.23,15.334],[44.228,15.333],[44.229,15.332],[44.225,15.33],[44.222,15.337],[44.21,15.335]]]}},{"type":"Feature","properties":{"id":"dhi-na-im","name":"Dhi Na'im","gov":"YE-BA","km2":169,"c":[14.098,45.462]},"geometry":{"type":"Polygon","coordinates":[[[45.388,14.097],[45.405,14.064],[45.409,14.061],[45.421,14.041],[45.428,14.033],[45.436,14.03],[45.449,14.028],[45.478,14.029],[45.494,14.034],[45.494,14.043],[45.499,14.047],[45.515,14.067],[45.524,14.081],[45.527,14.091],[45.518,14.115],[45.506,14.134],[45.504,14.144],[45.505,14.153],[45.502,14.159],[45.488,14.175],[45.469,14.192],[45.459,14.185],[45.444,14.168],[45.426,14.144],[45.409,14.118],[45.4,14.107],[45.388,14.097]]]}},{"type":"Feature","properties":{"id":"al-wehdah","name":"Al Wehdah","gov":"YE-SA","km2":8,"c":[15.338,44.196]},"geometry":{"type":"Polygon","coordinates":[[[44.206,15.348],[44.198,15.345],[44.19,15.344],[44.159,15.34],[44.177,15.329],[44.178,15.325],[44.18,15.325],[44.18,15.327],[44.183,15.331],[44.199,15.32],[44.199,15.335],[44.21,15.335],[44.211,15.34],[44.212,15.34],[44.214,15.346],[44.211,15.347],[44.211,15.35],[44.206,15.348]]]}},{"type":"Feature","properties":{"id":"at-tahrir","name":"At Tahrir","gov":"YE-SA","km2":3,"c":[15.353,44.197]},"geometry":{"type":"Polygon","coordinates":[[[44.207,15.36],[44.192,15.363],[44.193,15.356],[44.192,15.352],[44.189,15.352],[44.19,15.344],[44.198,15.345],[44.206,15.348],[44.207,15.36]]]}},{"type":"Feature","properties":{"id":"ma-in","name":"Ma'in","gov":"YE-SA","km2":28,"c":[15.382,44.169]},"geometry":{"type":"Polygon","coordinates":[[[44.145,15.393],[44.145,15.388],[44.149,15.373],[44.149,15.355],[44.149,15.342],[44.152,15.342],[44.152,15.338],[44.154,15.337],[44.156,15.339],[44.157,15.342],[44.159,15.34],[44.19,15.344],[44.189,15.352],[44.192,15.352],[44.193,15.356],[44.192,15.363],[44.189,15.365],[44.19,15.369],[44.178,15.374],[44.172,15.392],[44.181,15.402],[44.186,15.41],[44.18,15.413],[44.179,15.416],[44.178,15.414],[44.174,15.417],[44.17,15.415],[44.169,15.419],[44.171,15.421],[44.167,15.42],[44.158,15.421],[44.16,15.411],[44.164,15.41],[44.167,15.405],[44.165,15.404],[44.166,15.402],[44.145,15.393]]]}},{"type":"Feature","properties":{"id":"ath-thawrah","name":"Ath Thawrah","gov":"YE-SA","km2":21,"c":[15.39,44.198]},"geometry":{"type":"Polygon","coordinates":[[[44.208,15.36],[44.205,15.377],[44.214,15.38],[44.211,15.384],[44.213,15.386],[44.214,15.411],[44.214,15.421],[44.204,15.42],[44.195,15.422],[44.192,15.422],[44.188,15.419],[44.186,15.41],[44.181,15.402],[44.172,15.392],[44.178,15.374],[44.19,15.369],[44.189,15.365],[44.192,15.363],[44.207,15.36],[44.208,15.36]]]}},{"type":"Feature","properties":{"id":"bani-al-harith","name":"Bani Al Harith","gov":"YE-SA","km2":285,"c":[15.494,44.241]},"geometry":{"type":"Polygon","coordinates":[[[44.158,15.421],[44.167,15.42],[44.171,15.421],[44.169,15.419],[44.17,15.415],[44.174,15.417],[44.178,15.414],[44.179,15.416],[44.18,15.413],[44.186,15.41],[44.188,15.419],[44.192,15.422],[44.195,15.422],[44.204,15.42],[44.214,15.421],[44.214,15.411],[44.22,15.409],[44.221,15.413],[44.223,15.413],[44.231,15.408],[44.236,15.406],[44.241,15.412],[44.244,15.42],[44.254,15.433],[44.259,15.446],[44.263,15.445],[44.269,15.458],[44.291,15.488],[44.289,15.492],[44.294,15.493],[44.295,15.498],[44.292,15.504],[44.292,15.506],[44.297,15.51],[44.291,15.512],[44.29,15.515],[44.296,15.517],[44.309,15.517],[44.319,15.518],[44.328,15.516],[44.338,15.516],[44.341,15.519],[44.342,15.523],[44.339,15.531],[44.339,15.54],[44.342,15.543],[44.348,15.544],[44.356,15.545],[44.37,15.535],[44.381,15.533],[44.388,15.534],[44.4,15.539],[44.404,15.543],[44.405,15.547],[44.411,15.554],[44.412,15.56],[44.397,15.564],[44.375,15.578],[44.368,15.589],[44.361,15.589],[44.351,15.599],[44.334,15.607],[44.319,15.612],[44.306,15.612],[44.288,15.605],[44.282,15.604],[44.274,15.6],[44.269,15.593],[44.267,15.584],[44.262,15.578],[44.262,15.571],[44.26,15.57],[44.249,15.571],[44.238,15.569],[44.234,15.566],[44.231,15.558],[44.223,15.558],[44.211,15.554],[44.205,15.542],[44.203,15.533],[44.195,15.521],[44.194,15.517],[44.196,15.512],[44.206,15.503],[44.204,15.501],[44.192,15.501],[44.194,15.486],[44.192,15.482],[44.187,15.478],[44.185,15.481],[44.181,15.479],[44.18,15.48],[44.178,15.479],[44.176,15.48],[44.171,15.476],[44.171,15.477],[44.164,15.474],[44.158,15.482],[44.155,15.481],[44.155,15.482],[44.152,15.481],[44.132,15.469],[44.124,15.466],[44.121,15.463],[44.121,15.454],[44.124,15.448],[44.125,15.44],[44.131,15.443],[44.133,15.443],[44.135,15.437],[44.138,15.436],[44.14,15.44],[44.141,15.44],[44.153,15.431],[44.153,15.428],[44.158,15.421]]]}},{"type":"Feature","properties":{"id":"radman","name":"Radman","gov":"YE-BA","km2":273,"c":[14.449,45.27]},"geometry":{"type":"MultiPolygon","coordinates":[[[[45.282,14.38],[45.286,14.383],[45.312,14.378],[45.323,14.378],[45.338,14.384],[45.363,14.42],[45.35,14.429],[45.346,14.43],[45.34,14.428],[45.334,14.468],[45.316,14.53],[45.297,14.535],[45.257,14.558],[45.248,14.56],[45.238,14.559],[45.213,14.55],[45.195,14.529],[45.192,14.521],[45.187,14.504],[45.185,14.478],[45.22,14.418],[45.213,14.394],[45.209,14.386],[45.223,14.386],[45.262,14.382],[45.276,14.382],[45.282,14.38]]],[[[45.318,14.577],[45.292,14.589],[45.28,14.586],[45.278,14.58],[45.281,14.574],[45.299,14.557],[45.303,14.558],[45.304,14.56],[45.307,14.557],[45.309,14.558],[45.315,14.555],[45.318,14.577]]]]}},{"type":"Feature","properties":{"id":"sana-a-city-outskirts-sanhan-wa-bani-bahlul","name":"Sana'a City Outskirts -Sanhan wa Bani Bahlul","gov":"YE-SA","km2":52,"c":[15.265,44.232]},"geometry":{"type":"Polygon","coordinates":[[[44.172,15.286],[44.173,15.283],[44.179,15.283],[44.183,15.288],[44.189,15.282],[44.192,15.284],[44.196,15.282],[44.198,15.281],[44.197,15.278],[44.2,15.277],[44.203,15.27],[44.207,15.267],[44.209,15.268],[44.209,15.269],[44.211,15.27],[44.219,15.264],[44.219,15.262],[44.226,15.258],[44.232,15.258],[44.244,15.243],[44.242,15.241],[44.246,15.236],[44.24,15.233],[44.24,15.231],[44.244,15.227],[44.246,15.228],[44.249,15.225],[44.245,15.217],[44.239,15.217],[44.237,15.215],[44.236,15.209],[44.239,15.206],[44.245,15.206],[44.248,15.208],[44.249,15.217],[44.252,15.217],[44.256,15.22],[44.255,15.224],[44.261,15.226],[44.255,15.231],[44.259,15.235],[44.264,15.236],[44.266,15.24],[44.265,15.243],[44.271,15.246],[44.27,15.249],[44.282,15.254],[44.279,15.276],[44.283,15.308],[44.282,15.324],[44.279,15.327],[44.274,15.326],[44.272,15.324],[44.266,15.329],[44.261,15.325],[44.255,15.307],[44.257,15.303],[44.253,15.299],[44.247,15.305],[44.237,15.301],[44.244,15.28],[44.231,15.276],[44.224,15.276],[44.211,15.283],[44.203,15.29],[44.193,15.293],[44.177,15.294],[44.173,15.293],[44.17,15.29],[44.172,15.288],[44.172,15.286]]]}},{"type":"Feature","properties":{"id":"nu-man","name":"Nu'man","gov":"YE-BA","km2":234,"c":[14.642,45.515]},"geometry":{"type":"Polygon","coordinates":[[[45.462,14.521],[45.494,14.528],[45.511,14.524],[45.528,14.523],[45.536,14.528],[45.545,14.54],[45.569,14.591],[45.588,14.624],[45.606,14.651],[45.618,14.679],[45.62,14.693],[45.616,14.696],[45.607,14.696],[45.604,14.698],[45.601,14.721],[45.583,14.722],[45.552,14.717],[45.525,14.714],[45.527,14.711],[45.529,14.706],[45.529,14.678],[45.523,14.666],[45.511,14.658],[45.499,14.654],[45.494,14.656],[45.482,14.673],[45.482,14.676],[45.487,14.683],[45.474,14.693],[45.468,14.692],[45.46,14.682],[45.45,14.673],[45.448,14.669],[45.449,14.662],[45.451,14.655],[45.456,14.649],[45.472,14.638],[45.488,14.631],[45.493,14.627],[45.495,14.624],[45.494,14.611],[45.489,14.602],[45.486,14.6],[45.476,14.596],[45.461,14.596],[45.462,14.521]]]}},{"type":"Feature","properties":{"id":"sabah","name":"Sabah","gov":"YE-BA","km2":219,"c":[14.265,44.658]},"geometry":{"type":"Polygon","coordinates":[[[44.673,14.176],[44.673,14.176],[44.681,14.184],[44.686,14.206],[44.688,14.212],[44.704,14.232],[44.719,14.264],[44.754,14.308],[44.75,14.316],[44.745,14.319],[44.733,14.322],[44.714,14.323],[44.707,14.33],[44.704,14.34],[44.686,14.36],[44.681,14.363],[44.63,14.365],[44.625,14.365],[44.607,14.36],[44.585,14.358],[44.588,14.294],[44.62,14.295],[44.633,14.291],[44.634,14.288],[44.634,14.282],[44.629,14.268],[44.618,14.255],[44.618,14.247],[44.615,14.239],[44.615,14.229],[44.619,14.213],[44.617,14.206],[44.618,14.201],[44.623,14.197],[44.629,14.197],[44.633,14.195],[44.642,14.188],[44.661,14.183],[44.673,14.176]]]}},{"type":"Feature","properties":{"id":"nati","name":"Nati'","gov":"YE-BA","km2":374,"c":[14.539,45.584]},"geometry":{"type":"Polygon","coordinates":[[[45.476,14.483],[45.481,14.477],[45.485,14.465],[45.492,14.452],[45.468,14.42],[45.468,14.412],[45.472,14.394],[45.489,14.352],[45.498,14.368],[45.506,14.377],[45.516,14.383],[45.524,14.394],[45.527,14.395],[45.541,14.408],[45.546,14.409],[45.552,14.413],[45.558,14.421],[45.567,14.427],[45.576,14.431],[45.584,14.443],[45.612,14.471],[45.618,14.478],[45.623,14.486],[45.625,14.497],[45.63,14.503],[45.633,14.511],[45.634,14.523],[45.632,14.541],[45.637,14.546],[45.638,14.55],[45.633,14.552],[45.632,14.554],[45.64,14.56],[45.641,14.569],[45.646,14.576],[45.646,14.597],[45.65,14.609],[45.653,14.614],[45.655,14.619],[45.655,14.633],[45.675,14.657],[45.688,14.673],[45.692,14.687],[45.694,14.689],[45.693,14.696],[45.689,14.701],[45.678,14.71],[45.656,14.72],[45.601,14.721],[45.604,14.698],[45.607,14.696],[45.616,14.696],[45.62,14.693],[45.618,14.679],[45.606,14.651],[45.588,14.624],[45.569,14.591],[45.545,14.54],[45.536,14.528],[45.528,14.523],[45.511,14.524],[45.494,14.528],[45.462,14.521],[45.463,14.495],[45.476,14.483]]]}},{"type":"Feature","properties":{"id":"maswarah","name":"Maswarah","gov":"YE-BA","km2":921,"c":[14.397,45.674]},"geometry":{"type":"Polygon","coordinates":[[[45.507,14.233],[45.572,14.231],[45.574,14.229],[45.59,14.228],[45.658,14.265],[45.705,14.276],[45.736,14.28],[45.753,14.273],[45.763,14.266],[45.782,14.256],[45.789,14.254],[45.793,14.254],[45.798,14.259],[45.801,14.266],[45.801,14.277],[45.799,14.286],[45.801,14.297],[45.823,14.315],[45.826,14.321],[45.831,14.327],[45.836,14.327],[45.839,14.332],[45.844,14.334],[45.85,14.341],[45.852,14.347],[45.837,14.357],[45.826,14.376],[45.811,14.407],[45.791,14.457],[45.787,14.481],[45.781,14.499],[45.741,14.588],[45.718,14.589],[45.706,14.582],[45.703,14.581],[45.692,14.581],[45.686,14.577],[45.646,14.576],[45.641,14.569],[45.64,14.56],[45.632,14.554],[45.633,14.552],[45.638,14.55],[45.637,14.546],[45.632,14.541],[45.634,14.523],[45.633,14.511],[45.63,14.503],[45.625,14.497],[45.623,14.486],[45.618,14.478],[45.612,14.471],[45.584,14.443],[45.576,14.431],[45.567,14.427],[45.558,14.421],[45.552,14.413],[45.546,14.409],[45.541,14.408],[45.527,14.395],[45.524,14.394],[45.516,14.383],[45.506,14.377],[45.498,14.368],[45.489,14.352],[45.502,14.327],[45.506,14.3],[45.508,14.275],[45.507,14.233]]]}},{"type":"Feature","properties":{"id":"as-sawma-ah","name":"As Sawma'ah","gov":"YE-BA","km2":940,"c":[14.188,45.786]},"geometry":{"type":"Polygon","coordinates":[[[45.59,14.228],[45.594,14.21],[45.594,14.187],[45.596,14.175],[45.598,14.171],[45.608,14.162],[45.607,14.158],[45.613,14.155],[45.612,14.151],[45.617,14.149],[45.618,14.146],[45.621,14.146],[45.623,14.141],[45.623,14.136],[45.628,14.135],[45.628,14.13],[45.623,14.131],[45.623,14.129],[45.628,14.126],[45.63,14.126],[45.63,14.124],[45.629,14.123],[45.626,14.123],[45.625,14.117],[45.632,14.116],[45.633,14.113],[45.636,14.112],[45.637,14.111],[45.628,14.079],[45.629,14.047],[45.633,14.029],[45.651,13.992],[45.67,14.001],[45.683,14.001],[45.696,14.005],[45.7,14.008],[45.707,14.011],[45.711,14.012],[45.718,14.009],[45.725,14.015],[45.769,14.023],[45.774,14.026],[45.783,14.034],[45.787,14.043],[45.8,14.059],[45.814,14.088],[45.823,14.103],[45.824,14.11],[45.818,14.119],[45.819,14.124],[45.826,14.135],[45.834,14.139],[45.844,14.142],[45.881,14.157],[45.885,14.159],[45.885,14.163],[45.887,14.167],[45.895,14.164],[45.911,14.173],[45.912,14.177],[45.957,14.191],[46.005,14.219],[46.001,14.22],[45.997,14.225],[45.987,14.23],[45.98,14.243],[45.985,14.251],[45.986,14.255],[45.984,14.258],[45.983,14.265],[45.981,14.268],[45.971,14.269],[45.97,14.272],[45.975,14.28],[45.975,14.284],[45.969,14.291],[45.969,14.294],[45.971,14.306],[45.969,14.308],[45.976,14.314],[45.977,14.317],[45.974,14.32],[45.972,14.327],[45.948,14.349],[45.939,14.361],[45.87,14.345],[45.86,14.344],[45.852,14.347],[45.85,14.341],[45.844,14.334],[45.839,14.332],[45.836,14.327],[45.831,14.327],[45.826,14.321],[45.823,14.315],[45.801,14.297],[45.799,14.286],[45.801,14.277],[45.801,14.266],[45.798,14.259],[45.793,14.254],[45.789,14.254],[45.782,14.256],[45.763,14.266],[45.753,14.273],[45.736,14.28],[45.705,14.276],[45.658,14.265],[45.59,14.228]]]}},{"type":"Feature","properties":{"id":"mukayras","name":"Mukayras","gov":"YE-BA","km2":771,"c":[14.046,45.809]},"geometry":{"type":"Polygon","coordinates":[[[46.043,14.206],[46.035,14.21],[46.005,14.219],[45.957,14.191],[45.912,14.177],[45.911,14.173],[45.895,14.164],[45.887,14.167],[45.885,14.163],[45.885,14.159],[45.881,14.157],[45.844,14.142],[45.834,14.139],[45.826,14.135],[45.819,14.124],[45.818,14.119],[45.824,14.11],[45.823,14.103],[45.814,14.088],[45.8,14.059],[45.787,14.043],[45.783,14.034],[45.774,14.026],[45.769,14.023],[45.725,14.015],[45.718,14.009],[45.711,14.012],[45.707,14.011],[45.7,14.008],[45.696,14.005],[45.683,14.001],[45.67,14.001],[45.651,13.992],[45.639,13.982],[45.632,13.968],[45.623,13.956],[45.617,13.95],[45.602,13.924],[45.593,13.913],[45.583,13.907],[45.571,13.903],[45.56,13.896],[45.569,13.875],[45.588,13.846],[45.617,13.833],[45.64,13.835],[45.679,13.842],[45.714,13.854],[45.763,13.9],[45.828,13.942],[45.882,13.974],[45.958,14.021],[45.971,14.041],[45.964,14.058],[45.961,14.075],[45.956,14.091],[45.957,14.092],[45.966,14.094],[45.978,14.1],[46.001,14.116],[46.008,14.126],[46.009,14.133],[46.017,14.17],[46.031,14.196],[46.043,14.206]]]}},{"type":"Feature","properties":{"id":"al-bayda-city","name":"Al Bayda City","gov":"YE-BA","km2":8,"c":[13.984,45.573]},"geometry":{"type":"Polygon","coordinates":[[[45.576,13.999],[45.563,13.999],[45.56,13.993],[45.562,13.98],[45.565,13.974],[45.569,13.971],[45.571,13.964],[45.593,13.973],[45.586,13.981],[45.581,13.993],[45.576,13.999]]]}},{"type":"Feature","properties":{"id":"al-bayda","name":"Al Bayda","gov":"YE-BA","km2":488,"c":[14.076,45.572]},"geometry":{"type":"Polygon","coordinates":[[[45.56,13.896],[45.571,13.903],[45.583,13.907],[45.593,13.913],[45.602,13.924],[45.617,13.95],[45.623,13.956],[45.632,13.968],[45.639,13.982],[45.651,13.992],[45.633,14.029],[45.629,14.047],[45.628,14.079],[45.637,14.111],[45.636,14.112],[45.633,14.113],[45.632,14.116],[45.625,14.117],[45.626,14.123],[45.629,14.123],[45.63,14.124],[45.63,14.126],[45.628,14.126],[45.623,14.129],[45.623,14.131],[45.628,14.13],[45.628,14.135],[45.623,14.136],[45.623,14.141],[45.621,14.146],[45.618,14.146],[45.617,14.149],[45.612,14.151],[45.613,14.155],[45.607,14.158],[45.608,14.162],[45.598,14.171],[45.596,14.175],[45.594,14.187],[45.594,14.21],[45.59,14.228],[45.574,14.229],[45.572,14.231],[45.507,14.233],[45.482,14.204],[45.469,14.192],[45.488,14.175],[45.502,14.159],[45.505,14.153],[45.504,14.144],[45.506,14.134],[45.518,14.115],[45.527,14.091],[45.524,14.081],[45.515,14.067],[45.499,14.047],[45.494,14.043],[45.494,14.034],[45.493,13.977],[45.486,13.966],[45.481,13.949],[45.471,13.936],[45.468,13.93],[45.468,13.922],[45.47,13.901],[45.502,13.9],[45.518,13.905],[45.56,13.896]],[[45.576,13.999],[45.581,13.993],[45.586,13.981],[45.593,13.973],[45.571,13.964],[45.569,13.971],[45.565,13.974],[45.562,13.98],[45.56,13.993],[45.563,13.999],[45.576,13.999]]]}},{"type":"Feature","properties":{"id":"rada","name":"Rada'","gov":"YE-BA","km2":215,"c":[14.361,44.869]},"geometry":{"type":"Polygon","coordinates":[[[44.876,14.408],[44.862,14.402],[44.862,14.408],[44.857,14.41],[44.853,14.415],[44.85,14.427],[44.839,14.429],[44.824,14.428],[44.823,14.423],[44.819,14.423],[44.818,14.418],[44.826,14.419],[44.829,14.417],[44.833,14.411],[44.832,14.409],[44.829,14.411],[44.827,14.411],[44.826,14.409],[44.822,14.408],[44.822,14.405],[44.833,14.39],[44.835,14.385],[44.843,14.355],[44.85,14.315],[44.856,14.303],[44.877,14.273],[44.882,14.261],[44.891,14.232],[44.909,14.234],[44.924,14.238],[44.93,14.236],[44.938,14.238],[44.958,14.237],[44.961,14.245],[44.966,14.271],[44.965,14.318],[44.941,14.404],[44.908,14.404],[44.879,14.409],[44.876,14.408]]]}},{"type":"Feature","properties":{"id":"al-quraishyah","name":"Al Quraishyah","gov":"YE-BA","km2":772,"c":[14.533,44.865]},"geometry":{"type":"Polygon","coordinates":[[[44.941,14.404],[44.951,14.405],[44.966,14.425],[44.98,14.438],[44.997,14.45],[45.016,14.46],[45.01,14.503],[45.006,14.547],[44.998,14.576],[44.987,14.593],[44.972,14.609],[44.96,14.618],[44.947,14.623],[44.962,14.696],[44.968,14.736],[44.967,14.781],[44.962,14.806],[44.931,14.802],[44.886,14.79],[44.829,14.76],[44.776,14.72],[44.779,14.713],[44.784,14.691],[44.795,14.664],[44.817,14.621],[44.828,14.609],[44.803,14.591],[44.797,14.58],[44.777,14.566],[44.797,14.556],[44.808,14.561],[44.846,14.597],[44.868,14.591],[44.857,14.567],[44.829,14.528],[44.807,14.51],[44.762,14.479],[44.754,14.476],[44.753,14.473],[44.767,14.447],[44.772,14.447],[44.772,14.443],[44.775,14.441],[44.785,14.443],[44.795,14.434],[44.801,14.431],[44.805,14.446],[44.813,14.454],[44.824,14.459],[44.829,14.46],[44.838,14.458],[44.845,14.454],[44.847,14.451],[44.846,14.436],[44.854,14.435],[44.857,14.426],[44.86,14.423],[44.864,14.423],[44.874,14.414],[44.876,14.408],[44.879,14.409],[44.908,14.404],[44.941,14.404]]]}},{"type":"Feature","properties":{"id":"wald-rabi","name":"Wald Rabi'","gov":"YE-BA","km2":750,"c":[14.643,45.05]},"geometry":{"type":"MultiPolygon","coordinates":[[[[44.876,14.408],[44.874,14.414],[44.864,14.423],[44.86,14.423],[44.857,14.426],[44.854,14.435],[44.846,14.436],[44.847,14.451],[44.845,14.454],[44.838,14.458],[44.829,14.46],[44.824,14.459],[44.813,14.454],[44.805,14.446],[44.801,14.431],[44.805,14.429],[44.806,14.422],[44.809,14.418],[44.819,14.414],[44.818,14.418],[44.819,14.423],[44.823,14.423],[44.824,14.428],[44.839,14.429],[44.85,14.427],[44.853,14.415],[44.857,14.41],[44.862,14.408],[44.862,14.402],[44.876,14.408]]],[[[44.776,14.72],[44.718,14.676],[44.713,14.665],[44.709,14.644],[44.708,14.614],[44.706,14.597],[44.706,14.581],[44.71,14.529],[44.712,14.525],[44.733,14.503],[44.736,14.494],[44.73,14.477],[44.729,14.476],[44.725,14.457],[44.761,14.445],[44.767,14.447],[44.753,14.473],[44.754,14.476],[44.762,14.479],[44.807,14.51],[44.829,14.528],[44.857,14.567],[44.868,14.591],[44.846,14.597],[44.808,14.561],[44.797,14.556],[44.777,14.566],[44.797,14.58],[44.803,14.591],[44.828,14.609],[44.817,14.621],[44.795,14.664],[44.784,14.691],[44.779,14.713],[44.776,14.72]]],[[[45.016,14.46],[45.042,14.47],[45.131,14.487],[45.125,14.514],[45.121,14.526],[45.112,14.542],[45.103,14.563],[45.106,14.575],[45.106,14.583],[45.109,14.59],[45.106,14.604],[45.096,14.628],[45.096,14.637],[45.098,14.642],[45.09,14.648],[45.087,14.657],[45.083,14.664],[45.061,14.739],[45.062,14.747],[45.074,14.767],[45.078,14.782],[45.074,14.791],[45.062,14.807],[45.044,14.817],[45.031,14.816],[45.021,14.821],[44.962,14.806],[44.967,14.781],[44.968,14.736],[44.962,14.696],[44.947,14.623],[44.96,14.618],[44.972,14.609],[44.987,14.593],[44.998,14.576],[45.006,14.547],[45.01,14.503],[45.016,14.46]]]]}},{"type":"Feature","properties":{"id":"al-arsh","name":"Al Arsh","gov":"YE-BA","km2":226,"c":[14.368,44.792]},"geometry":{"type":"Polygon","coordinates":[[[44.754,14.308],[44.771,14.303],[44.802,14.297],[44.805,14.301],[44.808,14.303],[44.816,14.305],[44.822,14.304],[44.828,14.301],[44.844,14.287],[44.856,14.267],[44.874,14.261],[44.882,14.261],[44.877,14.273],[44.856,14.303],[44.85,14.315],[44.843,14.355],[44.835,14.385],[44.833,14.39],[44.822,14.405],[44.822,14.408],[44.826,14.409],[44.827,14.411],[44.829,14.411],[44.832,14.409],[44.833,14.411],[44.829,14.417],[44.826,14.419],[44.818,14.418],[44.819,14.414],[44.809,14.418],[44.806,14.422],[44.805,14.429],[44.801,14.431],[44.795,14.434],[44.785,14.443],[44.775,14.441],[44.772,14.443],[44.772,14.447],[44.767,14.447],[44.761,14.445],[44.725,14.457],[44.713,14.431],[44.7,14.398],[44.692,14.38],[44.681,14.363],[44.686,14.36],[44.704,14.34],[44.707,14.33],[44.714,14.323],[44.733,14.322],[44.745,14.319],[44.75,14.316],[44.754,14.308]]]}},{"type":"Feature","properties":{"id":"mawza","name":"Mawza'","gov":"YE-TA","km2":663,"c":[13.312,43.623]},"geometry":{"type":"Polygon","coordinates":[[[43.757,13.334],[43.755,13.341],[43.67,13.41],[43.641,13.453],[43.618,13.509],[43.599,13.576],[43.583,13.586],[43.549,13.563],[43.548,13.554],[43.537,13.545],[43.488,13.548],[43.467,13.495],[43.461,13.484],[43.46,13.431],[43.532,13.423],[43.554,13.426],[43.58,13.413],[43.611,13.384],[43.62,13.358],[43.619,13.349],[43.614,13.341],[43.535,13.301],[43.502,13.3],[43.493,13.296],[43.494,13.295],[43.489,13.291],[43.488,13.278],[43.474,13.258],[43.479,13.258],[43.486,13.256],[43.504,13.257],[43.535,13.262],[43.565,13.28],[43.605,13.277],[43.61,13.265],[43.611,13.257],[43.606,13.219],[43.607,13.188],[43.618,13.146],[43.688,13.194],[43.705,13.226],[43.708,13.252],[43.734,13.265],[43.735,13.279],[43.758,13.291],[43.766,13.27],[43.782,13.288],[43.782,13.291],[43.762,13.316],[43.757,13.334]]]}},{"type":"Feature","properties":{"id":"ar-ryashyyah","name":"Ar Ryashyyah","gov":"YE-BA","km2":181,"c":[14.234,44.769]},"geometry":{"type":"MultiPolygon","coordinates":[[[[44.727,14.152],[44.735,14.157],[44.736,14.162],[44.734,14.164],[44.73,14.161],[44.73,14.157],[44.727,14.152]]],[[[44.673,14.176],[44.678,14.175],[44.687,14.176],[44.714,14.186],[44.723,14.186],[44.73,14.19],[44.735,14.203],[44.739,14.209],[44.751,14.214],[44.77,14.213],[44.786,14.207],[44.795,14.201],[44.8,14.2],[44.821,14.202],[44.85,14.218],[44.891,14.232],[44.882,14.261],[44.874,14.261],[44.856,14.267],[44.844,14.287],[44.828,14.301],[44.822,14.304],[44.816,14.305],[44.808,14.303],[44.805,14.301],[44.802,14.297],[44.771,14.303],[44.754,14.308],[44.719,14.264],[44.704,14.232],[44.688,14.212],[44.686,14.206],[44.681,14.184],[44.673,14.176]]]]}},{"type":"Feature","properties":{"id":"as-silw","name":"As Silw","gov":"YE-TA","km2":83,"c":[13.339,44.199]},"geometry":{"type":"Polygon","coordinates":[[[44.219,13.288],[44.224,13.294],[44.226,13.301],[44.226,13.307],[44.222,13.312],[44.222,13.319],[44.219,13.323],[44.216,13.323],[44.216,13.325],[44.219,13.328],[44.229,13.329],[44.244,13.339],[44.256,13.353],[44.254,13.356],[44.255,13.358],[44.264,13.363],[44.261,13.367],[44.24,13.379],[44.236,13.385],[44.226,13.386],[44.199,13.4],[44.181,13.404],[44.177,13.399],[44.175,13.392],[44.169,13.387],[44.166,13.381],[44.166,13.358],[44.165,13.355],[44.155,13.35],[44.154,13.348],[44.155,13.342],[44.152,13.333],[44.15,13.331],[44.151,13.327],[44.155,13.327],[44.156,13.323],[44.162,13.319],[44.164,13.321],[44.165,13.318],[44.17,13.32],[44.175,13.316],[44.181,13.315],[44.2,13.306],[44.203,13.301],[44.217,13.294],[44.219,13.288]]]}},{"type":"Feature","properties":{"id":"ash-sharyah","name":"Ash Sharyah","gov":"YE-BA","km2":920,"c":[14.235,45.098]},"geometry":{"type":"Polygon","coordinates":[[[45.2,14.192],[45.201,14.193],[45.201,14.227],[45.174,14.332],[45.193,14.359],[45.209,14.386],[45.213,14.394],[45.22,14.418],[45.185,14.478],[45.187,14.504],[45.166,14.5],[45.131,14.487],[45.042,14.47],[45.016,14.46],[44.997,14.45],[44.98,14.438],[44.966,14.425],[44.951,14.405],[44.941,14.404],[44.965,14.318],[44.966,14.271],[44.961,14.245],[44.958,14.237],[44.996,14.219],[45.007,14.197],[45.016,14.187],[45.051,14.167],[45.056,14.158],[45.06,14.147],[45.065,14.142],[45.068,14.12],[45.06,14.113],[45.061,14.104],[45.057,14.097],[45.066,14.094],[45.092,14.09],[45.105,14.091],[45.118,14.087],[45.123,14.081],[45.131,14.067],[45.135,14.064],[45.139,14.074],[45.151,14.084],[45.158,14.101],[45.16,14.108],[45.16,14.116],[45.162,14.124],[45.167,14.132],[45.168,14.136],[45.165,14.145],[45.169,14.176],[45.2,14.192]]]}},{"type":"Feature","properties":{"id":"al-malajim","name":"Al Malajim","gov":"YE-BA","km2":370,"c":[14.336,45.365]},"geometry":{"type":"Polygon","coordinates":[[[45.489,14.352],[45.472,14.394],[45.468,14.412],[45.468,14.42],[45.492,14.452],[45.485,14.465],[45.481,14.477],[45.476,14.483],[45.454,14.472],[45.422,14.468],[45.381,14.428],[45.363,14.42],[45.338,14.384],[45.323,14.378],[45.312,14.378],[45.286,14.383],[45.282,14.38],[45.285,14.379],[45.29,14.373],[45.294,14.364],[45.301,14.358],[45.308,14.354],[45.304,14.337],[45.306,14.318],[45.303,14.306],[45.311,14.304],[45.306,14.289],[45.301,14.283],[45.29,14.276],[45.287,14.272],[45.282,14.247],[45.276,14.24],[45.259,14.193],[45.273,14.173],[45.3,14.182],[45.324,14.211],[45.332,14.242],[45.348,14.247],[45.355,14.255],[45.363,14.253],[45.378,14.26],[45.388,14.276],[45.425,14.309],[45.435,14.323],[45.462,14.325],[45.475,14.33],[45.481,14.335],[45.489,14.352]]]}},{"type":"Feature","properties":{"id":"mawiyah","name":"Mawiyah","gov":"YE-TA","km2":709,"c":[13.606,44.306]},"geometry":{"type":"Polygon","coordinates":[[[44.236,13.739],[44.223,13.734],[44.211,13.722],[44.203,13.718],[44.198,13.718],[44.191,13.705],[44.175,13.694],[44.171,13.69],[44.172,13.678],[44.176,13.664],[44.172,13.661],[44.173,13.66],[44.172,13.657],[44.174,13.652],[44.175,13.653],[44.176,13.651],[44.188,13.651],[44.194,13.653],[44.199,13.651],[44.211,13.629],[44.21,13.614],[44.194,13.614],[44.184,13.615],[44.172,13.61],[44.154,13.607],[44.142,13.61],[44.137,13.616],[44.134,13.613],[44.138,13.603],[44.127,13.585],[44.146,13.574],[44.152,13.569],[44.152,13.565],[44.151,13.559],[44.152,13.557],[44.155,13.556],[44.159,13.557],[44.174,13.555],[44.22,13.547],[44.226,13.539],[44.233,13.536],[44.24,13.544],[44.241,13.552],[44.249,13.563],[44.269,13.561],[44.27,13.552],[44.284,13.544],[44.286,13.536],[44.285,13.528],[44.282,13.52],[44.273,13.52],[44.27,13.518],[44.266,13.507],[44.27,13.501],[44.278,13.498],[44.282,13.495],[44.282,13.484],[44.286,13.48],[44.324,13.461],[44.331,13.461],[44.333,13.458],[44.336,13.465],[44.336,13.475],[44.342,13.48],[44.345,13.48],[44.351,13.477],[44.358,13.478],[44.363,13.485],[44.376,13.482],[44.382,13.494],[44.387,13.496],[44.401,13.497],[44.413,13.495],[44.419,13.498],[44.423,13.501],[44.426,13.505],[44.423,13.522],[44.426,13.526],[44.451,13.526],[44.466,13.53],[44.471,13.535],[44.47,13.543],[44.474,13.546],[44.476,13.55],[44.48,13.551],[44.491,13.55],[44.505,13.562],[44.51,13.572],[44.512,13.588],[44.518,13.618],[44.485,13.628],[44.459,13.64],[44.45,13.642],[44.442,13.641],[44.432,13.635],[44.431,13.621],[44.404,13.628],[44.395,13.632],[44.38,13.642],[44.374,13.651],[44.374,13.662],[44.38,13.673],[44.397,13.69],[44.4,13.697],[44.399,13.703],[44.395,13.705],[44.396,13.709],[44.399,13.715],[44.404,13.717],[44.408,13.722],[44.398,13.741],[44.393,13.76],[44.39,13.763],[44.379,13.768],[44.37,13.769],[44.37,13.76],[44.362,13.749],[44.353,13.737],[44.323,13.706],[44.299,13.705],[44.275,13.709],[44.27,13.712],[44.266,13.716],[44.262,13.727],[44.256,13.735],[44.244,13.741],[44.236,13.739]]]}},{"type":"Feature","properties":{"id":"shar-ab-as-salam","name":"Shar'ab As Salam","gov":"YE-TA","km2":190,"c":[13.801,43.887]},"geometry":{"type":"Polygon","coordinates":[[[43.79,13.849],[43.792,13.843],[43.806,13.841],[43.813,13.834],[43.816,13.827],[43.819,13.824],[43.835,13.825],[43.836,13.819],[43.843,13.811],[43.847,13.803],[43.841,13.802],[43.839,13.8],[43.84,13.794],[43.834,13.789],[43.834,13.779],[43.838,13.775],[43.839,13.76],[43.845,13.763],[43.846,13.762],[43.842,13.755],[43.848,13.753],[43.85,13.751],[43.848,13.749],[43.854,13.741],[43.857,13.734],[43.862,13.736],[43.871,13.745],[43.872,13.749],[43.882,13.75],[43.889,13.754],[43.894,13.753],[43.899,13.744],[43.908,13.74],[43.915,13.728],[43.926,13.713],[43.927,13.708],[43.937,13.703],[43.945,13.702],[43.949,13.698],[43.949,13.694],[43.945,13.69],[43.949,13.676],[43.968,13.683],[43.974,13.694],[43.981,13.698],[43.975,13.71],[43.961,13.723],[43.96,13.73],[43.965,13.735],[43.966,13.738],[43.963,13.745],[43.962,13.754],[43.953,13.768],[43.95,13.776],[43.95,13.781],[43.954,13.789],[43.953,13.795],[43.938,13.792],[43.934,13.795],[43.932,13.793],[43.93,13.794],[43.929,13.796],[43.928,13.794],[43.922,13.796],[43.919,13.793],[43.919,13.796],[43.915,13.794],[43.913,13.796],[43.912,13.794],[43.909,13.799],[43.909,13.815],[43.907,13.823],[43.915,13.823],[43.926,13.819],[43.936,13.825],[43.938,13.838],[43.937,13.853],[43.933,13.862],[43.926,13.87],[43.915,13.871],[43.91,13.869],[43.907,13.866],[43.905,13.857],[43.902,13.855],[43.891,13.854],[43.89,13.852],[43.89,13.851],[43.89,13.85],[43.89,13.846],[43.888,13.844],[43.883,13.839],[43.876,13.835],[43.86,13.82],[43.858,13.82],[43.852,13.83],[43.847,13.838],[43.847,13.841],[43.848,13.843],[43.859,13.845],[43.861,13.857],[43.866,13.862],[43.867,13.866],[43.864,13.866],[43.863,13.873],[43.869,13.88],[43.869,13.881],[43.864,13.891],[43.85,13.889],[43.839,13.89],[43.836,13.888],[43.835,13.882],[43.831,13.879],[43.829,13.879],[43.825,13.877],[43.795,13.87],[43.793,13.867],[43.794,13.855],[43.79,13.849]]]}},{"type":"Feature","properties":{"id":"shar-ab-ar-rawnah","name":"Shar'ab Ar Rawnah","gov":"YE-TA","km2":424,"c":[13.735,43.805]},"geometry":{"type":"Polygon","coordinates":[[[43.672,13.856],[43.652,13.842],[43.626,13.835],[43.621,13.824],[43.658,13.766],[43.661,13.754],[43.667,13.753],[43.69,13.755],[43.699,13.76],[43.7,13.767],[43.709,13.771],[43.713,13.771],[43.725,13.762],[43.731,13.75],[43.733,13.749],[43.739,13.74],[43.74,13.732],[43.744,13.722],[43.745,13.719],[43.749,13.715],[43.75,13.708],[43.76,13.698],[43.756,13.69],[43.753,13.677],[43.749,13.672],[43.752,13.662],[43.763,13.645],[43.765,13.636],[43.77,13.634],[43.787,13.619],[43.794,13.619],[43.813,13.614],[43.82,13.609],[43.825,13.601],[43.826,13.596],[43.828,13.597],[43.832,13.595],[43.835,13.594],[43.841,13.587],[43.848,13.583],[43.861,13.58],[43.863,13.592],[43.864,13.637],[43.86,13.654],[43.838,13.658],[43.829,13.665],[43.822,13.677],[43.822,13.687],[43.82,13.693],[43.821,13.696],[43.829,13.701],[43.838,13.694],[43.848,13.687],[43.85,13.689],[43.848,13.691],[43.849,13.695],[43.853,13.701],[43.853,13.705],[43.857,13.705],[43.86,13.701],[43.863,13.698],[43.864,13.69],[43.862,13.686],[43.866,13.681],[43.874,13.677],[43.876,13.682],[43.883,13.687],[43.888,13.696],[43.895,13.716],[43.898,13.721],[43.9,13.721],[43.905,13.725],[43.915,13.728],[43.908,13.74],[43.899,13.744],[43.894,13.753],[43.889,13.754],[43.882,13.75],[43.872,13.749],[43.871,13.745],[43.862,13.736],[43.857,13.734],[43.854,13.741],[43.848,13.749],[43.85,13.751],[43.848,13.753],[43.842,13.755],[43.846,13.762],[43.845,13.763],[43.839,13.76],[43.838,13.775],[43.834,13.779],[43.834,13.789],[43.84,13.794],[43.839,13.8],[43.841,13.802],[43.847,13.803],[43.843,13.811],[43.836,13.819],[43.835,13.825],[43.819,13.824],[43.816,13.827],[43.813,13.834],[43.806,13.841],[43.792,13.843],[43.79,13.849],[43.786,13.849],[43.783,13.861],[43.777,13.867],[43.763,13.88],[43.757,13.882],[43.752,13.88],[43.749,13.863],[43.739,13.852],[43.717,13.847],[43.7,13.853],[43.68,13.853],[43.672,13.856]]]}},{"type":"Feature","properties":{"id":"maqbanah","name":"Maqbanah","gov":"YE-TA","km2":1223,"c":[13.645,43.71]},"geometry":{"type":"Polygon","coordinates":[[[43.654,13.91],[43.645,13.911],[43.639,13.914],[43.633,13.912],[43.625,13.913],[43.623,13.913],[43.618,13.908],[43.61,13.907],[43.603,13.908],[43.58,13.898],[43.565,13.896],[43.552,13.9],[43.535,13.901],[43.487,13.896],[43.482,13.891],[43.484,13.876],[43.482,13.853],[43.473,13.837],[43.469,13.833],[43.469,13.825],[43.47,13.816],[43.473,13.811],[43.483,13.803],[43.484,13.799],[43.483,13.794],[43.482,13.794],[43.503,13.787],[43.503,13.762],[43.509,13.737],[43.508,13.728],[43.509,13.713],[43.566,13.685],[43.58,13.674],[43.585,13.665],[43.589,13.625],[43.583,13.586],[43.599,13.576],[43.618,13.509],[43.641,13.453],[43.67,13.41],[43.755,13.341],[43.757,13.334],[43.786,13.328],[43.792,13.328],[43.797,13.331],[43.809,13.346],[43.822,13.354],[43.823,13.364],[43.826,13.374],[43.824,13.38],[43.818,13.383],[43.817,13.39],[43.822,13.402],[43.83,13.411],[43.838,13.414],[43.838,13.417],[43.829,13.422],[43.827,13.433],[43.817,13.443],[43.815,13.449],[43.814,13.457],[43.817,13.462],[43.822,13.465],[43.82,13.469],[43.82,13.479],[43.812,13.48],[43.814,13.485],[43.81,13.486],[43.807,13.49],[43.808,13.493],[43.8,13.497],[43.795,13.506],[43.786,13.517],[43.789,13.521],[43.808,13.522],[43.808,13.524],[43.818,13.534],[43.818,13.544],[43.821,13.552],[43.827,13.558],[43.838,13.561],[43.846,13.561],[43.857,13.564],[43.862,13.567],[43.866,13.567],[43.866,13.572],[43.861,13.58],[43.848,13.583],[43.841,13.587],[43.835,13.594],[43.832,13.595],[43.828,13.597],[43.826,13.596],[43.825,13.601],[43.82,13.609],[43.813,13.614],[43.794,13.619],[43.787,13.619],[43.77,13.634],[43.765,13.636],[43.763,13.645],[43.752,13.662],[43.749,13.672],[43.753,13.677],[43.756,13.69],[43.76,13.698],[43.75,13.708],[43.749,13.715],[43.745,13.719],[43.744,13.722],[43.74,13.732],[43.739,13.74],[43.733,13.749],[43.731,13.75],[43.725,13.762],[43.713,13.771],[43.709,13.771],[43.7,13.767],[43.699,13.76],[43.69,13.755],[43.667,13.753],[43.661,13.754],[43.658,13.766],[43.621,13.824],[43.626,13.835],[43.652,13.842],[43.672,13.856],[43.665,13.863],[43.655,13.901],[43.654,13.91]]]}},{"type":"Feature","properties":{"id":"al-makha","name":"Al Makha","gov":"YE-TA","km2":1588,"c":[13.448,43.336]},"geometry":{"type":"Polygon","coordinates":[[[43.583,13.586],[43.589,13.625],[43.585,13.665],[43.58,13.674],[43.566,13.685],[43.509,13.713],[43.508,13.728],[43.509,13.737],[43.503,13.762],[43.503,13.787],[43.482,13.794],[43.447,13.796],[43.436,13.792],[43.43,13.787],[43.417,13.768],[43.423,13.74],[43.406,13.717],[43.338,13.697],[43.288,13.679],[43.288,13.671],[43.283,13.651],[43.282,13.628],[43.283,13.619],[43.291,13.609],[43.293,13.601],[43.292,13.597],[43.287,13.591],[43.284,13.59],[43.281,13.591],[43.278,13.589],[43.279,13.586],[43.282,13.581],[43.281,13.576],[43.277,13.571],[43.276,13.567],[43.274,13.564],[43.274,13.561],[43.271,13.557],[43.273,13.551],[43.268,13.545],[43.265,13.535],[43.267,13.528],[43.266,13.524],[43.261,13.522],[43.264,13.516],[43.263,13.509],[43.261,13.507],[43.259,13.51],[43.256,13.509],[43.257,13.478],[43.255,13.476],[43.256,13.472],[43.254,13.462],[43.255,13.45],[43.254,13.448],[43.257,13.443],[43.258,13.437],[43.255,13.427],[43.249,13.423],[43.25,13.411],[43.248,13.394],[43.25,13.377],[43.253,13.367],[43.252,13.365],[43.251,13.366],[43.25,13.362],[43.248,13.362],[43.251,13.361],[43.247,13.362],[43.249,13.358],[43.25,13.34],[43.247,13.335],[43.243,13.33],[43.239,13.329],[43.235,13.33],[43.242,13.324],[43.242,13.318],[43.239,13.312],[43.232,13.31],[43.232,13.313],[43.229,13.312],[43.228,13.316],[43.226,13.314],[43.23,13.311],[43.231,13.303],[43.231,13.296],[43.227,13.289],[43.227,13.284],[43.232,13.275],[43.232,13.273],[43.235,13.271],[43.239,13.263],[43.242,13.266],[43.24,13.269],[43.24,13.272],[43.227,13.286],[43.232,13.291],[43.234,13.302],[43.234,13.307],[43.239,13.307],[43.241,13.289],[43.243,13.287],[43.244,13.288],[43.245,13.284],[43.245,13.274],[43.244,13.265],[43.24,13.261],[43.244,13.256],[43.283,13.263],[43.323,13.253],[43.351,13.258],[43.375,13.26],[43.402,13.257],[43.413,13.25],[43.457,13.247],[43.474,13.258],[43.488,13.278],[43.489,13.291],[43.494,13.295],[43.493,13.296],[43.502,13.3],[43.535,13.301],[43.614,13.341],[43.619,13.349],[43.62,13.358],[43.611,13.384],[43.58,13.413],[43.554,13.426],[43.532,13.423],[43.46,13.431],[43.461,13.484],[43.467,13.495],[43.488,13.548],[43.537,13.545],[43.548,13.554],[43.549,13.563],[43.583,13.586]]]}},{"type":"Feature","properties":{"id":"dhubab","name":"Dhubab","gov":"YE-TA","km2":1604,"c":[12.913,43.477]},"geometry":{"type":"MultiPolygon","coordinates":[[[[43.411,12.672],[43.405,12.67],[43.4,12.667],[43.393,12.665],[43.389,12.662],[43.389,12.658],[43.387,12.656],[43.392,12.653],[43.392,12.65],[43.397,12.649],[43.4,12.646],[43.407,12.644],[43.409,12.642],[43.412,12.642],[43.41,12.644],[43.407,12.645],[43.405,12.648],[43.403,12.648],[43.401,12.652],[43.398,12.653],[43.399,12.655],[43.404,12.654],[43.407,12.652],[43.411,12.652],[43.413,12.65],[43.413,12.654],[43.416,12.656],[43.423,12.655],[43.423,12.653],[43.419,12.652],[43.419,12.651],[43.423,12.65],[43.423,12.648],[43.42,12.646],[43.424,12.644],[43.423,12.641],[43.42,12.64],[43.419,12.637],[43.424,12.638],[43.426,12.641],[43.429,12.641],[43.431,12.638],[43.427,12.634],[43.43,12.634],[43.432,12.632],[43.44,12.641],[43.438,12.644],[43.44,12.648],[43.436,12.654],[43.438,12.66],[43.433,12.665],[43.426,12.664],[43.411,12.672]]],[[[43.474,13.258],[43.457,13.247],[43.413,13.25],[43.402,13.257],[43.375,13.26],[43.351,13.258],[43.323,13.253],[43.283,13.263],[43.244,13.256],[43.243,13.253],[43.242,13.255],[43.241,13.255],[43.246,13.249],[43.247,13.24],[43.254,13.216],[43.261,13.204],[43.283,13.16],[43.315,13.114],[43.343,13.083],[43.363,13.045],[43.376,13.012],[43.395,12.991],[43.396,12.988],[43.395,12.988],[43.394,12.99],[43.395,12.987],[43.398,12.985],[43.401,12.98],[43.402,12.975],[43.4,12.979],[43.4,12.978],[43.404,12.972],[43.41,12.957],[43.41,12.947],[43.408,12.946],[43.406,12.944],[43.408,12.94],[43.408,12.942],[43.411,12.941],[43.421,12.935],[43.425,12.93],[43.429,12.924],[43.431,12.914],[43.439,12.898],[43.441,12.89],[43.445,12.883],[43.46,12.871],[43.463,12.865],[43.463,12.861],[43.477,12.844],[43.488,12.835],[43.493,12.827],[43.495,12.818],[43.487,12.802],[43.481,12.783],[43.474,12.766],[43.475,12.764],[43.475,12.756],[43.469,12.724],[43.47,12.718],[43.477,12.719],[43.482,12.717],[43.483,12.713],[43.487,12.714],[43.488,12.712],[43.492,12.712],[43.501,12.704],[43.495,12.699],[43.489,12.698],[43.485,12.702],[43.485,12.707],[43.484,12.709],[43.473,12.706],[43.472,12.711],[43.475,12.716],[43.469,12.717],[43.453,12.694],[43.457,12.692],[43.458,12.688],[43.458,12.685],[43.46,12.683],[43.462,12.677],[43.465,12.676],[43.468,12.68],[43.471,12.681],[43.472,12.68],[43.468,12.674],[43.473,12.676],[43.477,12.673],[43.475,12.677],[43.48,12.679],[43.481,12.679],[43.481,12.676],[43.484,12.676],[43.486,12.674],[43.487,12.676],[43.49,12.675],[43.492,12.68],[43.495,12.678],[43.495,12.674],[43.493,12.673],[43.495,12.673],[43.498,12.677],[43.501,12.678],[43.503,12.678],[43.503,12.675],[43.505,12.675],[43.505,12.677],[43.511,12.683],[43.517,12.686],[43.526,12.698],[43.514,12.706],[43.644,12.932],[43.649,12.936],[43.71,12.95],[43.711,12.971],[43.731,12.986],[43.732,13.002],[43.729,13.014],[43.72,13.028],[43.707,13.032],[43.702,13.037],[43.699,13.061],[43.702,13.065],[43.716,13.075],[43.695,13.077],[43.601,13.078],[43.585,13.116],[43.592,13.131],[43.618,13.146],[43.607,13.188],[43.606,13.219],[43.611,13.257],[43.61,13.265],[43.605,13.277],[43.565,13.28],[43.535,13.262],[43.504,13.257],[43.486,13.256],[43.479,13.258],[43.474,13.258]]]]}},{"type":"Feature","properties":{"id":"jabal-habashi","name":"Jabal Habashi","gov":"YE-TA","km2":312,"c":[13.475,43.873]},"geometry":{"type":"Polygon","coordinates":[[[43.822,13.354],[43.83,13.359],[43.845,13.359],[43.856,13.363],[43.869,13.362],[43.881,13.358],[43.885,13.358],[43.895,13.366],[43.9,13.376],[43.9,13.385],[43.916,13.394],[43.928,13.405],[43.94,13.41],[43.944,13.416],[43.952,13.434],[43.965,13.443],[43.967,13.464],[43.976,13.477],[43.98,13.482],[43.978,13.486],[43.974,13.485],[43.964,13.488],[43.954,13.501],[43.955,13.504],[43.952,13.507],[43.943,13.533],[43.94,13.537],[43.941,13.539],[43.939,13.543],[43.943,13.55],[43.939,13.565],[43.935,13.568],[43.93,13.565],[43.928,13.565],[43.928,13.568],[43.923,13.571],[43.915,13.568],[43.894,13.568],[43.886,13.575],[43.884,13.575],[43.874,13.568],[43.866,13.567],[43.862,13.567],[43.857,13.564],[43.846,13.561],[43.838,13.561],[43.827,13.558],[43.821,13.552],[43.818,13.544],[43.818,13.534],[43.808,13.524],[43.808,13.522],[43.789,13.521],[43.786,13.517],[43.795,13.506],[43.8,13.497],[43.808,13.493],[43.807,13.49],[43.81,13.486],[43.814,13.485],[43.812,13.48],[43.82,13.479],[43.82,13.469],[43.822,13.465],[43.817,13.462],[43.814,13.457],[43.815,13.449],[43.817,13.443],[43.827,13.433],[43.829,13.422],[43.838,13.417],[43.838,13.414],[43.83,13.411],[43.822,13.402],[43.817,13.39],[43.818,13.383],[43.824,13.38],[43.826,13.374],[43.823,13.364],[43.822,13.354]]]}},{"type":"Feature","properties":{"id":"mashr-ah-wa-hadnan","name":"Mashr'ah Wa Hadnan","gov":"YE-TA","km2":14,"c":[13.542,44.001]},"geometry":{"type":"Polygon","coordinates":[[[44.004,13.561],[44.002,13.561],[44,13.564],[43.995,13.563],[43.99,13.568],[43.988,13.547],[43.979,13.523],[43.992,13.515],[44.003,13.518],[44.009,13.516],[44.018,13.517],[44.016,13.524],[44.009,13.537],[44.008,13.546],[44.004,13.555],[44.004,13.561]]]}},{"type":"Feature","properties":{"id":"sabir-al-mawadim","name":"Sabir Al Mawadim","gov":"YE-TA","km2":189,"c":[13.54,44.073]},"geometry":{"type":"MultiPolygon","coordinates":[[[[43.978,13.486],[43.984,13.49],[43.984,13.493],[43.975,13.515],[43.973,13.517],[43.971,13.516],[43.971,13.52],[43.977,13.523],[43.979,13.523],[43.988,13.547],[43.99,13.568],[43.985,13.57],[43.981,13.568],[43.972,13.572],[43.96,13.572],[43.954,13.576],[43.951,13.577],[43.953,13.579],[43.953,13.58],[43.954,13.581],[43.955,13.587],[43.957,13.59],[43.94,13.578],[43.935,13.568],[43.939,13.565],[43.943,13.55],[43.939,13.543],[43.941,13.539],[43.94,13.537],[43.943,13.533],[43.952,13.507],[43.955,13.504],[43.954,13.501],[43.964,13.488],[43.974,13.485],[43.978,13.486]]],[[[44.127,13.585],[44.125,13.584],[44.115,13.591],[44.108,13.599],[44.105,13.599],[44.103,13.604],[44.103,13.608],[44.113,13.618],[44.111,13.621],[44.1,13.62],[44.099,13.617],[44.097,13.615],[44.099,13.601],[44.094,13.6],[44.092,13.605],[44.074,13.603],[44.074,13.599],[44.07,13.596],[44.071,13.588],[44.067,13.589],[44.062,13.587],[44.06,13.589],[44.056,13.589],[44.053,13.581],[44.043,13.579],[44.045,13.577],[44.041,13.574],[44.051,13.569],[44.049,13.565],[44.05,13.56],[44.048,13.559],[44.046,13.56],[44.046,13.558],[44.028,13.558],[44.026,13.559],[44.02,13.56],[44.02,13.562],[44.013,13.561],[44.013,13.563],[44.004,13.561],[44.004,13.555],[44.008,13.546],[44.009,13.537],[44.016,13.524],[44.018,13.517],[44.023,13.518],[44.04,13.516],[44.041,13.512],[44.04,13.511],[44.027,13.506],[44.02,13.496],[44.018,13.492],[44.022,13.484],[44.026,13.486],[44.026,13.488],[44.029,13.49],[44.039,13.497],[44.046,13.493],[44.05,13.485],[44.051,13.478],[44.046,13.473],[44.04,13.47],[44.042,13.462],[44.04,13.46],[44.045,13.459],[44.052,13.461],[44.057,13.46],[44.07,13.452],[44.103,13.439],[44.106,13.439],[44.111,13.444],[44.12,13.45],[44.123,13.458],[44.125,13.475],[44.115,13.488],[44.116,13.495],[44.095,13.496],[44.067,13.512],[44.073,13.525],[44.083,13.531],[44.097,13.527],[44.106,13.532],[44.115,13.533],[44.129,13.542],[44.134,13.548],[44.14,13.542],[44.145,13.543],[44.151,13.542],[44.155,13.556],[44.152,13.557],[44.151,13.559],[44.152,13.565],[44.152,13.569],[44.146,13.574],[44.127,13.585]]]]}},{"type":"Feature","properties":{"id":"al-misrakh","name":"Al Misrakh","gov":"YE-TA","km2":96,"c":[13.475,44.021]},"geometry":{"type":"MultiPolygon","coordinates":[[[[43.976,13.477],[43.987,13.471],[43.988,13.466],[43.993,13.465],[43.996,13.467],[44.001,13.468],[44.001,13.465],[44.008,13.458],[44.008,13.453],[44.009,13.449],[44.014,13.445],[44.018,13.444],[44.016,13.441],[44.018,13.435],[44.019,13.409],[44.022,13.408],[44.056,13.412],[44.068,13.414],[44.083,13.412],[44.088,13.423],[44.098,13.426],[44.103,13.439],[44.07,13.452],[44.057,13.46],[44.052,13.461],[44.045,13.459],[44.04,13.46],[44.042,13.462],[44.04,13.47],[44.046,13.473],[44.051,13.478],[44.05,13.485],[44.046,13.493],[44.039,13.497],[44.029,13.49],[44.026,13.488],[44.026,13.486],[44.022,13.484],[44.018,13.492],[44.02,13.496],[44.027,13.506],[44.04,13.511],[44.041,13.512],[44.04,13.516],[44.023,13.518],[44.018,13.517],[44.009,13.516],[44.003,13.518],[43.992,13.515],[43.979,13.523],[43.977,13.523],[43.971,13.52],[43.971,13.516],[43.973,13.517],[43.975,13.515],[43.984,13.493],[43.984,13.49],[43.978,13.486],[43.98,13.482],[43.976,13.477]]],[[[44.116,13.495],[44.117,13.502],[44.111,13.507],[44.112,13.522],[44.115,13.533],[44.106,13.532],[44.097,13.527],[44.083,13.531],[44.073,13.525],[44.067,13.512],[44.095,13.496],[44.116,13.495]]]]}},{"type":"Feature","properties":{"id":"al-humaydat","name":"Al Humaydat","gov":"YE-JA","km2":536,"c":[16.455,44.421]},"geometry":{"type":"Polygon","coordinates":[[[44.629,16.437],[44.598,16.456],[44.574,16.458],[44.552,16.462],[44.539,16.465],[44.53,16.47],[44.523,16.475],[44.518,16.48],[44.513,16.49],[44.505,16.516],[44.501,16.524],[44.486,16.534],[44.418,16.572],[44.402,16.566],[44.389,16.56],[44.374,16.547],[44.365,16.528],[44.367,16.511],[44.366,16.508],[44.363,16.507],[44.345,16.502],[44.324,16.503],[44.318,16.498],[44.318,16.494],[44.308,16.489],[44.262,16.489],[44.262,16.44],[44.258,16.405],[44.259,16.399],[44.268,16.389],[44.29,16.377],[44.293,16.375],[44.294,16.371],[44.31,16.371],[44.349,16.377],[44.416,16.362],[44.448,16.371],[44.45,16.372],[44.463,16.389],[44.477,16.398],[44.515,16.392],[44.542,16.382],[44.601,16.388],[44.629,16.437]]]}},{"type":"Feature","properties":{"id":"dimnat-khadir","name":"Dimnat Khadir","gov":"YE-TA","km2":461,"c":[13.432,44.249]},"geometry":{"type":"Polygon","coordinates":[[[44.261,13.367],[44.261,13.373],[44.264,13.376],[44.275,13.378],[44.277,13.375],[44.277,13.366],[44.279,13.364],[44.276,13.353],[44.276,13.345],[44.289,13.323],[44.305,13.319],[44.306,13.319],[44.305,13.321],[44.31,13.322],[44.315,13.328],[44.322,13.33],[44.322,13.332],[44.336,13.332],[44.338,13.338],[44.338,13.344],[44.329,13.354],[44.322,13.355],[44.318,13.36],[44.306,13.363],[44.301,13.357],[44.297,13.356],[44.294,13.357],[44.293,13.368],[44.31,13.368],[44.325,13.373],[44.33,13.382],[44.333,13.384],[44.349,13.385],[44.366,13.385],[44.376,13.381],[44.383,13.381],[44.411,13.38],[44.429,13.373],[44.436,13.376],[44.438,13.379],[44.431,13.4],[44.411,13.422],[44.374,13.444],[44.361,13.444],[44.347,13.439],[44.341,13.44],[44.331,13.451],[44.333,13.458],[44.331,13.461],[44.324,13.461],[44.286,13.48],[44.282,13.484],[44.282,13.495],[44.278,13.498],[44.27,13.501],[44.266,13.507],[44.27,13.518],[44.273,13.52],[44.282,13.52],[44.285,13.528],[44.286,13.536],[44.284,13.544],[44.27,13.552],[44.269,13.561],[44.249,13.563],[44.241,13.552],[44.24,13.544],[44.233,13.536],[44.226,13.539],[44.22,13.547],[44.174,13.555],[44.159,13.557],[44.155,13.556],[44.151,13.542],[44.145,13.543],[44.14,13.542],[44.134,13.548],[44.129,13.542],[44.115,13.533],[44.112,13.522],[44.111,13.507],[44.117,13.502],[44.116,13.495],[44.115,13.488],[44.125,13.475],[44.123,13.458],[44.12,13.45],[44.111,13.444],[44.106,13.439],[44.103,13.439],[44.098,13.426],[44.088,13.423],[44.083,13.412],[44.086,13.407],[44.091,13.411],[44.105,13.407],[44.126,13.412],[44.129,13.414],[44.132,13.414],[44.142,13.404],[44.146,13.407],[44.159,13.403],[44.165,13.404],[44.177,13.399],[44.181,13.404],[44.199,13.4],[44.226,13.386],[44.236,13.385],[44.24,13.379],[44.261,13.367]]]}},{"type":"Feature","properties":{"id":"ash-shamayatayn","name":"Ash Shamayatayn","gov":"YE-TA","km2":638,"c":[13.196,44.029]},"geometry":{"type":"Polygon","coordinates":[[[43.983,13.284],[43.966,13.288],[43.963,13.291],[43.952,13.284],[43.945,13.275],[43.936,13.274],[43.917,13.274],[43.896,13.28],[43.86,13.285],[43.846,13.292],[43.823,13.295],[43.782,13.288],[43.789,13.279],[43.79,13.279],[43.805,13.255],[43.806,13.242],[43.798,13.222],[43.807,13.203],[43.827,13.185],[43.869,13.179],[43.875,13.131],[43.869,13.127],[43.865,13.119],[43.878,13.103],[43.885,13.098],[43.894,13.101],[43.909,13.097],[43.925,13.088],[43.936,13.088],[43.946,13.066],[43.973,13.052],[44.001,13.071],[44.008,13.078],[44.01,13.088],[43.989,13.104],[43.996,13.121],[43.998,13.135],[44,13.132],[44.01,13.126],[44.025,13.107],[44.04,13.095],[44.051,13.09],[44.072,13.089],[44.078,13.091],[44.082,13.095],[44.084,13.099],[44.085,13.104],[44.082,13.124],[44.085,13.152],[44.084,13.155],[44.089,13.158],[44.091,13.162],[44.095,13.161],[44.103,13.153],[44.155,13.151],[44.155,13.16],[44.132,13.188],[44.129,13.195],[44.13,13.198],[44.132,13.201],[44.138,13.203],[44.158,13.205],[44.162,13.206],[44.17,13.204],[44.176,13.206],[44.172,13.21],[44.166,13.223],[44.167,13.226],[44.165,13.229],[44.166,13.232],[44.169,13.232],[44.173,13.235],[44.177,13.235],[44.176,13.237],[44.168,13.236],[44.165,13.238],[44.165,13.242],[44.171,13.251],[44.161,13.26],[44.155,13.26],[44.147,13.256],[44.145,13.253],[44.131,13.25],[44.122,13.254],[44.119,13.257],[44.115,13.257],[44.099,13.247],[44.09,13.246],[44.085,13.243],[44.07,13.248],[44.035,13.257],[44.026,13.263],[44.021,13.264],[43.996,13.278],[43.995,13.281],[43.983,13.284]]]}},{"type":"Feature","properties":{"id":"al-wazi-yah","name":"Al Wazi'yah","gov":"YE-TA","km2":408,"c":[13.167,43.757]},"geometry":{"type":"Polygon","coordinates":[[[43.618,13.146],[43.592,13.131],[43.585,13.116],[43.601,13.078],[43.695,13.077],[43.716,13.075],[43.736,13.076],[43.74,13.071],[43.747,13.069],[43.754,13.069],[43.766,13.077],[43.766,13.08],[43.79,13.093],[43.802,13.107],[43.81,13.113],[43.823,13.112],[43.839,13.121],[43.865,13.119],[43.869,13.127],[43.875,13.131],[43.869,13.179],[43.827,13.185],[43.807,13.203],[43.798,13.222],[43.806,13.242],[43.805,13.255],[43.79,13.279],[43.789,13.279],[43.782,13.288],[43.782,13.288],[43.766,13.27],[43.758,13.291],[43.735,13.279],[43.734,13.265],[43.708,13.252],[43.705,13.226],[43.688,13.194],[43.618,13.146]]]}},{"type":"Feature","properties":{"id":"hayfan","name":"Hayfan","gov":"YE-TA","km2":187,"c":[13.29,44.26]},"geometry":{"type":"Polygon","coordinates":[[[44.219,13.288],[44.218,13.273],[44.202,13.268],[44.187,13.26],[44.186,13.256],[44.189,13.252],[44.188,13.247],[44.184,13.242],[44.18,13.227],[44.18,13.223],[44.184,13.22],[44.189,13.22],[44.196,13.218],[44.205,13.218],[44.219,13.214],[44.231,13.216],[44.265,13.214],[44.271,13.215],[44.275,13.213],[44.279,13.204],[44.291,13.209],[44.305,13.212],[44.307,13.213],[44.309,13.219],[44.313,13.223],[44.334,13.234],[44.337,13.24],[44.336,13.253],[44.341,13.268],[44.333,13.288],[44.326,13.298],[44.326,13.303],[44.328,13.316],[44.336,13.332],[44.322,13.332],[44.322,13.33],[44.315,13.328],[44.31,13.322],[44.305,13.321],[44.306,13.319],[44.305,13.319],[44.289,13.323],[44.276,13.345],[44.276,13.353],[44.279,13.364],[44.277,13.366],[44.277,13.375],[44.275,13.378],[44.264,13.376],[44.261,13.373],[44.261,13.367],[44.264,13.363],[44.255,13.358],[44.254,13.356],[44.256,13.353],[44.244,13.339],[44.229,13.329],[44.219,13.328],[44.216,13.325],[44.216,13.323],[44.219,13.323],[44.222,13.319],[44.222,13.312],[44.226,13.307],[44.226,13.301],[44.224,13.294],[44.219,13.288]]]}},{"type":"Feature","properties":{"id":"al-mudhaffar","name":"Al Mudhaffar","gov":"YE-TA","km2":18,"c":[13.582,43.987]},"geometry":{"type":"Polygon","coordinates":[[[44.004,13.561],[44.013,13.563],[44.013,13.561],[44.02,13.562],[44.02,13.566],[44.016,13.569],[44.015,13.573],[44.013,13.574],[44.013,13.577],[44.007,13.578],[44.008,13.58],[44.007,13.582],[44.01,13.585],[44.008,13.589],[44.005,13.586],[44.004,13.59],[44.005,13.594],[44,13.594],[43.998,13.592],[43.995,13.593],[43.993,13.593],[43.992,13.595],[43.985,13.597],[43.984,13.594],[43.979,13.594],[43.979,13.59],[43.978,13.59],[43.968,13.6],[43.966,13.601],[43.962,13.601],[43.961,13.603],[43.96,13.598],[43.962,13.596],[43.96,13.595],[43.956,13.596],[43.957,13.59],[43.955,13.587],[43.954,13.581],[43.953,13.58],[43.953,13.579],[43.951,13.577],[43.954,13.576],[43.96,13.572],[43.972,13.572],[43.981,13.568],[43.985,13.57],[43.99,13.568],[43.995,13.563],[44,13.564],[44.002,13.561],[44.004,13.561]]]}},{"type":"Feature","properties":{"id":"al-qahirah","name":"Al Qahirah","gov":"YE-TA","km2":10,"c":[13.584,44.017]},"geometry":{"type":"Polygon","coordinates":[[[44.028,13.558],[44.027,13.565],[44.024,13.568],[44.021,13.574],[44.026,13.575],[44.025,13.579],[44.022,13.579],[44.018,13.585],[44.022,13.59],[44.027,13.59],[44.027,13.595],[44.019,13.594],[44.021,13.596],[44.02,13.596],[44.02,13.599],[44.017,13.601],[44.018,13.603],[44.023,13.602],[44.019,13.605],[44.016,13.615],[44.007,13.615],[43.997,13.612],[43.998,13.605],[44.005,13.594],[44.004,13.59],[44.005,13.586],[44.008,13.589],[44.01,13.585],[44.007,13.582],[44.008,13.58],[44.007,13.578],[44.013,13.577],[44.013,13.574],[44.015,13.573],[44.016,13.569],[44.02,13.566],[44.02,13.562],[44.02,13.56],[44.026,13.559],[44.028,13.558]]]}},{"type":"Feature","properties":{"id":"salah","name":"Salah","gov":"YE-TA","km2":18,"c":[13.586,44.042]},"geometry":{"type":"Polygon","coordinates":[[[44.074,13.603],[44.065,13.604],[44.06,13.603],[44.059,13.6],[44.059,13.603],[44.048,13.603],[44.047,13.6],[44.044,13.6],[44.044,13.603],[44.023,13.602],[44.018,13.603],[44.017,13.601],[44.02,13.599],[44.02,13.596],[44.021,13.596],[44.019,13.594],[44.027,13.595],[44.027,13.59],[44.022,13.59],[44.018,13.585],[44.022,13.579],[44.025,13.579],[44.026,13.575],[44.021,13.574],[44.024,13.568],[44.027,13.565],[44.028,13.558],[44.046,13.558],[44.046,13.56],[44.048,13.559],[44.05,13.56],[44.049,13.565],[44.051,13.569],[44.041,13.574],[44.045,13.577],[44.043,13.579],[44.053,13.581],[44.056,13.589],[44.06,13.589],[44.062,13.587],[44.067,13.589],[44.071,13.588],[44.07,13.596],[44.074,13.599],[44.074,13.603]]]}},{"type":"Feature","properties":{"id":"at-ta-iziyah","name":"At Ta'iziyah","gov":"YE-TA","km2":614,"c":[13.665,44.008]},"geometry":{"type":"Polygon","coordinates":[[[44.165,13.75],[44.147,13.749],[44.14,13.747],[44.126,13.747],[44.118,13.755],[44.099,13.767],[44.092,13.774],[44.089,13.783],[44.085,13.785],[44.08,13.781],[44.079,13.774],[44.077,13.771],[44.058,13.767],[44.039,13.769],[44.026,13.776],[44.011,13.78],[44,13.785],[43.982,13.8],[43.973,13.79],[43.967,13.791],[43.965,13.794],[43.962,13.795],[43.953,13.795],[43.954,13.789],[43.95,13.781],[43.95,13.776],[43.953,13.768],[43.962,13.754],[43.963,13.745],[43.966,13.738],[43.965,13.735],[43.96,13.73],[43.961,13.723],[43.975,13.71],[43.981,13.698],[43.974,13.694],[43.968,13.683],[43.949,13.676],[43.945,13.69],[43.949,13.694],[43.949,13.698],[43.945,13.702],[43.937,13.703],[43.927,13.708],[43.926,13.713],[43.915,13.728],[43.905,13.725],[43.9,13.721],[43.898,13.721],[43.895,13.716],[43.888,13.696],[43.883,13.687],[43.876,13.682],[43.874,13.677],[43.866,13.681],[43.862,13.686],[43.864,13.69],[43.863,13.698],[43.86,13.701],[43.857,13.705],[43.853,13.705],[43.853,13.701],[43.849,13.695],[43.848,13.691],[43.85,13.689],[43.848,13.687],[43.838,13.694],[43.829,13.701],[43.821,13.696],[43.82,13.693],[43.822,13.687],[43.822,13.677],[43.829,13.665],[43.838,13.658],[43.86,13.654],[43.864,13.637],[43.863,13.592],[43.861,13.58],[43.866,13.572],[43.866,13.567],[43.874,13.568],[43.884,13.575],[43.886,13.575],[43.894,13.568],[43.915,13.568],[43.923,13.571],[43.928,13.568],[43.928,13.565],[43.93,13.565],[43.935,13.568],[43.94,13.578],[43.957,13.59],[43.956,13.596],[43.96,13.595],[43.962,13.596],[43.96,13.598],[43.961,13.603],[43.962,13.601],[43.966,13.601],[43.968,13.6],[43.978,13.59],[43.979,13.59],[43.979,13.594],[43.984,13.594],[43.985,13.597],[43.992,13.595],[43.993,13.593],[43.995,13.593],[43.998,13.592],[44,13.594],[44.005,13.594],[43.998,13.605],[43.997,13.612],[44.007,13.615],[44.016,13.615],[44.019,13.605],[44.023,13.602],[44.044,13.603],[44.044,13.6],[44.047,13.6],[44.048,13.603],[44.059,13.603],[44.059,13.6],[44.06,13.603],[44.065,13.604],[44.074,13.603],[44.092,13.605],[44.094,13.6],[44.099,13.601],[44.097,13.615],[44.099,13.617],[44.1,13.62],[44.111,13.621],[44.113,13.618],[44.103,13.608],[44.103,13.604],[44.105,13.599],[44.108,13.599],[44.115,13.591],[44.125,13.584],[44.127,13.585],[44.138,13.603],[44.134,13.613],[44.137,13.616],[44.142,13.61],[44.154,13.607],[44.172,13.61],[44.184,13.615],[44.194,13.614],[44.21,13.614],[44.211,13.629],[44.199,13.651],[44.194,13.653],[44.188,13.651],[44.176,13.651],[44.175,13.653],[44.174,13.652],[44.172,13.657],[44.173,13.66],[44.172,13.661],[44.176,13.664],[44.172,13.678],[44.171,13.69],[44.175,13.694],[44.191,13.705],[44.198,13.718],[44.197,13.723],[44.193,13.728],[44.183,13.733],[44.171,13.749],[44.165,13.75]]]}},{"type":"Feature","properties":{"id":"al-ma-afer","name":"Al Ma'afer","gov":"YE-TA","km2":348,"c":[13.365,43.959]},"geometry":{"type":"Polygon","coordinates":[[[43.782,13.288],[43.782,13.288],[43.823,13.295],[43.846,13.292],[43.86,13.285],[43.896,13.28],[43.917,13.274],[43.936,13.274],[43.945,13.275],[43.952,13.284],[43.963,13.291],[43.966,13.288],[43.983,13.284],[43.982,13.308],[43.993,13.31],[43.999,13.318],[44.004,13.32],[44.007,13.328],[44.018,13.329],[44.019,13.333],[44.022,13.333],[44.033,13.34],[44.047,13.343],[44.053,13.348],[44.066,13.342],[44.07,13.341],[44.074,13.342],[44.079,13.347],[44.08,13.35],[44.072,13.355],[44.072,13.356],[44.076,13.358],[44.079,13.362],[44.082,13.363],[44.091,13.361],[44.097,13.366],[44.079,13.382],[44.063,13.4],[44.058,13.405],[44.056,13.412],[44.022,13.408],[44.019,13.409],[44.018,13.435],[44.016,13.441],[44.018,13.444],[44.014,13.445],[44.009,13.449],[44.008,13.453],[44.008,13.458],[44.001,13.465],[44.001,13.468],[43.996,13.467],[43.993,13.465],[43.988,13.466],[43.987,13.471],[43.976,13.477],[43.967,13.464],[43.965,13.443],[43.952,13.434],[43.944,13.416],[43.94,13.41],[43.928,13.405],[43.916,13.394],[43.9,13.385],[43.9,13.376],[43.895,13.366],[43.885,13.358],[43.881,13.358],[43.869,13.362],[43.856,13.363],[43.845,13.359],[43.83,13.359],[43.822,13.354],[43.809,13.346],[43.797,13.331],[43.792,13.328],[43.786,13.328],[43.757,13.334],[43.762,13.316],[43.782,13.291],[43.782,13.288]]]}},{"type":"Feature","properties":{"id":"markhah-al-olya","name":"Markhah Al Olya","gov":"YE-SH","km2":956,"c":[14.52,45.954]},"geometry":{"type":"Polygon","coordinates":[[[45.852,14.347],[45.86,14.344],[45.87,14.345],[45.939,14.361],[45.964,14.375],[46.011,14.405],[46.041,14.421],[46.044,14.425],[46.05,14.439],[46.063,14.464],[46.065,14.476],[46.058,14.494],[46.059,14.5],[46.086,14.535],[46.091,14.551],[46.093,14.576],[46.088,14.579],[46.091,14.598],[46.083,14.613],[46.085,14.62],[46.083,14.624],[46.075,14.632],[46.052,14.64],[46.024,14.646],[45.995,14.644],[45.977,14.644],[45.967,14.643],[45.936,14.65],[45.912,14.66],[45.878,14.661],[45.785,14.649],[45.772,14.63],[45.756,14.611],[45.741,14.588],[45.781,14.499],[45.787,14.481],[45.791,14.457],[45.811,14.407],[45.826,14.376],[45.837,14.357],[45.852,14.347]]]}},{"type":"Feature","properties":{"id":"al-mawasit","name":"Al Mawasit","gov":"YE-TA","km2":216,"c":[13.306,44.11]},"geometry":{"type":"Polygon","coordinates":[[[44.154,13.348],[44.139,13.352],[44.131,13.35],[44.12,13.351],[44.114,13.355],[44.111,13.354],[44.097,13.366],[44.091,13.361],[44.082,13.363],[44.079,13.362],[44.076,13.358],[44.072,13.356],[44.072,13.355],[44.08,13.35],[44.079,13.347],[44.074,13.342],[44.07,13.341],[44.066,13.342],[44.053,13.348],[44.047,13.343],[44.033,13.34],[44.022,13.333],[44.019,13.333],[44.018,13.329],[44.007,13.328],[44.004,13.32],[43.999,13.318],[43.993,13.31],[43.982,13.308],[43.983,13.284],[43.995,13.281],[43.996,13.278],[44.021,13.264],[44.026,13.263],[44.035,13.257],[44.07,13.248],[44.085,13.243],[44.09,13.246],[44.099,13.247],[44.115,13.257],[44.119,13.257],[44.122,13.254],[44.131,13.25],[44.145,13.253],[44.147,13.256],[44.155,13.26],[44.161,13.26],[44.171,13.251],[44.175,13.246],[44.184,13.242],[44.188,13.247],[44.189,13.252],[44.186,13.256],[44.187,13.26],[44.202,13.268],[44.218,13.273],[44.219,13.288],[44.217,13.294],[44.203,13.301],[44.2,13.306],[44.181,13.315],[44.175,13.316],[44.17,13.32],[44.165,13.318],[44.164,13.321],[44.162,13.319],[44.156,13.323],[44.155,13.327],[44.151,13.327],[44.15,13.331],[44.152,13.333],[44.155,13.342],[44.154,13.348]]]}},{"type":"Feature","properties":{"id":"sami","name":"Sami'","gov":"YE-TA","km2":60,"c":[13.387,44.126]},"geometry":{"type":"Polygon","coordinates":[[[44.177,13.399],[44.165,13.404],[44.159,13.403],[44.146,13.407],[44.142,13.404],[44.132,13.414],[44.129,13.414],[44.126,13.412],[44.105,13.407],[44.091,13.411],[44.086,13.407],[44.083,13.412],[44.068,13.414],[44.056,13.412],[44.058,13.405],[44.063,13.4],[44.079,13.382],[44.097,13.366],[44.111,13.354],[44.114,13.355],[44.12,13.351],[44.131,13.35],[44.139,13.352],[44.154,13.348],[44.155,13.35],[44.165,13.355],[44.166,13.358],[44.166,13.381],[44.169,13.387],[44.175,13.392],[44.177,13.399]]]}},{"type":"Feature","properties":{"id":"khab-wa-ash-sha-f","name":"Khab wa Ash Sha'f","gov":"YE-JA","km2":31678,"c":[16.587,45.205]},"geometry":{"type":"Polygon","coordinates":[[[47.002,16.95],[47,16.95],[46.75,17.283],[46.367,17.233],[46.1,17.25],[45.75,17.292],[45.4,17.333],[45.217,17.433],[44.953,17.434],[44.953,17.233],[44.951,17.233],[44.953,17.23],[44.953,17.053],[44.953,16.947],[44.886,16.952],[44.871,16.941],[44.861,16.943],[44.854,16.94],[44.851,16.937],[44.847,16.921],[44.843,16.916],[44.835,16.909],[44.826,16.907],[44.815,16.906],[44.797,16.895],[44.778,16.888],[44.744,16.882],[44.733,16.878],[44.723,16.873],[44.698,16.855],[44.69,16.853],[44.678,16.852],[44.663,16.854],[44.654,16.851],[44.648,16.847],[44.638,16.834],[44.626,16.821],[44.603,16.805],[44.588,16.799],[44.615,16.789],[44.642,16.782],[44.655,16.774],[44.66,16.683],[44.668,16.644],[44.679,16.62],[44.692,16.576],[44.695,16.555],[44.691,16.533],[44.629,16.437],[44.636,16.435],[44.664,16.428],[44.675,16.424],[44.694,16.413],[44.704,16.4],[44.711,16.394],[44.721,16.388],[44.737,16.381],[44.764,16.383],[44.791,16.38],[44.841,16.366],[44.878,16.346],[44.929,16.3],[44.95,16.29],[44.965,16.287],[44.984,16.289],[45.023,16.286],[45.044,16.229],[45.045,16.192],[45.125,16.163],[45.206,16.093],[45.241,15.989],[45.251,15.754],[45.481,15.754],[45.489,15.758],[45.504,15.769],[45.534,15.799],[45.547,15.815],[45.591,15.88],[45.634,15.922],[45.673,15.949],[45.71,15.97],[45.74,15.984],[45.784,16.001],[45.822,16.012],[46.003,16.04],[46.446,16.113],[46.811,16.162],[46.841,16.195],[47.002,16.371],[47.004,16.83],[47.003,16.83],[47.002,16.95]]]}},{"type":"Feature","properties":{"id":"al-matammah","name":"Al Matammah","gov":"YE-JA","km2":732,"c":[16.241,44.386]},"geometry":{"type":"Polygon","coordinates":[[[44.294,16.371],[44.294,16.35],[44.292,16.34],[44.286,16.325],[44.277,16.312],[44.274,16.303],[44.279,16.303],[44.282,16.298],[44.287,16.295],[44.296,16.296],[44.302,16.291],[44.303,16.277],[44.302,16.272],[44.297,16.266],[44.295,16.251],[44.265,16.214],[44.264,16.21],[44.266,16.208],[44.284,16.202],[44.291,16.186],[44.29,16.179],[44.288,16.174],[44.288,16.168],[44.289,16.162],[44.286,16.154],[44.287,16.148],[44.278,16.139],[44.276,16.134],[44.277,16.131],[44.279,16.129],[44.281,16.123],[44.295,16.114],[44.307,16.098],[44.319,16.079],[44.325,16.064],[44.33,16.059],[44.357,16.047],[44.373,16.038],[44.383,16.03],[44.427,16.032],[44.484,16.02],[44.491,16.058],[44.471,16.1],[44.435,16.14],[44.44,16.169],[44.484,16.175],[44.492,16.174],[44.495,16.178],[44.498,16.188],[44.51,16.24],[44.519,16.264],[44.514,16.267],[44.511,16.274],[44.511,16.286],[44.507,16.295],[44.498,16.295],[44.483,16.29],[44.477,16.295],[44.477,16.299],[44.473,16.302],[44.476,16.304],[44.476,16.306],[44.472,16.308],[44.475,16.31],[44.471,16.309],[44.468,16.306],[44.465,16.307],[44.461,16.316],[44.463,16.32],[44.459,16.323],[44.461,16.329],[44.461,16.327],[44.463,16.327],[44.464,16.331],[44.461,16.333],[44.448,16.333],[44.454,16.339],[44.459,16.35],[44.458,16.359],[44.45,16.372],[44.448,16.371],[44.416,16.362],[44.349,16.377],[44.31,16.371],[44.294,16.371]]]}},{"type":"Feature","properties":{"id":"az-zahir-ja","name":"Az Zahir","gov":"YE-JA","km2":135,"c":[16.321,44.486]},"geometry":{"type":"Polygon","coordinates":[[[44.45,16.372],[44.458,16.359],[44.459,16.35],[44.454,16.339],[44.448,16.333],[44.461,16.333],[44.464,16.331],[44.463,16.327],[44.461,16.327],[44.461,16.329],[44.459,16.323],[44.463,16.32],[44.461,16.316],[44.465,16.307],[44.468,16.306],[44.471,16.309],[44.475,16.31],[44.472,16.308],[44.476,16.306],[44.476,16.304],[44.473,16.302],[44.477,16.299],[44.477,16.295],[44.483,16.29],[44.498,16.295],[44.507,16.295],[44.511,16.286],[44.511,16.274],[44.514,16.267],[44.519,16.264],[44.532,16.272],[44.535,16.282],[44.542,16.287],[44.547,16.297],[44.601,16.388],[44.542,16.382],[44.515,16.392],[44.477,16.398],[44.463,16.389],[44.45,16.372]]]}},{"type":"Feature","properties":{"id":"al-hazm","name":"Al Hazm","gov":"YE-JA","km2":2068,"c":[16.214,44.844]},"geometry":{"type":"Polygon","coordinates":[[[44.704,16.4],[44.691,16.391],[44.686,16.384],[44.685,16.375],[44.689,16.366],[44.69,16.357],[44.671,16.296],[44.665,16.266],[44.661,16.233],[44.657,16.215],[44.648,16.188],[44.698,16.186],[44.676,16.153],[44.776,16.11],[44.841,16.096],[44.854,16.072],[44.856,16.055],[44.863,16.054],[44.864,16.062],[44.877,16.06],[44.874,16.044],[44.853,16.044],[44.847,16.023],[45.06,15.881],[45.251,15.754],[45.241,15.989],[45.206,16.093],[45.125,16.163],[45.045,16.192],[45.044,16.229],[45.023,16.286],[44.984,16.289],[44.965,16.287],[44.95,16.29],[44.929,16.3],[44.878,16.346],[44.841,16.366],[44.791,16.38],[44.764,16.383],[44.737,16.381],[44.721,16.388],[44.711,16.394],[44.704,16.4]]]}},{"type":"Feature","properties":{"id":"al-mutun","name":"Al Mutun","gov":"YE-JA","km2":342,"c":[16.323,44.624]},"geometry":{"type":"Polygon","coordinates":[[[44.601,16.388],[44.547,16.297],[44.542,16.287],[44.535,16.282],[44.532,16.272],[44.519,16.264],[44.51,16.24],[44.498,16.188],[44.595,16.19],[44.648,16.188],[44.657,16.215],[44.661,16.233],[44.665,16.266],[44.671,16.296],[44.69,16.357],[44.689,16.366],[44.685,16.375],[44.686,16.384],[44.691,16.391],[44.704,16.4],[44.694,16.413],[44.675,16.424],[44.664,16.428],[44.636,16.435],[44.629,16.437],[44.601,16.388]]]}},{"type":"Feature","properties":{"id":"al-maslub","name":"Al Maslub","gov":"YE-JA","km2":359,"c":[16.123,44.535]},"geometry":{"type":"Polygon","coordinates":[[[44.484,16.02],[44.575,16.002],[44.593,16.028],[44.676,16.153],[44.698,16.186],[44.648,16.188],[44.595,16.19],[44.498,16.188],[44.495,16.178],[44.492,16.174],[44.484,16.175],[44.44,16.169],[44.435,16.14],[44.471,16.1],[44.491,16.058],[44.484,16.02]]]}},{"type":"Feature","properties":{"id":"al-ghayl","name":"Al Ghayl","gov":"YE-JA","km2":153,"c":[16.094,44.687]},"geometry":{"type":"Polygon","coordinates":[[[44.676,16.153],[44.593,16.028],[44.715,16.029],[44.776,16.11],[44.676,16.153]]]}},{"type":"Feature","properties":{"id":"al-khalaq","name":"Al Khalaq","gov":"YE-JA","km2":98,"c":[16.061,44.833]},"geometry":{"type":"Polygon","coordinates":[[[44.776,16.11],[44.715,16.029],[44.838,16.029],[44.847,16.023],[44.853,16.044],[44.874,16.044],[44.877,16.06],[44.864,16.062],[44.863,16.054],[44.856,16.055],[44.854,16.072],[44.841,16.096],[44.776,16.11]]]}},{"type":"Feature","properties":{"id":"barat-al-anan","name":"Barat Al Anan","gov":"YE-JA","km2":2014,"c":[16.874,44.501]},"geometry":{"type":"Polygon","coordinates":[[[44.953,17.053],[44.909,17.055],[44.857,17.063],[44.845,17.066],[44.835,17.072],[44.799,17.095],[44.781,17.1],[44.749,17.103],[44.646,17.104],[44.554,17.108],[44.543,17.103],[44.532,17.096],[44.519,17.077],[44.502,17.06],[44.48,17.055],[44.424,17.022],[44.404,17.009],[44.402,17.007],[44.392,16.985],[44.378,16.963],[44.378,16.955],[44.374,16.947],[44.357,16.931],[44.347,16.917],[44.343,16.917],[44.338,16.92],[44.333,16.918],[44.329,16.912],[44.328,16.902],[44.331,16.895],[44.33,16.892],[44.317,16.892],[44.314,16.888],[44.317,16.87],[44.313,16.866],[44.304,16.868],[44.292,16.881],[44.289,16.88],[44.287,16.864],[44.28,16.849],[44.274,16.845],[44.251,16.809],[44.243,16.805],[44.185,16.794],[44.167,16.794],[44.148,16.781],[44.109,16.763],[44.121,16.74],[44.121,16.72],[44.198,16.689],[44.209,16.683],[44.23,16.665],[44.285,16.643],[44.328,16.623],[44.331,16.65],[44.338,16.676],[44.342,16.685],[44.346,16.711],[44.357,16.733],[44.361,16.738],[44.361,16.742],[44.365,16.745],[44.367,16.75],[44.382,16.752],[44.392,16.751],[44.404,16.756],[44.411,16.76],[44.442,16.763],[44.447,16.766],[44.453,16.764],[44.456,16.762],[44.464,16.764],[44.482,16.773],[44.505,16.794],[44.514,16.8],[44.539,16.802],[44.588,16.799],[44.603,16.805],[44.626,16.821],[44.638,16.834],[44.648,16.847],[44.654,16.851],[44.663,16.854],[44.678,16.852],[44.69,16.853],[44.698,16.855],[44.723,16.873],[44.733,16.878],[44.744,16.882],[44.778,16.888],[44.797,16.895],[44.815,16.906],[44.826,16.907],[44.835,16.909],[44.843,16.916],[44.847,16.921],[44.851,16.937],[44.854,16.94],[44.861,16.943],[44.871,16.941],[44.886,16.952],[44.953,16.947],[44.953,17.053]]]}},{"type":"Feature","properties":{"id":"rajuzah","name":"Rajuzah","gov":"YE-JA","km2":1016,"c":[16.645,44.482]},"geometry":{"type":"Polygon","coordinates":[[[44.629,16.437],[44.691,16.533],[44.695,16.555],[44.692,16.576],[44.679,16.62],[44.668,16.644],[44.66,16.683],[44.655,16.774],[44.642,16.782],[44.615,16.789],[44.588,16.799],[44.539,16.802],[44.514,16.8],[44.505,16.794],[44.482,16.773],[44.464,16.764],[44.456,16.762],[44.453,16.764],[44.447,16.766],[44.442,16.763],[44.411,16.76],[44.404,16.756],[44.392,16.751],[44.382,16.752],[44.367,16.75],[44.365,16.745],[44.361,16.742],[44.361,16.738],[44.357,16.733],[44.346,16.711],[44.342,16.685],[44.338,16.676],[44.331,16.65],[44.328,16.623],[44.335,16.619],[44.344,16.621],[44.356,16.615],[44.376,16.602],[44.379,16.599],[44.379,16.595],[44.391,16.587],[44.418,16.572],[44.486,16.534],[44.501,16.524],[44.505,16.516],[44.513,16.49],[44.518,16.48],[44.523,16.475],[44.53,16.47],[44.539,16.465],[44.552,16.462],[44.574,16.458],[44.598,16.456],[44.629,16.437]]]}},{"type":"Feature","properties":{"id":"kharab-al-marashi","name":"Kharab Al Marashi","gov":"YE-JA","km2":359,"c":[16.577,44.286]},"geometry":{"type":"Polygon","coordinates":[[[44.418,16.572],[44.391,16.587],[44.379,16.595],[44.379,16.599],[44.376,16.602],[44.356,16.615],[44.344,16.621],[44.335,16.619],[44.328,16.623],[44.285,16.643],[44.23,16.665],[44.209,16.683],[44.198,16.689],[44.121,16.72],[44.102,16.645],[44.107,16.642],[44.121,16.629],[44.154,16.61],[44.173,16.607],[44.19,16.588],[44.211,16.571],[44.22,16.569],[44.229,16.564],[44.236,16.564],[44.243,16.562],[44.254,16.55],[44.254,16.546],[44.27,16.542],[44.263,16.529],[44.262,16.489],[44.308,16.489],[44.318,16.494],[44.318,16.498],[44.324,16.503],[44.345,16.502],[44.363,16.507],[44.366,16.508],[44.367,16.511],[44.365,16.528],[44.374,16.547],[44.389,16.56],[44.402,16.566],[44.418,16.572]]]}},{"type":"Feature","properties":{"id":"bakil-al-mir","name":"Bakil Al Mir","gov":"YE-HJ","km2":619,"c":[16.538,43.302]},"geometry":{"type":"Polygon","coordinates":[[[43.235,16.643],[43.227,16.642],[43.224,16.648],[43.219,16.649],[43.218,16.642],[43.22,16.638],[43.223,16.634],[43.234,16.628],[43.237,16.622],[43.237,16.616],[43.225,16.619],[43.221,16.618],[43.216,16.605],[43.217,16.586],[43.221,16.578],[43.226,16.561],[43.215,16.541],[43.19,16.516],[43.189,16.512],[43.193,16.503],[43.212,16.498],[43.224,16.496],[43.248,16.488],[43.261,16.482],[43.271,16.475],[43.273,16.471],[43.276,16.465],[43.276,16.458],[43.271,16.437],[43.268,16.401],[43.268,16.374],[43.269,16.367],[43.29,16.368],[43.309,16.374],[43.32,16.376],[43.332,16.379],[43.339,16.384],[43.347,16.393],[43.374,16.417],[43.405,16.456],[43.43,16.456],[43.45,16.453],[43.477,16.446],[43.489,16.436],[43.501,16.436],[43.496,16.613],[43.471,16.612],[43.446,16.62],[43.438,16.62],[43.429,16.619],[43.418,16.615],[43.413,16.612],[43.409,16.606],[43.407,16.604],[43.342,16.598],[43.331,16.6],[43.322,16.605],[43.307,16.612],[43.274,16.634],[43.259,16.637],[43.246,16.637],[43.237,16.64],[43.235,16.643]]]}},{"type":"Feature","properties":{"id":"harad","name":"Harad","gov":"YE-HJ","km2":957,"c":[16.479,43.131]},"geometry":{"type":"Polygon","coordinates":[[[43.219,16.649],[43.216,16.65],[43.206,16.648],[43.176,16.66],[43.166,16.666],[43.157,16.667],[43.152,16.677],[43.15,16.674],[43.145,16.672],[43.136,16.663],[43.141,16.655],[43.146,16.636],[43.144,16.629],[43.139,16.622],[43.142,16.605],[43.14,16.597],[43.129,16.593],[43.131,16.584],[43.13,16.574],[43.126,16.575],[43.121,16.529],[43.076,16.528],[43.067,16.53],[43.059,16.525],[42.992,16.522],[42.984,16.515],[42.975,16.512],[42.95,16.497],[42.945,16.49],[42.938,16.451],[42.947,16.435],[42.938,16.409],[42.95,16.408],[42.955,16.403],[42.975,16.409],[42.984,16.41],[42.994,16.408],[42.997,16.401],[42.989,16.38],[42.984,16.375],[42.969,16.367],[42.95,16.367],[42.944,16.361],[42.952,16.331],[42.948,16.309],[42.954,16.284],[42.957,16.276],[43.051,16.29],[43.065,16.3],[43.081,16.303],[43.085,16.3],[43.094,16.303],[43.132,16.301],[43.136,16.299],[43.14,16.293],[43.154,16.294],[43.164,16.291],[43.169,16.287],[43.187,16.284],[43.206,16.284],[43.229,16.291],[43.237,16.309],[43.242,16.329],[43.249,16.335],[43.261,16.362],[43.269,16.367],[43.268,16.374],[43.268,16.401],[43.271,16.437],[43.276,16.458],[43.276,16.465],[43.273,16.471],[43.271,16.475],[43.261,16.482],[43.248,16.488],[43.224,16.496],[43.212,16.498],[43.193,16.503],[43.189,16.512],[43.19,16.516],[43.215,16.541],[43.226,16.561],[43.221,16.578],[43.217,16.586],[43.216,16.605],[43.221,16.618],[43.225,16.619],[43.237,16.616],[43.237,16.622],[43.234,16.628],[43.223,16.634],[43.22,16.638],[43.218,16.642],[43.219,16.649]]]}},{"type":"Feature","properties":{"id":"midi","name":"Midi","gov":"YE-HJ","km2":792,"c":[16.208,42.837]},"geometry":{"type":"MultiPolygon","coordinates":[[[[42.798,15.892],[42.797,15.894],[42.796,15.892],[42.798,15.892]]],[[[42.688,15.965],[42.681,15.966],[42.674,15.964],[42.675,15.962],[42.677,15.962],[42.688,15.965]]],[[[42.639,15.962],[42.64,15.966],[42.636,15.967],[42.636,15.963],[42.639,15.962]]],[[[42.779,15.977],[42.779,15.978],[42.778,15.978],[42.777,15.977],[42.779,15.976],[42.779,15.977]]],[[[42.636,15.989],[42.63,15.992],[42.627,15.99],[42.627,15.987],[42.633,15.983],[42.636,15.989]]],[[[42.594,16.005],[42.587,16.006],[42.585,16.002],[42.59,16],[42.597,16.006],[42.594,16.005]]],[[[42.71,16.023],[42.706,16.022],[42.709,16.021],[42.71,16.023]]],[[[42.606,16.025],[42.604,16.026],[42.603,16.025],[42.606,16.025]]],[[[42.704,16.078],[42.706,16.08],[42.704,16.079],[42.704,16.078]]],[[[42.42,16.105],[42.422,16.111],[42.412,16.104],[42.408,16.102],[42.407,16.1],[42.408,16.096],[42.414,16.097],[42.418,16.101],[42.42,16.105]]],[[[42.666,16.134],[42.667,16.136],[42.658,16.134],[42.659,16.132],[42.661,16.132],[42.666,16.134]]],[[[42.702,16.135],[42.701,16.136],[42.7,16.134],[42.702,16.133],[42.702,16.135]]],[[[42.34,16.138],[42.34,16.141],[42.336,16.145],[42.336,16.144],[42.34,16.138]]],[[[42.357,16.142],[42.358,16.146],[42.357,16.147],[42.356,16.143],[42.357,16.142]]],[[[42.354,16.135],[42.353,16.14],[42.351,16.148],[42.349,16.15],[42.348,16.147],[42.351,16.143],[42.354,16.135]]],[[[42.284,16.146],[42.287,16.15],[42.28,16.145],[42.278,16.147],[42.274,16.145],[42.274,16.142],[42.276,16.14],[42.284,16.146]]],[[[42.628,16.157],[42.628,16.159],[42.626,16.157],[42.628,16.156],[42.628,16.157]]],[[[42.669,16.167],[42.666,16.17],[42.663,16.168],[42.664,16.167],[42.672,16.165],[42.669,16.167]]],[[[42.526,16.165],[42.527,16.17],[42.521,16.173],[42.516,16.183],[42.512,16.183],[42.511,16.181],[42.511,16.175],[42.514,16.171],[42.519,16.165],[42.526,16.165]]],[[[42.81,16.188],[42.807,16.187],[42.811,16.182],[42.81,16.188]]],[[[42.556,16.183],[42.556,16.189],[42.552,16.192],[42.549,16.191],[42.546,16.186],[42.546,16.181],[42.549,16.177],[42.552,16.177],[42.556,16.183]]],[[[42.373,16.179],[42.376,16.18],[42.385,16.186],[42.384,16.188],[42.387,16.199],[42.384,16.204],[42.375,16.21],[42.375,16.218],[42.373,16.219],[42.366,16.213],[42.36,16.197],[42.361,16.192],[42.366,16.186],[42.368,16.182],[42.371,16.179],[42.373,16.179]]],[[[42.788,16.233],[42.787,16.236],[42.785,16.235],[42.786,16.231],[42.788,16.233]]],[[[42.435,16.24],[42.433,16.239],[42.435,16.239],[42.435,16.24]]],[[[42.518,16.246],[42.517,16.248],[42.517,16.244],[42.518,16.246]]],[[[42.767,16.254],[42.765,16.254],[42.764,16.251],[42.766,16.251],[42.767,16.254]]],[[[42.487,16.264],[42.485,16.266],[42.48,16.262],[42.478,16.263],[42.481,16.26],[42.49,16.259],[42.501,16.255],[42.503,16.256],[42.502,16.259],[42.487,16.264]]],[[[42.781,16.278],[42.78,16.281],[42.778,16.28],[42.777,16.277],[42.781,16.278]]],[[[42.361,16.283],[42.36,16.283],[42.359,16.276],[42.35,16.27],[42.348,16.265],[42.354,16.26],[42.359,16.26],[42.361,16.262],[42.366,16.277],[42.369,16.282],[42.361,16.283]]],[[[42.557,16.299],[42.555,16.299],[42.554,16.296],[42.557,16.299]]],[[[42.475,16.289],[42.469,16.293],[42.473,16.305],[42.466,16.303],[42.45,16.283],[42.452,16.281],[42.456,16.283],[42.459,16.281],[42.467,16.266],[42.469,16.269],[42.471,16.274],[42.475,16.275],[42.494,16.274],[42.513,16.269],[42.506,16.277],[42.507,16.281],[42.509,16.282],[42.516,16.285],[42.524,16.283],[42.532,16.285],[42.539,16.283],[42.542,16.285],[42.532,16.285],[42.524,16.283],[42.517,16.285],[42.514,16.285],[42.5,16.28],[42.492,16.285],[42.482,16.285],[42.48,16.288],[42.481,16.289],[42.479,16.289],[42.488,16.291],[42.475,16.289]]],[[[42.556,16.308],[42.555,16.309],[42.556,16.307],[42.556,16.308]]],[[[42.487,16.304],[42.485,16.308],[42.481,16.309],[42.478,16.308],[42.482,16.303],[42.486,16.302],[42.487,16.304]]],[[[42.582,16.315],[42.578,16.313],[42.577,16.311],[42.58,16.311],[42.583,16.314],[42.586,16.314],[42.582,16.315]]],[[[42.567,16.316],[42.565,16.315],[42.566,16.314],[42.567,16.316]]],[[[42.34,16.319],[42.339,16.32],[42.337,16.318],[42.334,16.319],[42.33,16.317],[42.331,16.316],[42.331,16.317],[42.332,16.316],[42.332,16.317],[42.334,16.317],[42.335,16.316],[42.334,16.314],[42.33,16.316],[42.33,16.316],[42.329,16.317],[42.321,16.312],[42.307,16.297],[42.296,16.292],[42.299,16.284],[42.304,16.282],[42.307,16.283],[42.324,16.278],[42.333,16.279],[42.337,16.287],[42.342,16.292],[42.344,16.3],[42.347,16.304],[42.343,16.31],[42.34,16.319]]],[[[42.202,16.32],[42.197,16.32],[42.192,16.316],[42.195,16.306],[42.193,16.3],[42.193,16.288],[42.2,16.282],[42.202,16.283],[42.203,16.288],[42.211,16.289],[42.212,16.292],[42.208,16.297],[42.207,16.3],[42.208,16.305],[42.211,16.309],[42.202,16.312],[42.198,16.311],[42.197,16.313],[42.196,16.316],[42.2,16.318],[42.201,16.318],[42.201,16.314],[42.204,16.319],[42.202,16.32]]],[[[42.682,16.328],[42.679,16.329],[42.679,16.326],[42.686,16.327],[42.682,16.328]]],[[[42.486,16.32],[42.483,16.328],[42.477,16.324],[42.477,16.322],[42.479,16.321],[42.486,16.32]]],[[[42.574,16.328],[42.572,16.325],[42.575,16.328],[42.574,16.328]]],[[[41.969,16.301],[41.969,16.307],[41.965,16.312],[41.967,16.318],[41.966,16.322],[41.962,16.324],[41.957,16.32],[41.957,16.318],[41.957,16.313],[41.959,16.306],[41.958,16.301],[41.959,16.3],[41.963,16.301],[41.967,16.298],[41.969,16.301]]],[[[42.267,16.33],[42.264,16.33],[42.256,16.323],[42.247,16.319],[42.238,16.311],[42.235,16.304],[42.236,16.3],[42.24,16.298],[42.238,16.293],[42.241,16.294],[42.241,16.298],[42.247,16.298],[42.248,16.304],[42.247,16.309],[42.256,16.322],[42.267,16.33]]],[[[42.495,16.336],[42.493,16.338],[42.493,16.336],[42.495,16.336]]],[[[42.498,16.346],[42.499,16.347],[42.498,16.348],[42.494,16.349],[42.498,16.346]]],[[[42.35,16.354],[42.335,16.349],[42.333,16.347],[42.336,16.346],[42.347,16.35],[42.352,16.353],[42.35,16.354]]],[[[42.452,16.364],[42.44,16.361],[42.436,16.355],[42.44,16.355],[42.438,16.357],[42.439,16.359],[42.446,16.362],[42.451,16.363],[42.461,16.362],[42.459,16.364],[42.452,16.364]]],[[[42.359,16.375],[42.359,16.376],[42.356,16.375],[42.359,16.375]]],[[[42.424,16.376],[42.422,16.38],[42.418,16.378],[42.415,16.372],[42.419,16.37],[42.423,16.37],[42.424,16.376]]],[[[42.304,16.381],[42.3,16.382],[42.292,16.38],[42.286,16.375],[42.292,16.374],[42.304,16.378],[42.305,16.379],[42.304,16.381]]],[[[42.769,16.388],[42.768,16.384],[42.769,16.378],[42.77,16.378],[42.769,16.388]]],[[[42.658,16.393],[42.656,16.394],[42.65,16.392],[42.651,16.391],[42.658,16.393]]],[[[42.5,16.395],[42.501,16.397],[42.499,16.398],[42.498,16.396],[42.5,16.395]]],[[[42.768,16.401],[42.769,16.402],[42.767,16.4],[42.768,16.396],[42.766,16.394],[42.764,16.385],[42.761,16.379],[42.772,16.365],[42.781,16.358],[42.783,16.359],[42.78,16.359],[42.778,16.363],[42.774,16.365],[42.767,16.375],[42.768,16.379],[42.765,16.384],[42.766,16.388],[42.769,16.393],[42.768,16.4],[42.77,16.402],[42.768,16.401]]],[[[42.648,16.403],[42.645,16.402],[42.647,16.4],[42.649,16.401],[42.648,16.403]]],[[[42.955,16.403],[42.956,16.402],[42.95,16.399],[42.932,16.399],[42.923,16.395],[42.831,16.38],[42.827,16.388],[42.811,16.395],[42.804,16.401],[42.781,16.404],[42.772,16.404],[42.772,16.397],[42.774,16.397],[42.776,16.391],[42.774,16.389],[42.774,16.386],[42.772,16.385],[42.775,16.383],[42.773,16.381],[42.776,16.379],[42.777,16.375],[42.779,16.377],[42.778,16.375],[42.78,16.374],[42.776,16.37],[42.78,16.369],[42.789,16.359],[42.794,16.356],[42.796,16.35],[42.801,16.344],[42.799,16.338],[42.794,16.339],[42.792,16.347],[42.79,16.344],[42.787,16.351],[42.786,16.356],[42.786,16.351],[42.779,16.353],[42.773,16.344],[42.779,16.352],[42.781,16.352],[42.785,16.346],[42.782,16.345],[42.78,16.343],[42.776,16.344],[42.779,16.342],[42.784,16.346],[42.789,16.346],[42.797,16.329],[42.798,16.317],[42.796,16.318],[42.797,16.316],[42.796,16.316],[42.794,16.313],[42.794,16.312],[42.797,16.311],[42.794,16.311],[42.794,16.31],[42.797,16.31],[42.794,16.309],[42.797,16.308],[42.793,16.308],[42.793,16.306],[42.795,16.292],[42.798,16.288],[42.797,16.286],[42.799,16.284],[42.797,16.284],[42.8,16.282],[42.799,16.281],[42.805,16.268],[42.806,16.266],[42.807,16.268],[42.81,16.268],[42.813,16.264],[42.812,16.261],[42.805,16.26],[42.806,16.258],[42.804,16.259],[42.805,16.263],[42.804,16.258],[42.806,16.249],[42.806,16.248],[42.808,16.248],[42.81,16.245],[42.808,16.244],[42.808,16.238],[42.806,16.234],[42.804,16.237],[42.803,16.235],[42.802,16.237],[42.807,16.23],[42.807,16.228],[42.805,16.231],[42.811,16.218],[42.811,16.221],[42.813,16.22],[42.811,16.224],[42.814,16.221],[42.818,16.214],[42.821,16.215],[42.823,16.213],[42.823,16.211],[42.821,16.208],[42.819,16.21],[42.815,16.21],[42.815,16.213],[42.812,16.215],[42.809,16.212],[42.821,16.198],[42.826,16.183],[42.828,16.184],[42.827,16.191],[42.832,16.196],[42.832,16.201],[42.833,16.197],[42.833,16.191],[42.831,16.181],[42.822,16.175],[42.821,16.174],[42.822,16.172],[42.82,16.17],[42.82,16.165],[42.819,16.164],[42.819,16.154],[42.818,16.155],[42.822,16.143],[42.821,16.143],[42.822,16.131],[42.825,16.132],[42.821,16.129],[42.83,16.11],[42.833,16.109],[42.834,16.107],[42.831,16.107],[42.831,16.1],[42.832,16.097],[42.826,16.087],[42.836,16.074],[42.838,16.066],[42.837,16.061],[42.84,16.06],[42.843,16.06],[42.846,16.056],[42.845,16.052],[42.839,16.044],[42.836,16.045],[42.834,16.042],[42.835,16.038],[42.841,16.034],[42.841,16.019],[42.835,16.006],[42.83,16.003],[42.83,16.008],[42.826,16.001],[42.825,15.991],[42.829,15.977],[42.834,15.978],[42.835,15.975],[42.831,15.973],[42.832,15.969],[42.83,15.967],[42.837,15.967],[42.838,15.965],[42.836,15.964],[42.832,15.964],[42.833,15.963],[42.836,15.963],[42.834,15.959],[42.829,15.962],[42.828,15.957],[42.832,15.955],[42.829,15.954],[42.828,15.955],[42.827,15.953],[42.826,15.954],[42.827,15.951],[42.828,15.951],[42.828,15.948],[42.875,15.946],[42.896,15.948],[42.906,15.957],[42.917,15.963],[42.923,15.975],[42.924,15.987],[42.926,15.989],[42.943,16.002],[42.949,16.01],[42.952,16.017],[42.953,16.026],[42.952,16.049],[42.954,16.092],[42.96,16.112],[42.963,16.137],[42.969,16.161],[42.956,16.207],[42.958,16.221],[42.97,16.243],[42.965,16.256],[42.961,16.26],[42.961,16.264],[42.957,16.276],[42.954,16.284],[42.948,16.309],[42.952,16.331],[42.944,16.361],[42.95,16.367],[42.969,16.367],[42.984,16.375],[42.989,16.38],[42.997,16.401],[42.994,16.408],[42.984,16.41],[42.975,16.409],[42.955,16.403]]]]}},{"type":"Feature","properties":{"id":"abs","name":"Abs","gov":"YE-HJ","km2":1443,"c":[15.982,43.008]},"geometry":{"type":"Polygon","coordinates":[[[42.828,15.948],[42.826,15.945],[42.827,15.939],[42.825,15.938],[42.823,15.939],[42.818,15.928],[42.82,15.919],[42.822,15.924],[42.826,15.925],[42.828,15.924],[42.822,15.921],[42.822,15.918],[42.825,15.921],[42.828,15.922],[42.83,15.921],[42.831,15.917],[42.826,15.908],[42.822,15.908],[42.82,15.905],[42.819,15.905],[42.818,15.899],[42.82,15.901],[42.822,15.9],[42.822,15.897],[42.82,15.897],[42.82,15.896],[42.822,15.893],[42.818,15.887],[42.818,15.879],[42.816,15.878],[42.818,15.875],[42.815,15.873],[42.815,15.87],[42.813,15.869],[42.816,15.867],[42.815,15.865],[42.86,15.839],[42.872,15.826],[42.882,15.819],[42.928,15.814],[42.943,15.813],[42.966,15.814],[43.031,15.821],[43.103,15.843],[43.133,15.857],[43.18,15.873],[43.204,15.885],[43.212,15.885],[43.224,15.882],[43.219,15.889],[43.22,15.894],[43.214,15.901],[43.214,15.917],[43.217,15.921],[43.217,15.926],[43.22,15.931],[43.226,15.936],[43.236,15.942],[43.246,15.946],[43.258,15.954],[43.276,15.955],[43.29,15.957],[43.288,15.967],[43.283,15.982],[43.275,15.997],[43.259,16.018],[43.257,16.024],[43.242,16.035],[43.231,16.039],[43.224,16.049],[43.223,16.085],[43.23,16.104],[43.234,16.131],[43.233,16.146],[43.228,16.159],[43.23,16.173],[43.229,16.179],[43.219,16.186],[43.208,16.21],[43.204,16.215],[43.174,16.22],[43.142,16.219],[43.13,16.223],[43.077,16.219],[43.063,16.217],[43.05,16.213],[43.036,16.217],[43.027,16.216],[43.001,16.211],[42.987,16.212],[42.956,16.207],[42.969,16.161],[42.963,16.137],[42.96,16.112],[42.954,16.092],[42.952,16.049],[42.953,16.026],[42.952,16.017],[42.949,16.01],[42.943,16.002],[42.926,15.989],[42.924,15.987],[42.923,15.975],[42.917,15.963],[42.906,15.957],[42.896,15.948],[42.875,15.946],[42.828,15.948]]]}},{"type":"Feature","properties":{"id":"hayran","name":"Hayran","gov":"YE-HJ","km2":170,"c":[16.258,43.068]},"geometry":{"type":"Polygon","coordinates":[[[42.957,16.276],[42.961,16.264],[42.961,16.26],[42.965,16.256],[42.97,16.243],[42.958,16.221],[42.956,16.207],[42.987,16.212],[43.001,16.211],[43.027,16.216],[43.036,16.217],[43.05,16.213],[43.063,16.217],[43.077,16.219],[43.13,16.223],[43.141,16.241],[43.152,16.243],[43.155,16.246],[43.158,16.26],[43.156,16.267],[43.162,16.273],[43.169,16.287],[43.164,16.291],[43.154,16.294],[43.14,16.293],[43.136,16.299],[43.132,16.301],[43.094,16.303],[43.085,16.3],[43.081,16.303],[43.065,16.3],[43.051,16.29],[42.957,16.276]]]}},{"type":"Feature","properties":{"id":"al-jamimah","name":"Al Jamimah","gov":"YE-HJ","km2":152,"c":[16.035,43.533]},"geometry":{"type":"Polygon","coordinates":[[[43.573,16.098],[43.556,16.099],[43.539,16.103],[43.527,16.103],[43.513,16.098],[43.501,16.083],[43.486,16.084],[43.479,16.082],[43.475,16.085],[43.466,16.087],[43.458,16.091],[43.44,16.097],[43.435,16.089],[43.436,16.081],[43.443,16.069],[43.459,16.075],[43.481,16.077],[43.485,16.075],[43.494,16.067],[43.498,16.062],[43.499,16.057],[43.498,16.055],[43.49,16.049],[43.489,16.037],[43.494,16.032],[43.496,16.032],[43.497,16.034],[43.499,16.035],[43.5,16.033],[43.515,16.003],[43.519,16.001],[43.541,15.999],[43.545,15.997],[43.548,15.991],[43.549,15.984],[43.541,15.972],[43.557,15.971],[43.56,15.969],[43.567,15.97],[43.573,15.963],[43.573,15.958],[43.582,15.962],[43.583,15.967],[43.591,15.979],[43.594,15.98],[43.597,15.983],[43.599,15.982],[43.601,15.985],[43.613,15.988],[43.626,16],[43.629,16.005],[43.623,16.021],[43.613,16.027],[43.605,16.039],[43.601,16.05],[43.578,16.092],[43.573,16.098]]]}},{"type":"Feature","properties":{"id":"mustaba","name":"Mustaba","gov":"YE-HJ","km2":308,"c":[16.253,43.28]},"geometry":{"type":"Polygon","coordinates":[[[43.269,16.367],[43.261,16.362],[43.249,16.335],[43.242,16.329],[43.237,16.309],[43.229,16.291],[43.206,16.284],[43.187,16.284],[43.169,16.287],[43.162,16.273],[43.156,16.267],[43.158,16.26],[43.155,16.246],[43.152,16.243],[43.141,16.241],[43.13,16.223],[43.142,16.219],[43.174,16.22],[43.204,16.215],[43.208,16.21],[43.219,16.186],[43.229,16.179],[43.239,16.179],[43.242,16.173],[43.245,16.175],[43.25,16.184],[43.253,16.184],[43.266,16.183],[43.277,16.176],[43.282,16.176],[43.289,16.18],[43.297,16.181],[43.303,16.186],[43.302,16.197],[43.309,16.199],[43.311,16.197],[43.327,16.203],[43.334,16.203],[43.337,16.2],[43.349,16.2],[43.355,16.198],[43.362,16.191],[43.37,16.192],[43.37,16.195],[43.376,16.205],[43.376,16.215],[43.375,16.223],[43.372,16.224],[43.379,16.235],[43.367,16.246],[43.366,16.255],[43.351,16.26],[43.346,16.264],[43.343,16.276],[43.329,16.302],[43.329,16.306],[43.331,16.313],[43.336,16.321],[43.343,16.327],[43.344,16.332],[43.323,16.348],[43.322,16.354],[43.314,16.357],[43.311,16.361],[43.32,16.376],[43.309,16.374],[43.29,16.368],[43.269,16.367]]]}},{"type":"Feature","properties":{"id":"kushar","name":"Kushar","gov":"YE-HJ","km2":320,"c":[16.181,43.463]},"geometry":{"type":"Polygon","coordinates":[[[43.573,16.098],[43.575,16.112],[43.572,16.124],[43.561,16.193],[43.521,16.205],[43.518,16.203],[43.514,16.204],[43.515,16.206],[43.52,16.207],[43.515,16.213],[43.524,16.214],[43.525,16.216],[43.525,16.217],[43.519,16.217],[43.519,16.219],[43.523,16.221],[43.518,16.224],[43.518,16.225],[43.528,16.233],[43.53,16.238],[43.529,16.239],[43.523,16.234],[43.52,16.234],[43.523,16.242],[43.522,16.243],[43.518,16.241],[43.513,16.243],[43.514,16.246],[43.517,16.248],[43.514,16.258],[43.49,16.253],[43.478,16.253],[43.459,16.257],[43.442,16.264],[43.432,16.264],[43.426,16.261],[43.419,16.252],[43.415,16.25],[43.404,16.247],[43.399,16.239],[43.392,16.234],[43.389,16.23],[43.387,16.232],[43.386,16.226],[43.376,16.215],[43.376,16.205],[43.37,16.195],[43.37,16.192],[43.372,16.182],[43.379,16.176],[43.376,16.17],[43.376,16.168],[43.379,16.168],[43.379,16.166],[43.375,16.163],[43.373,16.154],[43.374,16.152],[43.378,16.152],[43.378,16.144],[43.376,16.14],[43.386,16.136],[43.394,16.128],[43.399,16.114],[43.402,16.098],[43.412,16.098],[43.424,16.082],[43.428,16.08],[43.436,16.081],[43.435,16.089],[43.44,16.097],[43.458,16.091],[43.466,16.087],[43.475,16.085],[43.479,16.082],[43.486,16.084],[43.501,16.083],[43.513,16.098],[43.527,16.103],[43.539,16.103],[43.556,16.099],[43.573,16.098]]]}},{"type":"Feature","properties":{"id":"kuhlan-ash-sharaf","name":"Kuhlan Ash Sharaf","gov":"YE-HJ","km2":71,"c":[16.021,43.482]},"geometry":{"type":"Polygon","coordinates":[[[43.443,16.069],[43.447,16.06],[43.447,16.048],[43.446,16.042],[43.442,16.039],[43.432,16.038],[43.433,16.029],[43.427,16.016],[43.428,16.01],[43.432,16.002],[43.43,15.992],[43.447,15.989],[43.447,15.994],[43.454,15.999],[43.459,16],[43.463,15.999],[43.468,15.994],[43.477,15.99],[43.494,15.994],[43.5,15.992],[43.505,15.988],[43.509,15.982],[43.514,15.982],[43.528,15.976],[43.541,15.972],[43.549,15.984],[43.548,15.991],[43.545,15.997],[43.541,15.999],[43.519,16.001],[43.515,16.003],[43.5,16.033],[43.499,16.035],[43.497,16.034],[43.496,16.032],[43.494,16.032],[43.489,16.037],[43.49,16.049],[43.498,16.055],[43.499,16.057],[43.498,16.062],[43.494,16.067],[43.485,16.075],[43.481,16.077],[43.459,16.075],[43.443,16.069]]]}},{"type":"Feature","properties":{"id":"aflah-ash-sham","name":"Aflah Ash Sham","gov":"YE-HJ","km2":40,"c":[16.049,43.41]},"geometry":{"type":"Polygon","coordinates":[[[43.436,16.081],[43.428,16.08],[43.424,16.082],[43.412,16.098],[43.402,16.098],[43.403,16.091],[43.402,16.08],[43.403,16.077],[43.399,16.077],[43.401,16.073],[43.4,16.07],[43.393,16.06],[43.392,16.052],[43.39,16.051],[43.391,16.048],[43.391,16.044],[43.386,16.026],[43.387,16.019],[43.383,16.018],[43.379,16.022],[43.377,16.022],[43.379,16.016],[43.386,16.008],[43.399,16.014],[43.402,16.011],[43.41,16.014],[43.417,16.013],[43.423,16.02],[43.426,16.031],[43.429,16.035],[43.429,16.038],[43.432,16.038],[43.442,16.039],[43.446,16.042],[43.447,16.048],[43.447,16.06],[43.443,16.069],[43.436,16.081]]]}},{"type":"Feature","properties":{"id":"khayran-al-muharraq","name":"Khayran Al Muharraq","gov":"YE-HJ","km2":161,"c":[16.088,43.359]},"geometry":{"type":"Polygon","coordinates":[[[43.277,16.176],[43.274,16.163],[43.277,16.157],[43.322,16.115],[43.327,16.115],[43.336,16.108],[43.344,16.091],[43.354,16.082],[43.36,16.082],[43.362,16.084],[43.367,16.083],[43.366,16.078],[43.355,16.071],[43.352,16.062],[43.349,16.059],[43.348,16.053],[43.352,16.045],[43.349,16.039],[43.35,16.018],[43.352,16.017],[43.355,16.021],[43.357,16.02],[43.366,16.007],[43.367,16.002],[43.362,15.995],[43.345,15.986],[43.344,15.979],[43.345,15.963],[43.343,15.958],[43.35,15.956],[43.361,15.945],[43.364,15.945],[43.381,15.961],[43.376,15.979],[43.382,15.988],[43.381,15.998],[43.386,16.005],[43.386,16.008],[43.379,16.016],[43.377,16.022],[43.379,16.022],[43.383,16.018],[43.387,16.019],[43.386,16.026],[43.391,16.044],[43.391,16.048],[43.39,16.051],[43.392,16.052],[43.393,16.06],[43.4,16.07],[43.401,16.073],[43.399,16.077],[43.403,16.077],[43.402,16.08],[43.403,16.091],[43.402,16.098],[43.399,16.114],[43.394,16.128],[43.386,16.136],[43.376,16.14],[43.378,16.144],[43.378,16.152],[43.374,16.152],[43.373,16.154],[43.375,16.163],[43.379,16.166],[43.379,16.168],[43.376,16.168],[43.376,16.17],[43.379,16.176],[43.372,16.182],[43.37,16.192],[43.362,16.191],[43.355,16.198],[43.349,16.2],[43.337,16.2],[43.334,16.203],[43.327,16.203],[43.311,16.197],[43.309,16.199],[43.302,16.197],[43.303,16.186],[43.297,16.181],[43.289,16.18],[43.282,16.176],[43.277,16.176]]]}},{"type":"Feature","properties":{"id":"aslam","name":"Aslam","gov":"YE-HJ","km2":245,"c":[16.054,43.306]},"geometry":{"type":"Polygon","coordinates":[[[43.29,15.957],[43.297,15.954],[43.307,15.943],[43.318,15.941],[43.334,15.934],[43.345,15.934],[43.347,15.936],[43.344,15.942],[43.346,15.95],[43.343,15.958],[43.345,15.963],[43.344,15.979],[43.345,15.986],[43.362,15.995],[43.367,16.002],[43.366,16.007],[43.357,16.02],[43.355,16.021],[43.352,16.017],[43.35,16.018],[43.349,16.039],[43.352,16.045],[43.348,16.053],[43.349,16.059],[43.352,16.062],[43.355,16.071],[43.366,16.078],[43.367,16.083],[43.362,16.084],[43.36,16.082],[43.354,16.082],[43.344,16.091],[43.336,16.108],[43.327,16.115],[43.322,16.115],[43.277,16.157],[43.274,16.163],[43.277,16.176],[43.266,16.183],[43.253,16.184],[43.25,16.184],[43.245,16.175],[43.242,16.173],[43.239,16.179],[43.229,16.179],[43.23,16.173],[43.228,16.159],[43.233,16.146],[43.234,16.131],[43.23,16.104],[43.223,16.085],[43.224,16.049],[43.231,16.039],[43.242,16.035],[43.257,16.024],[43.259,16.018],[43.275,15.997],[43.283,15.982],[43.288,15.967],[43.29,15.957]]]}},{"type":"Feature","properties":{"id":"al-hujjaylah","name":"Al Hujjaylah","gov":"YE-HU","km2":103,"c":[14.986,43.593]},"geometry":{"type":"Polygon","coordinates":[[[43.643,15.008],[43.633,15.009],[43.628,15.007],[43.622,14.993],[43.593,14.992],[43.583,14.998],[43.574,15.002],[43.568,15.008],[43.546,15.021],[43.53,15.023],[43.522,15.028],[43.514,15.036],[43.512,15.048],[43.507,15.047],[43.496,15.048],[43.502,15.029],[43.501,15.016],[43.498,15],[43.534,14.984],[43.542,14.969],[43.549,14.963],[43.557,14.953],[43.57,14.947],[43.585,14.946],[43.599,14.941],[43.607,14.936],[43.619,14.932],[43.63,14.93],[43.644,14.926],[43.651,14.936],[43.649,14.946],[43.656,14.964],[43.66,14.968],[43.663,14.967],[43.665,14.968],[43.666,14.972],[43.663,14.979],[43.66,14.983],[43.65,14.988],[43.645,14.994],[43.643,15],[43.643,15.008]]]}},{"type":"Feature","properties":{"id":"qafl-shammar","name":"Qafl Shammar","gov":"YE-HJ","km2":87,"c":[15.911,43.36]},"geometry":{"type":"Polygon","coordinates":[[[43.343,15.958],[43.346,15.95],[43.344,15.942],[43.347,15.936],[43.345,15.934],[43.334,15.934],[43.318,15.941],[43.307,15.943],[43.302,15.941],[43.299,15.938],[43.296,15.908],[43.298,15.902],[43.305,15.89],[43.305,15.881],[43.316,15.882],[43.321,15.879],[43.322,15.882],[43.324,15.882],[43.325,15.875],[43.329,15.877],[43.332,15.874],[43.337,15.874],[43.348,15.867],[43.349,15.863],[43.355,15.86],[43.366,15.856],[43.377,15.857],[43.376,15.864],[43.372,15.88],[43.372,15.883],[43.376,15.89],[43.385,15.896],[43.39,15.897],[43.399,15.894],[43.401,15.891],[43.408,15.89],[43.422,15.893],[43.423,15.915],[43.426,15.921],[43.414,15.922],[43.412,15.923],[43.408,15.936],[43.403,15.937],[43.401,15.936],[43.391,15.938],[43.384,15.939],[43.384,15.938],[43.382,15.938],[43.382,15.94],[43.378,15.942],[43.37,15.944],[43.369,15.941],[43.364,15.945],[43.361,15.945],[43.35,15.956],[43.343,15.958]]]}},{"type":"Feature","properties":{"id":"al-miftah","name":"Al Miftah","gov":"YE-HJ","km2":67,"c":[15.962,43.517]},"geometry":{"type":"Polygon","coordinates":[[[43.541,15.972],[43.528,15.976],[43.514,15.982],[43.509,15.982],[43.505,15.988],[43.5,15.992],[43.494,15.994],[43.477,15.99],[43.468,15.994],[43.463,15.999],[43.459,16],[43.454,15.999],[43.447,15.994],[43.447,15.989],[43.455,15.984],[43.461,15.983],[43.455,15.973],[43.46,15.958],[43.463,15.953],[43.468,15.95],[43.473,15.949],[43.481,15.955],[43.49,15.95],[43.496,15.934],[43.506,15.925],[43.511,15.93],[43.524,15.934],[43.536,15.931],[43.546,15.925],[43.559,15.927],[43.566,15.925],[43.577,15.927],[43.582,15.931],[43.584,15.937],[43.579,15.942],[43.584,15.947],[43.584,15.951],[43.581,15.953],[43.575,15.947],[43.573,15.958],[43.573,15.963],[43.567,15.97],[43.56,15.969],[43.557,15.971],[43.541,15.972]]]}},{"type":"Feature","properties":{"id":"aflah-al-yaman","name":"Aflah Al Yaman","gov":"YE-HJ","km2":45,"c":[15.978,43.416]},"geometry":{"type":"Polygon","coordinates":[[[43.432,16.038],[43.429,16.038],[43.429,16.035],[43.426,16.031],[43.423,16.02],[43.417,16.013],[43.41,16.014],[43.402,16.011],[43.399,16.014],[43.386,16.008],[43.386,16.005],[43.381,15.998],[43.382,15.988],[43.398,15.972],[43.401,15.965],[43.398,15.953],[43.394,15.953],[43.392,15.95],[43.394,15.944],[43.391,15.938],[43.401,15.936],[43.403,15.937],[43.408,15.936],[43.412,15.923],[43.414,15.922],[43.426,15.921],[43.429,15.928],[43.429,15.94],[43.425,15.946],[43.424,15.947],[43.424,15.949],[43.435,15.952],[43.438,15.955],[43.439,15.959],[43.436,15.968],[43.441,15.973],[43.447,15.989],[43.43,15.992],[43.432,16.002],[43.428,16.01],[43.427,16.016],[43.433,16.029],[43.432,16.038]]]}},{"type":"Feature","properties":{"id":"ash-shahil","name":"Ash Shahil","gov":"YE-HJ","km2":100,"c":[15.859,43.431]},"geometry":{"type":"Polygon","coordinates":[[[43.377,15.857],[43.382,15.858],[43.384,15.854],[43.391,15.847],[43.397,15.832],[43.407,15.819],[43.413,15.815],[43.431,15.813],[43.455,15.817],[43.458,15.819],[43.458,15.821],[43.457,15.825],[43.452,15.829],[43.454,15.833],[43.464,15.836],[43.47,15.835],[43.478,15.83],[43.511,15.826],[43.519,15.843],[43.519,15.859],[43.484,15.878],[43.472,15.89],[43.462,15.892],[43.46,15.896],[43.458,15.897],[43.445,15.897],[43.434,15.893],[43.422,15.893],[43.408,15.89],[43.401,15.891],[43.399,15.894],[43.39,15.897],[43.385,15.896],[43.376,15.89],[43.372,15.883],[43.372,15.88],[43.376,15.864],[43.377,15.857]]]}},{"type":"Feature","properties":{"id":"ku-aydinah","name":"Ku'aydinah","gov":"YE-HJ","km2":439,"c":[15.816,43.344]},"geometry":{"type":"Polygon","coordinates":[[[43.224,15.882],[43.239,15.874],[43.243,15.869],[43.245,15.84],[43.244,15.807],[43.24,15.767],[43.235,15.758],[43.224,15.743],[43.214,15.725],[43.215,15.712],[43.225,15.699],[43.231,15.693],[43.244,15.688],[43.245,15.684],[43.243,15.682],[43.267,15.682],[43.27,15.697],[43.27,15.713],[43.278,15.72],[43.285,15.731],[43.316,15.748],[43.322,15.75],[43.324,15.755],[43.327,15.75],[43.328,15.751],[43.329,15.75],[43.334,15.75],[43.341,15.743],[43.359,15.733],[43.362,15.733],[43.372,15.742],[43.374,15.753],[43.376,15.756],[43.384,15.754],[43.398,15.756],[43.404,15.753],[43.415,15.743],[43.422,15.74],[43.429,15.738],[43.444,15.739],[43.466,15.738],[43.496,15.733],[43.493,15.745],[43.48,15.754],[43.483,15.759],[43.479,15.763],[43.483,15.768],[43.484,15.773],[43.482,15.775],[43.501,15.779],[43.506,15.786],[43.508,15.796],[43.509,15.817],[43.511,15.826],[43.478,15.83],[43.47,15.835],[43.464,15.836],[43.454,15.833],[43.452,15.829],[43.457,15.825],[43.458,15.821],[43.458,15.819],[43.455,15.817],[43.431,15.813],[43.413,15.815],[43.407,15.819],[43.397,15.832],[43.391,15.847],[43.384,15.854],[43.382,15.858],[43.377,15.857],[43.366,15.856],[43.355,15.86],[43.349,15.863],[43.348,15.867],[43.337,15.874],[43.332,15.874],[43.329,15.877],[43.325,15.875],[43.324,15.882],[43.322,15.882],[43.321,15.879],[43.316,15.882],[43.305,15.881],[43.305,15.89],[43.298,15.902],[43.296,15.908],[43.299,15.938],[43.302,15.941],[43.307,15.943],[43.297,15.954],[43.29,15.957],[43.276,15.955],[43.258,15.954],[43.246,15.946],[43.236,15.942],[43.226,15.936],[43.22,15.931],[43.217,15.926],[43.217,15.921],[43.214,15.917],[43.214,15.901],[43.22,15.894],[43.219,15.889],[43.224,15.882]]]}},{"type":"Feature","properties":{"id":"al-mahabishah","name":"Al Mahabishah","gov":"YE-HJ","km2":90,"c":[15.928,43.463]},"geometry":{"type":"MultiPolygon","coordinates":[[[[43.364,15.945],[43.369,15.941],[43.37,15.944],[43.378,15.942],[43.382,15.94],[43.382,15.938],[43.384,15.938],[43.384,15.939],[43.391,15.938],[43.394,15.944],[43.392,15.95],[43.394,15.953],[43.398,15.953],[43.401,15.965],[43.398,15.972],[43.382,15.988],[43.376,15.979],[43.381,15.961],[43.364,15.945]]],[[[43.422,15.893],[43.434,15.893],[43.445,15.897],[43.458,15.897],[43.46,15.896],[43.462,15.892],[43.472,15.89],[43.484,15.878],[43.519,15.859],[43.533,15.872],[43.533,15.879],[43.528,15.898],[43.524,15.904],[43.507,15.917],[43.506,15.921],[43.506,15.925],[43.496,15.934],[43.49,15.95],[43.481,15.955],[43.473,15.949],[43.468,15.95],[43.463,15.953],[43.46,15.958],[43.455,15.973],[43.461,15.983],[43.455,15.984],[43.447,15.989],[43.441,15.973],[43.436,15.968],[43.439,15.959],[43.438,15.955],[43.435,15.952],[43.424,15.949],[43.424,15.947],[43.425,15.946],[43.429,15.94],[43.429,15.928],[43.426,15.921],[43.423,15.915],[43.422,15.893]]]]}},{"type":"Feature","properties":{"id":"wadrah","name":"Wadrah","gov":"YE-HJ","km2":24,"c":[15.716,43.471]},"geometry":{"type":"Polygon","coordinates":[[[43.444,15.739],[43.441,15.733],[43.44,15.717],[43.443,15.709],[43.471,15.698],[43.481,15.69],[43.488,15.689],[43.49,15.697],[43.496,15.71],[43.494,15.715],[43.497,15.719],[43.496,15.733],[43.466,15.738],[43.444,15.739]]]}},{"type":"Feature","properties":{"id":"al-maghrabah","name":"Al Maghrabah","gov":"YE-HJ","km2":301,"c":[15.892,43.623]},"geometry":{"type":"Polygon","coordinates":[[[43.506,15.925],[43.506,15.921],[43.507,15.917],[43.524,15.904],[43.528,15.898],[43.533,15.879],[43.533,15.872],[43.519,15.859],[43.519,15.843],[43.511,15.826],[43.531,15.829],[43.539,15.835],[43.552,15.836],[43.559,15.833],[43.568,15.826],[43.576,15.816],[43.594,15.805],[43.601,15.802],[43.607,15.801],[43.613,15.797],[43.62,15.797],[43.628,15.801],[43.633,15.801],[43.646,15.805],[43.651,15.813],[43.652,15.818],[43.657,15.823],[43.664,15.845],[43.669,15.847],[43.678,15.848],[43.688,15.854],[43.697,15.856],[43.699,15.854],[43.698,15.85],[43.695,15.849],[43.697,15.841],[43.701,15.846],[43.702,15.843],[43.705,15.847],[43.71,15.858],[43.717,15.864],[43.715,15.868],[43.715,15.883],[43.712,15.898],[43.704,15.915],[43.708,15.93],[43.708,15.941],[43.704,15.956],[43.698,15.968],[43.697,15.978],[43.686,15.988],[43.676,15.996],[43.673,16.006],[43.67,16.007],[43.664,16.007],[43.661,16.001],[43.656,15.998],[43.649,15.992],[43.641,15.994],[43.639,15.992],[43.626,15.974],[43.621,15.969],[43.616,15.958],[43.602,15.94],[43.597,15.937],[43.582,15.931],[43.577,15.927],[43.566,15.925],[43.559,15.927],[43.546,15.925],[43.536,15.931],[43.524,15.934],[43.511,15.93],[43.506,15.925]]]}},{"type":"Feature","properties":{"id":"kuhlan-afar","name":"Kuhlan Afar","gov":"YE-HJ","km2":133,"c":[15.772,43.702]},"geometry":{"type":"Polygon","coordinates":[[[43.646,15.805],[43.643,15.797],[43.647,15.789],[43.659,15.78],[43.662,15.776],[43.657,15.765],[43.657,15.759],[43.651,15.74],[43.651,15.738],[43.655,15.735],[43.667,15.729],[43.684,15.725],[43.693,15.725],[43.699,15.722],[43.698,15.718],[43.692,15.714],[43.685,15.713],[43.684,15.711],[43.686,15.707],[43.698,15.699],[43.703,15.693],[43.698,15.688],[43.691,15.667],[43.685,15.665],[43.707,15.657],[43.712,15.653],[43.737,15.653],[43.728,15.7],[43.731,15.703],[43.74,15.706],[43.742,15.708],[43.742,15.718],[43.755,15.729],[43.753,15.73],[43.741,15.727],[43.737,15.728],[43.739,15.731],[43.747,15.733],[43.751,15.736],[43.751,15.741],[43.744,15.744],[43.735,15.754],[43.721,15.752],[43.711,15.753],[43.716,15.761],[43.716,15.769],[43.708,15.787],[43.708,15.791],[43.712,15.795],[43.711,15.8],[43.706,15.809],[43.705,15.814],[43.708,15.817],[43.715,15.82],[43.719,15.825],[43.722,15.827],[43.724,15.831],[43.728,15.835],[43.729,15.839],[43.729,15.842],[43.719,15.852],[43.72,15.861],[43.717,15.864],[43.71,15.858],[43.705,15.847],[43.702,15.843],[43.701,15.846],[43.697,15.841],[43.695,15.849],[43.698,15.85],[43.699,15.854],[43.697,15.856],[43.688,15.854],[43.678,15.848],[43.669,15.847],[43.664,15.845],[43.657,15.823],[43.652,15.818],[43.651,15.813],[43.646,15.805]]]}},{"type":"Feature","properties":{"id":"najrah","name":"Najrah","gov":"YE-HJ","km2":37,"c":[15.646,43.547]},"geometry":{"type":"Polygon","coordinates":[[[43.551,15.683],[43.547,15.68],[43.542,15.678],[43.527,15.686],[43.519,15.674],[43.512,15.673],[43.507,15.675],[43.507,15.667],[43.512,15.665],[43.516,15.658],[43.521,15.656],[43.523,15.654],[43.524,15.65],[43.523,15.638],[43.538,15.613],[43.542,15.61],[43.547,15.614],[43.553,15.612],[43.559,15.614],[43.569,15.607],[43.575,15.608],[43.582,15.611],[43.583,15.612],[43.581,15.618],[43.574,15.619],[43.565,15.631],[43.572,15.636],[43.572,15.641],[43.567,15.656],[43.568,15.662],[43.563,15.665],[43.558,15.673],[43.551,15.683]]]}},{"type":"Feature","properties":{"id":"sharas","name":"Sharas","gov":"YE-HJ","km2":74,"c":[15.728,43.653]},"geometry":{"type":"Polygon","coordinates":[[[43.601,15.802],[43.621,15.754],[43.629,15.743],[43.628,15.741],[43.612,15.725],[43.622,15.723],[43.635,15.718],[43.638,15.715],[43.633,15.706],[43.632,15.7],[43.627,15.696],[43.635,15.686],[43.641,15.693],[43.648,15.695],[43.651,15.694],[43.652,15.69],[43.65,15.674],[43.654,15.663],[43.658,15.658],[43.665,15.661],[43.668,15.664],[43.679,15.667],[43.685,15.665],[43.691,15.667],[43.698,15.688],[43.703,15.693],[43.698,15.699],[43.686,15.707],[43.684,15.711],[43.685,15.713],[43.692,15.714],[43.698,15.718],[43.699,15.722],[43.693,15.725],[43.684,15.725],[43.667,15.729],[43.655,15.735],[43.651,15.738],[43.651,15.74],[43.657,15.759],[43.657,15.765],[43.662,15.776],[43.659,15.78],[43.647,15.789],[43.643,15.797],[43.646,15.805],[43.633,15.801],[43.628,15.801],[43.62,15.797],[43.613,15.797],[43.607,15.801],[43.601,15.802]]]}},{"type":"Feature","properties":{"id":"mabyan","name":"Mabyan","gov":"YE-HJ","km2":179,"c":[15.746,43.532]},"geometry":{"type":"Polygon","coordinates":[[[43.496,15.733],[43.497,15.719],[43.494,15.715],[43.496,15.71],[43.49,15.697],[43.488,15.689],[43.495,15.686],[43.5,15.679],[43.507,15.675],[43.512,15.673],[43.519,15.674],[43.527,15.686],[43.542,15.678],[43.547,15.68],[43.551,15.683],[43.564,15.704],[43.586,15.713],[43.594,15.712],[43.601,15.715],[43.612,15.725],[43.628,15.741],[43.629,15.743],[43.621,15.754],[43.601,15.802],[43.594,15.805],[43.576,15.816],[43.568,15.826],[43.559,15.833],[43.552,15.836],[43.539,15.835],[43.531,15.829],[43.511,15.826],[43.509,15.817],[43.508,15.796],[43.506,15.786],[43.501,15.779],[43.482,15.775],[43.484,15.773],[43.483,15.768],[43.479,15.763],[43.483,15.759],[43.48,15.754],[43.493,15.745],[43.496,15.733]]]}},{"type":"Feature","properties":{"id":"bani-qays","name":"Bani Qays","gov":"YE-HJ","km2":499,"c":[15.659,43.364]},"geometry":{"type":"Polygon","coordinates":[[[43.243,15.682],[43.235,15.668],[43.223,15.62],[43.225,15.59],[43.228,15.57],[43.227,15.558],[43.224,15.539],[43.223,15.513],[43.225,15.506],[43.245,15.509],[43.288,15.528],[43.301,15.529],[43.315,15.534],[43.363,15.536],[43.378,15.541],[43.415,15.548],[43.437,15.547],[43.434,15.552],[43.431,15.565],[43.442,15.572],[43.447,15.577],[43.449,15.582],[43.45,15.593],[43.446,15.608],[43.449,15.624],[43.446,15.627],[43.438,15.624],[43.436,15.625],[43.437,15.636],[43.437,15.654],[43.441,15.659],[43.448,15.66],[43.448,15.665],[43.44,15.67],[43.432,15.687],[43.425,15.69],[43.422,15.693],[43.421,15.696],[43.426,15.703],[43.443,15.709],[43.44,15.717],[43.441,15.733],[43.444,15.739],[43.429,15.738],[43.422,15.74],[43.415,15.743],[43.404,15.753],[43.398,15.756],[43.384,15.754],[43.376,15.756],[43.374,15.753],[43.372,15.742],[43.362,15.733],[43.359,15.733],[43.341,15.743],[43.334,15.75],[43.329,15.75],[43.328,15.751],[43.327,15.75],[43.324,15.755],[43.322,15.75],[43.316,15.748],[43.285,15.731],[43.278,15.72],[43.27,15.713],[43.27,15.697],[43.267,15.682],[43.243,15.682]]]}},{"type":"Feature","properties":{"id":"ash-shaghadirah","name":"Ash shaghadirah","gov":"YE-HJ","km2":138,"c":[15.595,43.495]},"geometry":{"type":"Polygon","coordinates":[[[43.507,15.667],[43.49,15.668],[43.484,15.67],[43.475,15.668],[43.469,15.661],[43.469,15.659],[43.476,15.655],[43.477,15.653],[43.474,15.642],[43.472,15.641],[43.456,15.652],[43.448,15.66],[43.441,15.659],[43.437,15.654],[43.437,15.636],[43.436,15.625],[43.438,15.624],[43.446,15.627],[43.449,15.624],[43.446,15.608],[43.45,15.593],[43.449,15.582],[43.447,15.577],[43.442,15.572],[43.431,15.565],[43.434,15.552],[43.437,15.547],[43.447,15.547],[43.453,15.552],[43.454,15.556],[43.46,15.559],[43.464,15.557],[43.461,15.551],[43.462,15.549],[43.465,15.549],[43.469,15.553],[43.473,15.55],[43.478,15.55],[43.48,15.548],[43.484,15.547],[43.489,15.547],[43.499,15.544],[43.5,15.547],[43.506,15.548],[43.508,15.552],[43.514,15.552],[43.518,15.548],[43.527,15.55],[43.53,15.549],[43.531,15.547],[43.535,15.549],[43.538,15.547],[43.54,15.548],[43.541,15.546],[43.549,15.547],[43.549,15.554],[43.553,15.557],[43.557,15.573],[43.562,15.577],[43.568,15.583],[43.571,15.582],[43.572,15.59],[43.565,15.6],[43.569,15.607],[43.559,15.614],[43.553,15.612],[43.547,15.614],[43.542,15.61],[43.538,15.613],[43.523,15.638],[43.524,15.65],[43.523,15.654],[43.521,15.656],[43.516,15.658],[43.512,15.665],[43.507,15.667]]]}},{"type":"Feature","properties":{"id":"bani-al-awam","name":"Bani Al Awam","gov":"YE-HJ","km2":78,"c":[15.573,43.595]},"geometry":{"type":"Polygon","coordinates":[[[43.569,15.607],[43.565,15.6],[43.572,15.59],[43.571,15.582],[43.568,15.583],[43.562,15.577],[43.557,15.573],[43.553,15.557],[43.549,15.554],[43.549,15.547],[43.554,15.546],[43.561,15.541],[43.574,15.542],[43.58,15.541],[43.582,15.537],[43.584,15.538],[43.586,15.543],[43.589,15.541],[43.592,15.543],[43.595,15.541],[43.602,15.541],[43.603,15.542],[43.607,15.54],[43.609,15.541],[43.611,15.539],[43.614,15.539],[43.617,15.535],[43.623,15.531],[43.629,15.533],[43.629,15.535],[43.631,15.536],[43.631,15.538],[43.648,15.556],[43.663,15.584],[43.646,15.597],[43.639,15.599],[43.636,15.61],[43.627,15.608],[43.625,15.606],[43.614,15.615],[43.605,15.617],[43.599,15.623],[43.596,15.628],[43.592,15.631],[43.587,15.63],[43.583,15.627],[43.581,15.618],[43.583,15.612],[43.582,15.611],[43.575,15.608],[43.569,15.607]]]}},{"type":"Feature","properties":{"id":"hays","name":"Hays","gov":"YE-HU","km2":255,"c":[13.939,43.483]},"geometry":{"type":"Polygon","coordinates":[[[43.61,13.907],[43.61,13.922],[43.606,13.946],[43.601,13.957],[43.593,13.962],[43.577,13.961],[43.577,13.964],[43.573,13.966],[43.558,13.969],[43.553,13.973],[43.548,14.001],[43.538,14.033],[43.514,14.035],[43.496,14.032],[43.496,14.021],[43.491,14.002],[43.484,13.995],[43.485,13.979],[43.465,13.977],[43.457,13.98],[43.453,13.985],[43.451,13.994],[43.441,13.996],[43.436,14],[43.419,14],[43.417,13.994],[43.419,13.986],[43.426,13.979],[43.412,13.973],[43.408,13.98],[43.401,13.977],[43.395,13.968],[43.387,13.946],[43.396,13.938],[43.398,13.931],[43.408,13.925],[43.409,13.92],[43.411,13.918],[43.428,13.919],[43.438,13.912],[43.446,13.908],[43.45,13.905],[43.451,13.899],[43.449,13.895],[43.445,13.89],[43.438,13.886],[43.437,13.882],[43.438,13.852],[43.447,13.839],[43.469,13.825],[43.469,13.833],[43.473,13.837],[43.482,13.853],[43.484,13.876],[43.482,13.891],[43.487,13.896],[43.535,13.901],[43.552,13.9],[43.565,13.896],[43.58,13.898],[43.603,13.908],[43.61,13.907]]]}},{"type":"Feature","properties":{"id":"al-khukhah","name":"Al Khukhah","gov":"YE-HU","km2":685,"c":[13.84,43.337]},"geometry":{"type":"MultiPolygon","coordinates":[[[[42.692,13.579],[42.692,13.581],[42.691,13.579],[42.692,13.579]]],[[[42.813,13.624],[42.814,13.625],[42.813,13.626],[42.813,13.624]]],[[[42.696,13.628],[42.696,13.63],[42.695,13.631],[42.694,13.629],[42.696,13.628]]],[[[42.744,13.632],[42.74,13.633],[42.738,13.632],[42.732,13.617],[42.727,13.613],[42.725,13.613],[42.724,13.611],[42.722,13.611],[42.727,13.604],[42.734,13.608],[42.74,13.604],[42.737,13.617],[42.74,13.625],[42.739,13.625],[42.742,13.627],[42.747,13.629],[42.747,13.632],[42.744,13.632]]],[[[42.781,13.637],[42.781,13.638],[42.78,13.637],[42.781,13.637]]],[[[42.748,13.636],[42.749,13.639],[42.747,13.64],[42.746,13.637],[42.748,13.636]]],[[[42.598,13.641],[42.597,13.644],[42.596,13.642],[42.598,13.641]]],[[[42.752,13.655],[42.749,13.654],[42.744,13.648],[42.744,13.644],[42.746,13.643],[42.754,13.649],[42.755,13.654],[42.752,13.655]]],[[[42.803,13.664],[42.802,13.665],[42.801,13.665],[42.801,13.663],[42.803,13.664]]],[[[42.752,13.677],[42.753,13.68],[42.751,13.681],[42.75,13.678],[42.752,13.677]]],[[[42.794,13.706],[42.796,13.708],[42.796,13.712],[42.791,13.716],[42.79,13.713],[42.79,13.708],[42.794,13.706]]],[[[42.81,13.715],[42.805,13.718],[42.805,13.711],[42.808,13.71],[42.808,13.708],[42.811,13.712],[42.81,13.715]]],[[[42.782,13.78],[42.779,13.783],[42.779,13.775],[42.773,13.777],[42.773,13.772],[42.768,13.767],[42.76,13.766],[42.756,13.768],[42.751,13.764],[42.749,13.761],[42.748,13.762],[42.745,13.76],[42.744,13.761],[42.737,13.758],[42.734,13.754],[42.733,13.747],[42.728,13.745],[42.724,13.746],[42.722,13.744],[42.718,13.745],[42.716,13.743],[42.716,13.741],[42.715,13.742],[42.715,13.74],[42.709,13.735],[42.707,13.731],[42.705,13.73],[42.707,13.726],[42.702,13.714],[42.703,13.711],[42.702,13.708],[42.703,13.705],[42.702,13.703],[42.704,13.7],[42.704,13.699],[42.7,13.695],[42.696,13.697],[42.695,13.695],[42.694,13.696],[42.694,13.693],[42.689,13.693],[42.689,13.69],[42.685,13.689],[42.682,13.684],[42.685,13.679],[42.683,13.675],[42.679,13.677],[42.676,13.678],[42.675,13.677],[42.676,13.674],[42.669,13.673],[42.666,13.67],[42.665,13.664],[42.669,13.66],[42.669,13.657],[42.674,13.655],[42.675,13.651],[42.677,13.65],[42.678,13.652],[42.68,13.651],[42.682,13.655],[42.687,13.655],[42.69,13.657],[42.693,13.655],[42.692,13.654],[42.694,13.652],[42.695,13.654],[42.694,13.655],[42.696,13.658],[42.694,13.663],[42.697,13.663],[42.699,13.666],[42.702,13.667],[42.701,13.669],[42.702,13.67],[42.708,13.671],[42.707,13.674],[42.71,13.677],[42.722,13.68],[42.732,13.678],[42.736,13.681],[42.738,13.681],[42.738,13.684],[42.743,13.688],[42.742,13.691],[42.744,13.692],[42.744,13.695],[42.75,13.702],[42.75,13.705],[42.756,13.709],[42.755,13.714],[42.757,13.717],[42.757,13.722],[42.762,13.726],[42.765,13.725],[42.766,13.726],[42.766,13.729],[42.769,13.732],[42.767,13.734],[42.772,13.735],[42.778,13.732],[42.774,13.743],[42.774,13.748],[42.778,13.751],[42.776,13.752],[42.777,13.752],[42.776,13.754],[42.777,13.756],[42.776,13.76],[42.779,13.763],[42.78,13.765],[42.782,13.764],[42.785,13.766],[42.784,13.768],[42.786,13.771],[42.782,13.775],[42.784,13.778],[42.782,13.78]]],[[[42.84,13.784],[42.834,13.784],[42.837,13.783],[42.84,13.784]]],[[[42.787,13.792],[42.784,13.79],[42.785,13.784],[42.788,13.782],[42.79,13.782],[42.791,13.784],[42.791,13.787],[42.787,13.792]]],[[[42.807,13.793],[42.804,13.791],[42.805,13.79],[42.807,13.792],[42.807,13.789],[42.808,13.791],[42.807,13.793]]],[[[42.815,13.856],[42.818,13.863],[42.814,13.857],[42.815,13.854],[42.815,13.856]]],[[[42.81,13.878],[42.807,13.88],[42.805,13.877],[42.801,13.876],[42.794,13.878],[42.787,13.87],[42.78,13.865],[42.776,13.859],[42.775,13.855],[42.772,13.852],[42.776,13.848],[42.776,13.84],[42.779,13.841],[42.78,13.843],[42.781,13.841],[42.783,13.842],[42.783,13.841],[42.787,13.847],[42.79,13.846],[42.794,13.847],[42.797,13.854],[42.801,13.856],[42.801,13.86],[42.804,13.861],[42.803,13.864],[42.806,13.866],[42.806,13.87],[42.81,13.874],[42.81,13.878]]],[[[42.812,13.883],[42.811,13.882],[42.812,13.88],[42.813,13.882],[42.812,13.883]]],[[[42.822,13.869],[42.823,13.874],[42.821,13.877],[42.823,13.881],[42.823,13.883],[42.817,13.872],[42.819,13.869],[42.819,13.865],[42.822,13.869]]],[[[42.714,13.887],[42.711,13.887],[42.71,13.883],[42.711,13.886],[42.716,13.884],[42.716,13.886],[42.714,13.887]]],[[[42.818,13.89],[42.819,13.892],[42.816,13.887],[42.818,13.89]]],[[[43.469,13.825],[43.447,13.839],[43.438,13.852],[43.437,13.882],[43.438,13.886],[43.445,13.89],[43.449,13.895],[43.451,13.899],[43.45,13.905],[43.446,13.908],[43.438,13.912],[43.428,13.919],[43.411,13.918],[43.409,13.92],[43.408,13.925],[43.398,13.931],[43.396,13.938],[43.387,13.946],[43.385,13.942],[43.366,13.92],[43.36,13.923],[43.356,13.923],[43.34,13.911],[43.307,13.904],[43.286,13.903],[43.241,13.901],[43.218,13.897],[43.229,13.889],[43.235,13.878],[43.236,13.873],[43.232,13.862],[43.232,13.859],[43.228,13.852],[43.231,13.849],[43.231,13.845],[43.235,13.839],[43.235,13.834],[43.237,13.828],[43.236,13.826],[43.233,13.827],[43.235,13.833],[43.231,13.834],[43.233,13.84],[43.231,13.839],[43.232,13.843],[43.23,13.837],[43.232,13.829],[43.231,13.825],[43.238,13.814],[43.239,13.807],[43.244,13.8],[43.249,13.78],[43.264,13.747],[43.267,13.736],[43.275,13.722],[43.276,13.717],[43.275,13.713],[43.282,13.703],[43.288,13.679],[43.338,13.697],[43.406,13.717],[43.423,13.74],[43.417,13.768],[43.43,13.787],[43.436,13.792],[43.447,13.796],[43.482,13.794],[43.483,13.794],[43.484,13.799],[43.483,13.803],[43.473,13.811],[43.47,13.816],[43.469,13.825]]],[[[42.717,13.957],[42.716,13.958],[42.715,13.957],[42.714,13.951],[42.711,13.947],[42.712,13.943],[42.714,13.946],[42.716,13.945],[42.714,13.941],[42.716,13.944],[42.715,13.95],[42.719,13.956],[42.719,13.958],[42.717,13.957]]],[[[42.695,13.961],[42.694,13.957],[42.696,13.958],[42.697,13.957],[42.698,13.955],[42.697,13.954],[42.698,13.954],[42.699,13.956],[42.699,13.957],[42.695,13.961]]],[[[42.695,14.028],[42.696,14.029],[42.695,14.03],[42.692,14.029],[42.695,14.028]]],[[[42.764,14.07],[42.762,14.072],[42.76,14.071],[42.758,14.067],[42.756,14.067],[42.753,14.07],[42.746,14.067],[42.743,14.061],[42.738,14.058],[42.733,14.059],[42.733,14.06],[42.731,14.059],[42.728,14.057],[42.722,14.05],[42.715,14.046],[42.71,14.045],[42.707,14.042],[42.706,14.038],[42.708,14.042],[42.716,14.043],[42.706,14.031],[42.707,14.028],[42.703,14.024],[42.699,14.024],[42.693,14.021],[42.691,14.017],[42.684,14.011],[42.681,14.011],[42.676,14.005],[42.677,14.003],[42.683,14.004],[42.688,14.001],[42.686,13.987],[42.687,13.987],[42.689,13.99],[42.691,13.988],[42.695,13.989],[42.701,13.987],[42.702,13.984],[42.712,13.979],[42.715,13.973],[42.712,13.969],[42.714,13.969],[42.713,13.963],[42.717,13.96],[42.717,13.963],[42.725,13.964],[42.727,13.963],[42.725,13.958],[42.729,13.957],[42.727,13.955],[42.729,13.953],[42.736,13.953],[42.739,13.951],[42.74,13.953],[42.742,13.952],[42.745,13.954],[42.752,13.953],[42.764,13.95],[42.761,13.945],[42.759,13.945],[42.758,13.941],[42.754,13.94],[42.749,13.933],[42.746,13.926],[42.748,13.925],[42.747,13.922],[42.749,13.923],[42.749,13.921],[42.746,13.912],[42.75,13.908],[42.756,13.911],[42.755,13.913],[42.753,13.914],[42.754,13.915],[42.752,13.915],[42.751,13.917],[42.757,13.92],[42.761,13.924],[42.77,13.925],[42.773,13.924],[42.773,13.922],[42.767,13.91],[42.77,13.906],[42.771,13.908],[42.777,13.906],[42.78,13.908],[42.782,13.907],[42.783,13.91],[42.788,13.914],[42.782,13.916],[42.782,13.921],[42.779,13.923],[42.779,13.925],[42.775,13.924],[42.774,13.927],[42.777,13.932],[42.781,13.933],[42.78,13.934],[42.784,13.939],[42.783,13.943],[42.784,13.948],[42.779,13.955],[42.78,13.962],[42.779,13.962],[42.781,13.964],[42.782,13.969],[42.779,13.972],[42.783,13.982],[42.79,13.99],[42.789,13.993],[42.787,13.997],[42.787,14],[42.79,14.002],[42.787,14.005],[42.79,14.015],[42.787,14.019],[42.789,14.022],[42.791,14.021],[42.795,14.03],[42.788,14.03],[42.789,14.032],[42.788,14.031],[42.787,14.036],[42.785,14.037],[42.786,14.039],[42.786,14.045],[42.78,14.052],[42.774,14.054],[42.77,14.058],[42.77,14.057],[42.769,14.06],[42.765,14.063],[42.765,14.068],[42.764,14.07]]],[[[42.816,14.078],[42.814,14.079],[42.813,14.077],[42.817,14.076],[42.817,14.078],[42.816,14.078]]],[[[42.823,14.081],[42.818,14.081],[42.821,14.079],[42.822,14.076],[42.823,14.081]]],[[[42.761,14.083],[42.761,14.086],[42.758,14.088],[42.758,14.083],[42.761,14.083]]]]}},{"type":"Feature","properties":{"id":"hajjah-city","name":"Hajjah City","gov":"YE-HJ","km2":47,"c":[15.683,43.606]},"geometry":{"type":"Polygon","coordinates":[[[43.558,15.673],[43.569,15.671],[43.58,15.667],[43.6,15.664],[43.606,15.66],[43.61,15.655],[43.606,15.65],[43.607,15.646],[43.609,15.643],[43.62,15.645],[43.625,15.664],[43.631,15.67],[43.635,15.669],[43.633,15.676],[43.635,15.686],[43.627,15.696],[43.632,15.7],[43.633,15.706],[43.638,15.715],[43.635,15.718],[43.622,15.723],[43.612,15.725],[43.601,15.715],[43.594,15.712],[43.586,15.713],[43.564,15.704],[43.551,15.683],[43.558,15.673]]]}},{"type":"Feature","properties":{"id":"hajjah","name":"Hajjah","gov":"YE-HJ","km2":80,"c":[15.637,43.608]},"geometry":{"type":"MultiPolygon","coordinates":[[[[43.581,15.618],[43.583,15.627],[43.587,15.63],[43.592,15.631],[43.596,15.628],[43.599,15.623],[43.605,15.617],[43.614,15.615],[43.625,15.606],[43.627,15.608],[43.636,15.61],[43.645,15.627],[43.648,15.642],[43.654,15.647],[43.658,15.658],[43.654,15.663],[43.65,15.674],[43.652,15.69],[43.651,15.694],[43.648,15.695],[43.641,15.693],[43.635,15.686],[43.633,15.676],[43.635,15.669],[43.631,15.67],[43.625,15.664],[43.62,15.645],[43.609,15.643],[43.607,15.646],[43.606,15.65],[43.61,15.655],[43.606,15.66],[43.6,15.664],[43.58,15.667],[43.569,15.671],[43.558,15.673],[43.563,15.665],[43.568,15.662],[43.567,15.656],[43.572,15.641],[43.572,15.636],[43.565,15.631],[43.574,15.619],[43.581,15.618]]],[[[43.443,15.709],[43.426,15.703],[43.421,15.696],[43.422,15.693],[43.425,15.69],[43.432,15.687],[43.44,15.67],[43.448,15.665],[43.448,15.66],[43.456,15.652],[43.472,15.641],[43.474,15.642],[43.477,15.653],[43.476,15.655],[43.469,15.659],[43.469,15.661],[43.475,15.668],[43.484,15.67],[43.49,15.668],[43.507,15.667],[43.507,15.675],[43.5,15.679],[43.495,15.686],[43.488,15.689],[43.481,15.69],[43.471,15.698],[43.443,15.709]]]]}},{"type":"Feature","properties":{"id":"ash-shihr","name":"Ash Shihr","gov":"YE-HD","km2":2024,"c":[14.916,49.625]},"geometry":{"type":"Polygon","coordinates":[[[49.776,15.178],[49.746,15.182],[49.726,15.182],[49.683,15.178],[49.637,15.168],[49.566,15.143],[49.552,15.14],[49.528,15.138],[49.478,15.14],[49.421,15.146],[49.406,15.144],[49.4,15.141],[49.383,15.126],[49.366,15.105],[49.353,15.086],[49.352,15.079],[49.354,15.073],[49.365,15.061],[49.367,15.054],[49.364,15.033],[49.37,15.013],[49.364,14.994],[49.363,14.98],[49.366,14.975],[49.383,14.942],[49.402,14.909],[49.433,14.862],[49.439,14.849],[49.459,14.798],[49.464,14.777],[49.462,14.715],[49.466,14.687],[49.483,14.692],[49.485,14.693],[49.486,14.689],[49.489,14.69],[49.486,14.689],[49.485,14.693],[49.487,14.694],[49.488,14.691],[49.488,14.694],[49.49,14.695],[49.493,14.691],[49.492,14.695],[49.526,14.716],[49.563,14.736],[49.572,14.739],[49.604,14.752],[49.608,14.748],[49.608,14.75],[49.607,14.751],[49.609,14.753],[49.614,14.754],[49.612,14.75],[49.607,14.746],[49.612,14.75],[49.615,14.754],[49.627,14.759],[49.697,14.777],[49.706,14.779],[49.711,14.778],[49.734,14.782],[49.737,14.781],[49.749,14.785],[49.787,14.796],[49.822,14.809],[49.83,14.808],[49.842,14.813],[49.85,14.814],[49.864,14.821],[49.849,14.847],[49.843,14.867],[49.837,14.88],[49.831,14.884],[49.809,14.891],[49.796,14.9],[49.782,14.916],[49.767,14.939],[49.76,14.951],[49.761,14.957],[49.765,14.962],[49.771,14.966],[49.811,14.978],[49.831,14.988],[49.839,15.005],[49.838,15.012],[49.844,15.018],[49.842,15.029],[49.844,15.039],[49.84,15.079],[49.836,15.102],[49.825,15.11],[49.824,15.114],[49.814,15.117],[49.813,15.132],[49.809,15.146],[49.799,15.164],[49.786,15.174],[49.776,15.178]]]}},{"type":"Feature","properties":{"id":"ghayl-bin-yamin","name":"Ghayl bin Yamin","gov":"YE-HD","km2":5509,"c":[15.37,49.342]},"geometry":{"type":"Polygon","coordinates":[[[49.776,15.178],[49.777,15.196],[49.784,15.232],[49.78,15.253],[49.781,15.267],[49.788,15.292],[49.794,15.307],[49.792,15.34],[49.781,15.377],[49.823,15.381],[49.831,15.381],[49.84,15.378],[49.832,15.392],[49.822,15.404],[49.808,15.415],[49.786,15.421],[49.766,15.42],[49.728,15.407],[49.7,15.388],[49.689,15.387],[49.679,15.392],[49.665,15.404],[49.641,15.429],[49.628,15.446],[49.599,15.498],[49.584,15.515],[49.56,15.539],[49.556,15.546],[49.554,15.553],[49.559,15.573],[49.559,15.588],[49.554,15.612],[49.549,15.664],[49.543,15.693],[49.532,15.74],[49.526,15.757],[49.514,15.778],[49.504,15.789],[49.498,15.794],[49.47,15.808],[49.464,15.811],[49.457,15.811],[49.426,15.812],[49.376,15.808],[49.329,15.811],[49.28,15.806],[49.249,15.809],[49.243,15.788],[49.227,15.762],[49.216,15.743],[49.211,15.728],[49.206,15.707],[49.2,15.695],[49.195,15.69],[49.183,15.682],[49.149,15.67],[49.137,15.663],[49.131,15.663],[49.139,15.634],[49.151,15.606],[49.153,15.589],[49.157,15.577],[49.163,15.57],[49.167,15.567],[49.165,15.561],[49.154,15.561],[49.147,15.56],[49.147,15.557],[49.158,15.543],[49.162,15.535],[49.159,15.479],[49.132,15.4],[49.126,15.384],[49.116,15.37],[49.097,15.355],[49.052,15.337],[49.014,15.319],[48.947,15.299],[48.922,15.287],[48.874,15.26],[48.849,15.24],[48.803,15.211],[48.772,15.2],[48.764,15.198],[48.752,15.197],[48.765,15.168],[48.769,15.148],[48.768,15.133],[48.767,15.126],[48.762,15.113],[48.759,15.11],[48.804,15.085],[48.861,15.058],[48.921,15.04],[48.951,15.029],[48.997,15.003],[49.032,14.989],[49.102,14.964],[49.134,14.955],[49.149,14.953],[49.174,14.952],[49.242,14.961],[49.292,14.971],[49.366,14.975],[49.363,14.98],[49.364,14.994],[49.37,15.013],[49.364,15.033],[49.367,15.054],[49.365,15.061],[49.354,15.073],[49.352,15.079],[49.353,15.086],[49.366,15.105],[49.383,15.126],[49.4,15.141],[49.406,15.144],[49.421,15.146],[49.478,15.14],[49.528,15.138],[49.552,15.14],[49.566,15.143],[49.637,15.168],[49.683,15.178],[49.726,15.182],[49.746,15.182],[49.776,15.178]]]}},{"type":"Feature","properties":{"id":"ghayl-bawazir","name":"Ghayl Bawazir","gov":"YE-HD","km2":2268,"c":[14.873,49.034]},"geometry":{"type":"Polygon","coordinates":[[[49.366,14.975],[49.292,14.971],[49.242,14.961],[49.174,14.952],[49.149,14.953],[49.134,14.955],[49.102,14.964],[49.032,14.989],[48.997,15.003],[48.951,15.029],[48.921,15.04],[48.861,15.058],[48.804,15.085],[48.759,15.11],[48.745,15.101],[48.732,15.095],[48.701,15.088],[48.664,15.09],[48.649,15.093],[48.627,15.099],[48.606,15.108],[48.59,15.085],[48.587,15.079],[48.585,15.057],[48.587,15.042],[48.588,15.022],[48.58,14.982],[48.599,14.977],[48.647,14.96],[48.654,14.955],[48.661,14.942],[48.667,14.941],[48.685,14.942],[48.701,14.938],[48.708,14.928],[48.713,14.912],[48.718,14.9],[48.733,14.88],[48.756,14.861],[48.791,14.841],[48.812,14.833],[48.835,14.827],[48.867,14.825],[48.893,14.822],[48.917,14.817],[48.988,14.791],[49.023,14.775],[49.048,14.759],[49.055,14.757],[49.071,14.757],[49.109,14.762],[49.13,14.762],[49.148,14.759],[49.181,14.75],[49.226,14.741],[49.272,14.72],[49.282,14.713],[49.297,14.697],[49.313,14.673],[49.318,14.661],[49.371,14.664],[49.377,14.664],[49.386,14.655],[49.416,14.665],[49.434,14.674],[49.436,14.671],[49.435,14.673],[49.437,14.673],[49.436,14.67],[49.438,14.672],[49.437,14.675],[49.443,14.678],[49.466,14.687],[49.462,14.715],[49.464,14.777],[49.459,14.798],[49.439,14.849],[49.433,14.862],[49.402,14.909],[49.383,14.942],[49.366,14.975]]]}},{"type":"Feature","properties":{"id":"washhah","name":"Washhah","gov":"YE-HJ","km2":202,"c":[16.31,43.387]},"geometry":{"type":"Polygon","coordinates":[[[43.32,16.376],[43.311,16.361],[43.314,16.357],[43.322,16.354],[43.323,16.348],[43.344,16.332],[43.343,16.327],[43.336,16.321],[43.331,16.313],[43.329,16.306],[43.329,16.302],[43.343,16.276],[43.346,16.264],[43.351,16.26],[43.366,16.255],[43.367,16.246],[43.379,16.235],[43.372,16.224],[43.375,16.223],[43.376,16.215],[43.386,16.226],[43.387,16.232],[43.389,16.23],[43.392,16.234],[43.399,16.239],[43.404,16.247],[43.415,16.25],[43.416,16.258],[43.42,16.261],[43.424,16.262],[43.427,16.268],[43.427,16.276],[43.426,16.276],[43.428,16.279],[43.432,16.281],[43.428,16.285],[43.425,16.292],[43.425,16.299],[43.428,16.308],[43.432,16.312],[43.433,16.315],[43.428,16.316],[43.436,16.328],[43.433,16.341],[43.43,16.347],[43.435,16.369],[43.433,16.384],[43.436,16.391],[43.434,16.412],[43.431,16.423],[43.421,16.43],[43.405,16.456],[43.374,16.417],[43.347,16.393],[43.339,16.384],[43.332,16.379],[43.32,16.376]]]}},{"type":"Feature","properties":{"id":"az-zuhrah","name":"Az Zuhrah","gov":"YE-HU","km2":783,"c":[15.725,43.083]},"geometry":{"type":"Polygon","coordinates":[[[42.882,15.819],[42.889,15.789],[42.897,15.777],[42.9,15.775],[42.903,15.761],[42.912,15.75],[42.911,15.74],[42.918,15.728],[42.932,15.716],[42.939,15.698],[42.945,15.692],[42.95,15.689],[42.956,15.69],[42.958,15.689],[42.961,15.689],[42.968,15.695],[42.975,15.697],[42.988,15.69],[42.996,15.676],[43.008,15.665],[43.02,15.662],[43.038,15.66],[43.044,15.652],[43.06,15.646],[43.081,15.631],[43.09,15.63],[43.114,15.633],[43.129,15.633],[43.145,15.624],[43.152,15.612],[43.165,15.56],[43.227,15.558],[43.228,15.57],[43.225,15.59],[43.223,15.62],[43.235,15.668],[43.243,15.682],[43.245,15.684],[43.244,15.688],[43.231,15.693],[43.225,15.699],[43.215,15.712],[43.214,15.725],[43.224,15.743],[43.235,15.758],[43.24,15.767],[43.244,15.807],[43.245,15.84],[43.243,15.869],[43.239,15.874],[43.224,15.882],[43.212,15.885],[43.204,15.885],[43.18,15.873],[43.133,15.857],[43.103,15.843],[43.031,15.821],[42.966,15.814],[42.943,15.813],[42.928,15.814],[42.882,15.819]]]}},{"type":"Feature","properties":{"id":"alluhayah","name":"Alluhayah","gov":"YE-HU","km2":1263,"c":[15.665,42.801]},"geometry":{"type":"MultiPolygon","coordinates":[[[[42.38,15.514],[42.384,15.505],[42.381,15.514],[42.38,15.514]]],[[[42.648,15.549],[42.65,15.551],[42.654,15.555],[42.655,15.567],[42.651,15.568],[42.634,15.551],[42.633,15.547],[42.635,15.546],[42.648,15.549]]],[[[42.557,15.574],[42.558,15.576],[42.559,15.577],[42.56,15.579],[42.559,15.577],[42.557,15.576],[42.55,15.57],[42.539,15.567],[42.536,15.563],[42.54,15.563],[42.549,15.565],[42.556,15.572],[42.557,15.574]]],[[[42.498,15.593],[42.496,15.592],[42.498,15.59],[42.502,15.593],[42.498,15.593]]],[[[42.554,15.633],[42.55,15.636],[42.548,15.636],[42.547,15.632],[42.552,15.631],[42.554,15.633]]],[[[42.603,15.65],[42.6,15.651],[42.591,15.65],[42.586,15.647],[42.587,15.644],[42.595,15.637],[42.597,15.632],[42.597,15.625],[42.601,15.622],[42.604,15.621],[42.609,15.623],[42.614,15.627],[42.622,15.63],[42.628,15.628],[42.63,15.626],[42.635,15.627],[42.639,15.632],[42.636,15.631],[42.629,15.632],[42.622,15.634],[42.621,15.637],[42.615,15.639],[42.61,15.639],[42.608,15.642],[42.607,15.647],[42.603,15.65]]],[[[42.56,15.71],[42.551,15.709],[42.547,15.707],[42.544,15.709],[42.542,15.707],[42.543,15.706],[42.547,15.705],[42.561,15.705],[42.569,15.707],[42.566,15.709],[42.56,15.71]]],[[[42.51,15.713],[42.506,15.716],[42.503,15.714],[42.508,15.71],[42.51,15.713]]],[[[42.297,15.713],[42.293,15.714],[42.287,15.71],[42.284,15.704],[42.285,15.693],[42.283,15.687],[42.291,15.684],[42.295,15.67],[42.302,15.662],[42.307,15.66],[42.308,15.663],[42.299,15.693],[42.299,15.7],[42.297,15.705],[42.299,15.712],[42.297,15.713]]],[[[42.521,15.718],[42.516,15.717],[42.513,15.715],[42.518,15.714],[42.521,15.718]]],[[[42.367,15.718],[42.362,15.719],[42.366,15.714],[42.368,15.714],[42.367,15.718]]],[[[42.512,15.723],[42.516,15.726],[42.515,15.732],[42.513,15.733],[42.51,15.731],[42.509,15.725],[42.51,15.723],[42.512,15.723]]],[[[42.501,15.722],[42.505,15.724],[42.506,15.726],[42.505,15.731],[42.5,15.734],[42.496,15.731],[42.492,15.722],[42.501,15.722]]],[[[42.709,15.736],[42.707,15.735],[42.704,15.735],[42.704,15.733],[42.71,15.733],[42.708,15.735],[42.709,15.736]]],[[[42.512,15.735],[42.51,15.736],[42.508,15.736],[42.512,15.735]]],[[[42.716,15.741],[42.709,15.739],[42.707,15.738],[42.707,15.737],[42.709,15.739],[42.713,15.738],[42.716,15.741]]],[[[42.389,15.747],[42.381,15.745],[42.378,15.74],[42.382,15.734],[42.381,15.732],[42.385,15.726],[42.385,15.722],[42.383,15.717],[42.38,15.718],[42.378,15.717],[42.386,15.7],[42.39,15.702],[42.392,15.706],[42.414,15.708],[42.426,15.707],[42.43,15.704],[42.452,15.702],[42.46,15.699],[42.482,15.702],[42.483,15.707],[42.482,15.711],[42.486,15.717],[42.476,15.718],[42.464,15.716],[42.454,15.719],[42.452,15.722],[42.442,15.72],[42.429,15.722],[42.427,15.723],[42.429,15.725],[42.436,15.722],[42.438,15.724],[42.433,15.727],[42.424,15.727],[42.417,15.731],[42.408,15.733],[42.396,15.741],[42.392,15.747],[42.389,15.747]]],[[[42.607,15.739],[42.62,15.756],[42.622,15.764],[42.629,15.769],[42.622,15.768],[42.616,15.766],[42.611,15.761],[42.604,15.75],[42.602,15.743],[42.603,15.739],[42.607,15.739]]],[[[42.459,15.77],[42.462,15.778],[42.455,15.774],[42.452,15.765],[42.455,15.766],[42.459,15.77]]],[[[42.296,15.747],[42.303,15.764],[42.305,15.778],[42.304,15.789],[42.299,15.792],[42.292,15.791],[42.289,15.788],[42.286,15.759],[42.28,15.743],[42.28,15.739],[42.283,15.734],[42.292,15.734],[42.296,15.747]]],[[[42.678,15.816],[42.678,15.819],[42.676,15.818],[42.677,15.815],[42.678,15.816]]],[[[42.567,15.814],[42.57,15.816],[42.57,15.82],[42.562,15.82],[42.562,15.814],[42.567,15.814]]],[[[42.444,15.846],[42.443,15.847],[42.439,15.843],[42.441,15.842],[42.446,15.846],[42.444,15.846]]],[[[42.57,15.861],[42.565,15.859],[42.564,15.855],[42.567,15.854],[42.569,15.855],[42.573,15.86],[42.57,15.861]]],[[[42.679,15.862],[42.671,15.863],[42.67,15.861],[42.674,15.86],[42.678,15.861],[42.679,15.859],[42.679,15.862]]],[[[42.815,15.865],[42.812,15.862],[42.809,15.862],[42.806,15.858],[42.806,15.856],[42.804,15.856],[42.803,15.853],[42.802,15.854],[42.801,15.852],[42.797,15.848],[42.789,15.844],[42.787,15.837],[42.786,15.839],[42.785,15.838],[42.786,15.836],[42.784,15.836],[42.784,15.834],[42.783,15.833],[42.784,15.83],[42.782,15.829],[42.785,15.829],[42.782,15.828],[42.784,15.827],[42.783,15.825],[42.786,15.824],[42.783,15.824],[42.784,15.823],[42.781,15.818],[42.779,15.819],[42.772,15.81],[42.771,15.81],[42.77,15.809],[42.768,15.802],[42.765,15.799],[42.765,15.796],[42.758,15.786],[42.756,15.787],[42.753,15.785],[42.751,15.782],[42.744,15.781],[42.744,15.767],[42.738,15.754],[42.723,15.742],[42.719,15.742],[42.714,15.729],[42.712,15.725],[42.713,15.723],[42.711,15.723],[42.705,15.72],[42.703,15.723],[42.701,15.722],[42.7,15.728],[42.697,15.728],[42.696,15.727],[42.696,15.73],[42.693,15.728],[42.694,15.726],[42.69,15.721],[42.694,15.713],[42.691,15.71],[42.687,15.697],[42.688,15.696],[42.694,15.696],[42.697,15.699],[42.699,15.7],[42.708,15.699],[42.712,15.686],[42.71,15.684],[42.711,15.681],[42.706,15.681],[42.71,15.68],[42.706,15.676],[42.706,15.674],[42.705,15.674],[42.699,15.666],[42.698,15.661],[42.701,15.659],[42.701,15.657],[42.699,15.658],[42.698,15.654],[42.701,15.649],[42.704,15.648],[42.706,15.642],[42.704,15.634],[42.702,15.633],[42.7,15.635],[42.707,15.628],[42.709,15.618],[42.706,15.617],[42.722,15.608],[42.725,15.604],[42.725,15.596],[42.724,15.596],[42.722,15.592],[42.716,15.585],[42.715,15.578],[42.713,15.578],[42.712,15.574],[42.712,15.569],[42.705,15.562],[42.701,15.562],[42.7,15.558],[42.703,15.554],[42.708,15.55],[42.716,15.55],[42.723,15.549],[42.725,15.545],[42.742,15.535],[42.744,15.531],[42.743,15.53],[42.745,15.53],[42.747,15.526],[42.752,15.523],[42.756,15.516],[42.756,15.51],[42.755,15.508],[42.759,15.498],[42.766,15.491],[42.764,15.481],[42.765,15.478],[42.774,15.468],[42.776,15.465],[42.774,15.454],[42.777,15.446],[42.777,15.441],[42.779,15.438],[42.778,15.436],[42.776,15.437],[42.773,15.432],[42.77,15.429],[42.767,15.419],[42.768,15.418],[42.77,15.418],[42.772,15.424],[42.776,15.427],[42.778,15.425],[42.778,15.422],[42.823,15.428],[42.897,15.481],[42.94,15.505],[43.016,15.552],[43.024,15.554],[43.032,15.547],[43.031,15.53],[43.066,15.534],[43.08,15.543],[43.112,15.555],[43.165,15.56],[43.152,15.612],[43.145,15.624],[43.129,15.633],[43.114,15.633],[43.09,15.63],[43.081,15.631],[43.06,15.646],[43.044,15.652],[43.038,15.66],[43.02,15.662],[43.008,15.665],[42.996,15.676],[42.988,15.69],[42.975,15.697],[42.968,15.695],[42.961,15.689],[42.958,15.689],[42.956,15.69],[42.95,15.689],[42.945,15.692],[42.939,15.698],[42.932,15.716],[42.918,15.728],[42.911,15.74],[42.912,15.75],[42.903,15.761],[42.9,15.775],[42.897,15.777],[42.889,15.789],[42.882,15.819],[42.872,15.826],[42.86,15.839],[42.815,15.865]]],[[[42.478,15.857],[42.485,15.861],[42.482,15.862],[42.48,15.86],[42.477,15.857],[42.478,15.857]]],[[[42.571,15.864],[42.569,15.869],[42.565,15.871],[42.564,15.867],[42.564,15.864],[42.571,15.864]]],[[[42.684,15.879],[42.683,15.877],[42.685,15.876],[42.691,15.876],[42.691,15.879],[42.684,15.879]]],[[[42.299,15.839],[42.3,15.843],[42.295,15.859],[42.287,15.87],[42.277,15.875],[42.275,15.869],[42.275,15.862],[42.276,15.85],[42.282,15.84],[42.291,15.838],[42.299,15.839]]],[[[42.664,15.891],[42.666,15.892],[42.665,15.893],[42.663,15.893],[42.664,15.891]]],[[[42.581,15.894],[42.582,15.896],[42.581,15.895],[42.581,15.894]]],[[[42.67,15.898],[42.666,15.897],[42.67,15.896],[42.67,15.898]]],[[[42.591,15.911],[42.594,15.918],[42.6,15.924],[42.597,15.924],[42.594,15.923],[42.589,15.916],[42.589,15.911],[42.591,15.91],[42.591,15.911]]]]}},{"type":"Feature","properties":{"id":"kamaran","name":"Kamaran","gov":"YE-HU","km2":158,"c":[15.371,42.602]},"geometry":{"type":"MultiPolygon","coordinates":[[[[42.164,15.029],[42.158,15.032],[42.152,15.028],[42.15,15.021],[42.152,15.017],[42.154,15.016],[42.158,15.018],[42.16,15.014],[42.166,15.013],[42.166,15.022],[42.167,15.023],[42.167,15.026],[42.164,15.029]]],[[[42.144,15.07],[42.14,15.068],[42.141,15.065],[42.145,15.066],[42.145,15.067],[42.143,15.067],[42.144,15.07]]],[[[42.193,15.068],[42.183,15.079],[42.178,15.079],[42.171,15.076],[42.171,15.07],[42.17,15.069],[42.163,15.066],[42.161,15.067],[42.162,15.064],[42.161,15.06],[42.17,15.038],[42.171,15.038],[42.173,15.034],[42.176,15.034],[42.181,15.028],[42.19,15.04],[42.192,15.04],[42.195,15.044],[42.195,15.051],[42.191,15.056],[42.192,15.058],[42.193,15.061],[42.19,15.063],[42.193,15.068]]],[[[42.158,15.085],[42.156,15.088],[42.158,15.089],[42.156,15.091],[42.151,15.09],[42.147,15.088],[42.146,15.083],[42.147,15.079],[42.148,15.078],[42.159,15.082],[42.16,15.084],[42.158,15.085]]],[[[42.108,15.124],[42.105,15.124],[42.105,15.122],[42.104,15.123],[42.104,15.122],[42.104,15.118],[42.106,15.116],[42.11,15.119],[42.108,15.124]]],[[[42.116,15.129],[42.116,15.133],[42.114,15.135],[42.112,15.131],[42.116,15.129]]],[[[42.107,15.147],[42.104,15.148],[42.103,15.151],[42.102,15.147],[42.106,15.14],[42.108,15.141],[42.106,15.145],[42.107,15.147]]],[[[42.571,15.173],[42.573,15.175],[42.572,15.179],[42.568,15.178],[42.567,15.175],[42.569,15.173],[42.571,15.173]]],[[[42.11,15.176],[42.108,15.174],[42.111,15.172],[42.117,15.17],[42.118,15.17],[42.116,15.172],[42.114,15.176],[42.11,15.176]]],[[[42.031,15.179],[42.033,15.183],[42.026,15.208],[42.024,15.21],[42.02,15.207],[42.018,15.2],[42.023,15.184],[42.029,15.179],[42.031,15.179]]],[[[42.061,15.196],[42.059,15.206],[42.053,15.22],[42.048,15.225],[42.045,15.226],[42.042,15.222],[42.041,15.212],[42.041,15.19],[42.043,15.184],[42.044,15.182],[42.051,15.183],[42.056,15.19],[42.059,15.189],[42.061,15.196]]],[[[42.524,15.416],[42.524,15.419],[42.522,15.419],[42.523,15.415],[42.524,15.416]]],[[[42.63,15.41],[42.632,15.412],[42.629,15.423],[42.629,15.419],[42.624,15.412],[42.625,15.41],[42.63,15.41]]],[[[42.636,15.457],[42.624,15.456],[42.619,15.451],[42.61,15.444],[42.598,15.442],[42.597,15.441],[42.601,15.435],[42.601,15.431],[42.599,15.428],[42.601,15.429],[42.602,15.432],[42.601,15.428],[42.591,15.424],[42.59,15.426],[42.591,15.428],[42.597,15.431],[42.595,15.432],[42.587,15.426],[42.574,15.407],[42.563,15.398],[42.556,15.389],[42.558,15.383],[42.556,15.378],[42.554,15.375],[42.553,15.369],[42.559,15.365],[42.56,15.36],[42.565,15.35],[42.563,15.33],[42.56,15.324],[42.553,15.317],[42.546,15.313],[42.538,15.313],[42.536,15.311],[42.534,15.306],[42.537,15.3],[42.544,15.294],[42.549,15.286],[42.555,15.283],[42.558,15.278],[42.573,15.265],[42.577,15.266],[42.585,15.263],[42.591,15.265],[42.595,15.276],[42.593,15.273],[42.592,15.275],[42.597,15.28],[42.6,15.288],[42.617,15.303],[42.62,15.317],[42.618,15.317],[42.619,15.314],[42.614,15.306],[42.611,15.306],[42.61,15.308],[42.613,15.314],[42.612,15.315],[42.61,15.31],[42.607,15.309],[42.606,15.309],[42.606,15.313],[42.611,15.316],[42.608,15.315],[42.61,15.318],[42.608,15.319],[42.61,15.319],[42.612,15.321],[42.615,15.32],[42.614,15.316],[42.622,15.324],[42.618,15.326],[42.62,15.33],[42.618,15.333],[42.613,15.333],[42.61,15.338],[42.609,15.338],[42.608,15.339],[42.607,15.337],[42.608,15.338],[42.608,15.339],[42.606,15.339],[42.608,15.34],[42.61,15.338],[42.612,15.34],[42.613,15.339],[42.614,15.34],[42.62,15.339],[42.619,15.341],[42.619,15.345],[42.618,15.344],[42.617,15.345],[42.618,15.348],[42.615,15.349],[42.614,15.347],[42.613,15.349],[42.615,15.349],[42.618,15.352],[42.617,15.354],[42.619,15.358],[42.625,15.364],[42.624,15.366],[42.628,15.367],[42.631,15.371],[42.628,15.372],[42.628,15.376],[42.625,15.377],[42.624,15.382],[42.627,15.383],[42.628,15.379],[42.63,15.379],[42.634,15.382],[42.631,15.385],[42.631,15.391],[42.639,15.403],[42.629,15.404],[42.627,15.401],[42.622,15.399],[42.617,15.399],[42.611,15.393],[42.596,15.385],[42.591,15.379],[42.593,15.383],[42.586,15.39],[42.586,15.392],[42.583,15.393],[42.582,15.391],[42.577,15.389],[42.576,15.392],[42.572,15.394],[42.572,15.395],[42.575,15.399],[42.582,15.402],[42.595,15.401],[42.602,15.403],[42.612,15.402],[42.614,15.407],[42.611,15.408],[42.608,15.413],[42.609,15.415],[42.614,15.415],[42.618,15.418],[42.619,15.421],[42.617,15.425],[42.609,15.419],[42.605,15.412],[42.596,15.411],[42.591,15.407],[42.587,15.412],[42.589,15.417],[42.592,15.421],[42.597,15.421],[42.598,15.42],[42.603,15.421],[42.601,15.425],[42.603,15.423],[42.606,15.423],[42.608,15.43],[42.611,15.43],[42.613,15.432],[42.613,15.438],[42.619,15.438],[42.625,15.433],[42.641,15.442],[42.645,15.441],[42.646,15.439],[42.646,15.443],[42.644,15.444],[42.64,15.449],[42.643,15.455],[42.636,15.457]]],[[[42.506,15.489],[42.505,15.489],[42.504,15.488],[42.506,15.487],[42.508,15.487],[42.508,15.489],[42.506,15.489]]],[[[42.51,15.501],[42.504,15.505],[42.5,15.506],[42.486,15.499],[42.482,15.496],[42.482,15.493],[42.485,15.49],[42.497,15.49],[42.498,15.492],[42.486,15.492],[42.497,15.497],[42.505,15.498],[42.513,15.495],[42.513,15.49],[42.518,15.492],[42.53,15.494],[42.534,15.5],[42.523,15.498],[42.51,15.501]]],[[[42.37,15.532],[42.366,15.534],[42.358,15.532],[42.359,15.528],[42.366,15.525],[42.37,15.521],[42.372,15.51],[42.376,15.505],[42.378,15.499],[42.379,15.492],[42.391,15.479],[42.399,15.473],[42.407,15.469],[42.412,15.47],[42.412,15.473],[42.41,15.477],[42.396,15.485],[42.391,15.49],[42.385,15.492],[42.379,15.499],[42.379,15.508],[42.377,15.513],[42.376,15.52],[42.375,15.522],[42.375,15.524],[42.379,15.525],[42.38,15.53],[42.375,15.53],[42.37,15.532]]],[[[41.843,15.557],[41.835,15.557],[41.827,15.554],[41.819,15.547],[41.815,15.539],[41.815,15.533],[41.819,15.527],[41.828,15.524],[41.834,15.526],[41.836,15.529],[41.844,15.53],[41.849,15.534],[41.852,15.543],[41.851,15.55],[41.848,15.554],[41.843,15.557]]]]}},{"type":"Feature","properties":{"id":"as-salif","name":"As Salif","gov":"YE-HU","km2":136,"c":[15.264,42.703]},"geometry":{"type":"Polygon","coordinates":[[[42.782,15.204],[42.784,15.209],[42.783,15.213],[42.784,15.217],[42.782,15.218],[42.777,15.213],[42.774,15.206],[42.775,15.21],[42.773,15.211],[42.774,15.211],[42.773,15.22],[42.775,15.224],[42.771,15.232],[42.77,15.236],[42.765,15.237],[42.763,15.241],[42.764,15.243],[42.763,15.245],[42.766,15.247],[42.763,15.248],[42.763,15.251],[42.766,15.257],[42.765,15.26],[42.766,15.268],[42.762,15.27],[42.757,15.276],[42.75,15.268],[42.747,15.268],[42.744,15.278],[42.741,15.275],[42.739,15.27],[42.738,15.272],[42.737,15.271],[42.735,15.273],[42.732,15.273],[42.725,15.28],[42.729,15.296],[42.72,15.301],[42.717,15.303],[42.717,15.307],[42.703,15.308],[42.699,15.302],[42.694,15.3],[42.693,15.296],[42.693,15.302],[42.692,15.296],[42.688,15.294],[42.686,15.296],[42.688,15.305],[42.687,15.307],[42.689,15.314],[42.693,15.326],[42.693,15.337],[42.701,15.35],[42.704,15.36],[42.706,15.362],[42.701,15.364],[42.695,15.363],[42.693,15.357],[42.691,15.355],[42.691,15.35],[42.689,15.345],[42.691,15.342],[42.691,15.331],[42.684,15.326],[42.682,15.321],[42.68,15.319],[42.681,15.318],[42.68,15.319],[42.67,15.316],[42.67,15.31],[42.668,15.302],[42.672,15.3],[42.676,15.293],[42.691,15.278],[42.695,15.262],[42.694,15.258],[42.691,15.256],[42.692,15.265],[42.691,15.274],[42.689,15.275],[42.689,15.271],[42.684,15.261],[42.679,15.257],[42.681,15.253],[42.679,15.247],[42.674,15.243],[42.673,15.239],[42.669,15.236],[42.66,15.234],[42.65,15.233],[42.631,15.236],[42.624,15.245],[42.61,15.254],[42.604,15.252],[42.601,15.242],[42.601,15.237],[42.598,15.234],[42.601,15.226],[42.617,15.209],[42.617,15.206],[42.621,15.199],[42.624,15.19],[42.628,15.185],[42.636,15.182],[42.653,15.182],[42.662,15.186],[42.667,15.193],[42.664,15.205],[42.667,15.21],[42.675,15.214],[42.686,15.215],[42.701,15.213],[42.729,15.207],[42.782,15.188],[42.782,15.204]]]}},{"type":"Feature","properties":{"id":"qarah","name":"Qarah","gov":"YE-HJ","km2":193,"c":[16.328,43.467]},"geometry":{"type":"Polygon","coordinates":[[[43.405,16.456],[43.421,16.43],[43.431,16.423],[43.434,16.412],[43.436,16.391],[43.433,16.384],[43.435,16.369],[43.43,16.347],[43.433,16.341],[43.436,16.328],[43.428,16.316],[43.433,16.315],[43.432,16.312],[43.428,16.308],[43.425,16.299],[43.425,16.292],[43.428,16.285],[43.432,16.281],[43.428,16.279],[43.426,16.276],[43.427,16.276],[43.427,16.268],[43.424,16.262],[43.42,16.261],[43.416,16.258],[43.415,16.25],[43.419,16.252],[43.426,16.261],[43.432,16.264],[43.442,16.264],[43.459,16.257],[43.478,16.253],[43.49,16.253],[43.514,16.258],[43.515,16.266],[43.517,16.269],[43.522,16.273],[43.524,16.278],[43.518,16.285],[43.518,16.291],[43.521,16.293],[43.527,16.289],[43.529,16.29],[43.528,16.297],[43.53,16.303],[43.528,16.308],[43.522,16.321],[43.518,16.336],[43.517,16.344],[43.521,16.355],[43.515,16.361],[43.515,16.367],[43.51,16.38],[43.509,16.404],[43.506,16.413],[43.502,16.418],[43.501,16.436],[43.489,16.436],[43.477,16.446],[43.45,16.453],[43.43,16.456],[43.405,16.456]]]}},{"type":"Feature","properties":{"id":"al-munirah","name":"Al Munirah","gov":"YE-HU","km2":610,"c":[15.314,42.86]},"geometry":{"type":"MultiPolygon","coordinates":[[[[43.022,15.368],[43.027,15.384],[43.026,15.401],[43.028,15.408],[43.032,15.41],[43.038,15.41],[43.042,15.422],[43.042,15.43],[43.037,15.43],[43.03,15.428],[43.029,15.422],[43.022,15.417],[43.017,15.4],[43.006,15.383],[43.003,15.364],[43.012,15.368],[43.022,15.368]]],[[[42.778,15.422],[42.782,15.418],[42.783,15.397],[42.786,15.393],[42.783,15.387],[42.783,15.383],[42.787,15.381],[42.788,15.368],[42.795,15.365],[42.795,15.364],[42.794,15.364],[42.793,15.363],[42.794,15.364],[42.798,15.362],[42.796,15.362],[42.798,15.356],[42.805,15.355],[42.811,15.349],[42.811,15.345],[42.801,15.341],[42.795,15.335],[42.794,15.313],[42.799,15.302],[42.802,15.295],[42.803,15.296],[42.803,15.293],[42.806,15.293],[42.804,15.292],[42.805,15.291],[42.811,15.288],[42.814,15.281],[42.81,15.269],[42.794,15.253],[42.789,15.245],[42.785,15.245],[42.784,15.244],[42.786,15.237],[42.781,15.233],[42.778,15.236],[42.774,15.233],[42.775,15.229],[42.778,15.227],[42.78,15.222],[42.784,15.218],[42.784,15.214],[42.786,15.211],[42.786,15.21],[42.788,15.21],[42.789,15.208],[42.788,15.207],[42.789,15.198],[42.787,15.204],[42.782,15.204],[42.782,15.188],[42.823,15.168],[42.839,15.159],[42.846,15.153],[42.868,15.164],[42.877,15.183],[42.887,15.193],[42.896,15.198],[42.918,15.201],[42.929,15.206],[42.929,15.209],[42.926,15.211],[42.905,15.213],[42.896,15.216],[42.889,15.223],[42.887,15.232],[42.888,15.239],[42.896,15.254],[42.923,15.278],[42.924,15.281],[42.936,15.312],[42.948,15.326],[42.955,15.335],[42.961,15.354],[42.969,15.356],[42.984,15.35],[42.99,15.352],[42.993,15.358],[42.981,15.374],[42.984,15.39],[42.991,15.4],[43.003,15.426],[43.002,15.432],[43.003,15.434],[43.007,15.438],[43.017,15.439],[43.017,15.481],[43.022,15.499],[43.028,15.513],[43.031,15.53],[43.032,15.547],[43.024,15.554],[43.016,15.552],[42.94,15.505],[42.897,15.481],[42.823,15.428],[42.778,15.422]]]]}},{"type":"Feature","properties":{"id":"as-sa-id","name":"As Sa'id","gov":"YE-SH","km2":818,"c":[14.257,46.873]},"geometry":{"type":"Polygon","coordinates":[[[47.011,14.152],[47.011,14.232],[47.004,14.282],[47.008,14.288],[47.021,14.298],[47.027,14.304],[47.031,14.312],[47.033,14.32],[47.031,14.336],[47.008,14.39],[46.967,14.379],[46.942,14.376],[46.926,14.378],[46.888,14.396],[46.863,14.401],[46.838,14.405],[46.822,14.41],[46.806,14.413],[46.78,14.416],[46.762,14.416],[46.729,14.41],[46.696,14.408],[46.704,14.396],[46.71,14.381],[46.713,14.365],[46.712,14.356],[46.702,14.316],[46.701,14.308],[46.706,14.292],[46.725,14.258],[46.763,14.175],[46.769,14.174],[46.786,14.168],[46.791,14.164],[46.794,14.158],[46.799,14.153],[46.815,14.163],[46.822,14.165],[46.829,14.173],[46.839,14.177],[46.852,14.172],[46.86,14.166],[46.867,14.166],[46.871,14.166],[46.876,14.17],[46.897,14.168],[46.903,14.171],[46.91,14.168],[46.916,14.171],[46.927,14.17],[46.937,14.17],[46.947,14.167],[46.956,14.161],[46.961,14.152],[46.974,14.14],[46.977,14.14],[46.988,14.142],[47.004,14.155],[47.011,14.152]]]}},{"type":"Feature","properties":{"id":"al-qanawis","name":"Al Qanawis","gov":"YE-HU","km2":365,"c":[15.472,43.137]},"geometry":{"type":"MultiPolygon","coordinates":[[[[42.924,15.281],[42.945,15.281],[42.965,15.285],[42.974,15.291],[42.974,15.296],[42.972,15.302],[42.965,15.313],[42.952,15.321],[42.948,15.326],[42.936,15.312],[42.924,15.281]]],[[[43.083,15.367],[43.066,15.365],[43.065,15.36],[43.07,15.357],[43.084,15.362],[43.083,15.367]]],[[[43.227,15.558],[43.165,15.56],[43.112,15.555],[43.08,15.543],[43.066,15.534],[43.031,15.53],[43.028,15.513],[43.022,15.499],[43.017,15.481],[43.017,15.439],[43.007,15.438],[43.003,15.434],[43.002,15.432],[43.003,15.426],[42.991,15.4],[42.984,15.39],[42.981,15.374],[42.993,15.358],[42.997,15.358],[43.003,15.364],[43.006,15.383],[43.017,15.4],[43.022,15.417],[43.029,15.422],[43.03,15.428],[43.037,15.43],[43.042,15.43],[43.042,15.422],[43.038,15.41],[43.032,15.41],[43.028,15.408],[43.026,15.401],[43.027,15.384],[43.022,15.368],[43.026,15.366],[43.029,15.362],[43.035,15.365],[43.047,15.385],[43.051,15.388],[43.054,15.397],[43.059,15.401],[43.073,15.406],[43.075,15.411],[43.069,15.423],[43.075,15.442],[43.081,15.443],[43.086,15.44],[43.105,15.445],[43.113,15.438],[43.117,15.436],[43.116,15.43],[43.112,15.426],[43.105,15.424],[43.103,15.42],[43.104,15.415],[43.106,15.41],[43.115,15.404],[43.127,15.399],[43.133,15.401],[43.137,15.411],[43.153,15.427],[43.158,15.439],[43.202,15.438],[43.23,15.44],[43.244,15.438],[43.251,15.452],[43.251,15.458],[43.25,15.464],[43.246,15.472],[43.247,15.494],[43.245,15.509],[43.225,15.506],[43.223,15.513],[43.224,15.539],[43.227,15.558]]]]}},{"type":"Feature","properties":{"id":"al-mighlaf","name":"Al Mighlaf","gov":"YE-HU","km2":173,"c":[15.32,43.174]},"geometry":{"type":"Polygon","coordinates":[[[43.248,15.354],[43.235,15.358],[43.228,15.362],[43.191,15.366],[43.183,15.365],[43.145,15.367],[43.126,15.364],[43.096,15.366],[43.094,15.359],[43.096,15.352],[43.109,15.336],[43.106,15.332],[43.107,15.326],[43.119,15.305],[43.121,15.29],[43.131,15.281],[43.142,15.277],[43.147,15.272],[43.145,15.26],[43.151,15.255],[43.177,15.255],[43.239,15.263],[43.257,15.28],[43.273,15.293],[43.263,15.305],[43.252,15.322],[43.25,15.33],[43.248,15.354]]]}},{"type":"Feature","properties":{"id":"az-zaydiah","name":"Az Zaydiah","gov":"YE-HU","km2":528,"c":[15.316,43.046]},"geometry":{"type":"Polygon","coordinates":[[[43.003,15.364],[42.997,15.358],[42.993,15.358],[42.99,15.352],[42.984,15.35],[42.969,15.356],[42.961,15.354],[42.955,15.335],[42.948,15.326],[42.952,15.321],[42.965,15.313],[42.972,15.302],[42.974,15.296],[42.974,15.291],[42.965,15.285],[42.945,15.281],[42.924,15.281],[42.923,15.278],[42.896,15.254],[42.888,15.239],[42.887,15.232],[42.889,15.223],[42.896,15.216],[42.905,15.213],[42.926,15.211],[42.929,15.209],[42.929,15.206],[42.918,15.201],[42.896,15.198],[42.887,15.193],[42.877,15.183],[42.868,15.164],[42.873,15.164],[42.874,15.163],[42.881,15.163],[42.887,15.161],[42.902,15.163],[42.92,15.156],[42.933,15.155],[42.952,15.159],[42.965,15.159],[42.971,15.155],[42.978,15.155],[42.985,15.158],[42.985,15.16],[43.001,15.182],[43.029,15.214],[43.053,15.224],[43.074,15.248],[43.089,15.258],[43.105,15.26],[43.132,15.255],[43.145,15.26],[43.147,15.272],[43.142,15.277],[43.131,15.281],[43.121,15.29],[43.119,15.305],[43.107,15.326],[43.106,15.332],[43.109,15.336],[43.096,15.352],[43.094,15.359],[43.096,15.366],[43.126,15.364],[43.145,15.367],[43.183,15.365],[43.191,15.366],[43.228,15.362],[43.235,15.358],[43.248,15.354],[43.252,15.362],[43.252,15.371],[43.256,15.39],[43.257,15.391],[43.251,15.418],[43.24,15.431],[43.244,15.438],[43.23,15.44],[43.202,15.438],[43.158,15.439],[43.153,15.427],[43.137,15.411],[43.133,15.401],[43.127,15.399],[43.115,15.404],[43.106,15.41],[43.104,15.415],[43.103,15.42],[43.105,15.424],[43.112,15.426],[43.116,15.43],[43.117,15.436],[43.113,15.438],[43.105,15.445],[43.086,15.44],[43.081,15.443],[43.075,15.442],[43.069,15.423],[43.075,15.411],[43.073,15.406],[43.059,15.401],[43.054,15.397],[43.051,15.388],[43.047,15.385],[43.035,15.365],[43.029,15.362],[43.026,15.366],[43.022,15.368],[43.012,15.368],[43.003,15.364]],[[43.083,15.367],[43.084,15.362],[43.07,15.357],[43.065,15.36],[43.066,15.365],[43.083,15.367]]]}},{"type":"Feature","properties":{"id":"ad-dohi","name":"Ad Dohi","gov":"YE-HU","km2":259,"c":[15.207,43.203]},"geometry":{"type":"Polygon","coordinates":[[[43.145,15.26],[43.132,15.255],[43.105,15.26],[43.089,15.258],[43.074,15.248],[43.053,15.224],[43.029,15.214],[43.001,15.182],[42.985,15.16],[42.985,15.158],[42.993,15.153],[43.003,15.151],[43.012,15.151],[43.021,15.153],[43.032,15.16],[43.037,15.17],[43.049,15.173],[43.054,15.189],[43.066,15.193],[43.08,15.192],[43.097,15.186],[43.114,15.189],[43.154,15.186],[43.157,15.186],[43.161,15.19],[43.19,15.188],[43.2,15.197],[43.224,15.208],[43.229,15.208],[43.235,15.211],[43.235,15.214],[43.241,15.217],[43.241,15.222],[43.25,15.225],[43.252,15.233],[43.282,15.213],[43.287,15.203],[43.293,15.197],[43.315,15.198],[43.327,15.193],[43.341,15.183],[43.346,15.173],[43.359,15.162],[43.368,15.161],[43.383,15.162],[43.402,15.173],[43.385,15.193],[43.376,15.196],[43.374,15.198],[43.37,15.202],[43.369,15.209],[43.359,15.218],[43.344,15.219],[43.335,15.223],[43.323,15.234],[43.311,15.236],[43.304,15.248],[43.282,15.275],[43.273,15.293],[43.257,15.28],[43.239,15.263],[43.177,15.255],[43.151,15.255],[43.145,15.26]]]}},{"type":"Feature","properties":{"id":"bajil","name":"Bajil","gov":"YE-HU","km2":1615,"c":[15.033,43.093]},"geometry":{"type":"Polygon","coordinates":[[[43.496,15.048],[43.487,15.054],[43.48,15.065],[43.476,15.068],[43.457,15.074],[43.446,15.082],[43.44,15.089],[43.437,15.097],[43.434,15.116],[43.43,15.131],[43.421,15.147],[43.402,15.173],[43.383,15.162],[43.368,15.161],[43.359,15.162],[43.346,15.173],[43.341,15.183],[43.327,15.193],[43.315,15.198],[43.293,15.197],[43.287,15.203],[43.282,15.213],[43.252,15.233],[43.25,15.225],[43.241,15.222],[43.241,15.217],[43.235,15.214],[43.235,15.211],[43.229,15.208],[43.224,15.208],[43.2,15.197],[43.19,15.188],[43.161,15.19],[43.157,15.186],[43.154,15.186],[43.114,15.189],[43.097,15.186],[43.08,15.192],[43.066,15.193],[43.054,15.189],[43.049,15.173],[43.037,15.17],[43.032,15.16],[43.021,15.153],[43.012,15.151],[43.003,15.151],[42.993,15.153],[42.985,15.158],[42.978,15.155],[42.971,15.155],[42.965,15.159],[42.952,15.159],[42.933,15.155],[42.92,15.156],[42.902,15.163],[42.887,15.161],[42.881,15.163],[42.874,15.163],[42.873,15.164],[42.868,15.164],[42.846,15.153],[42.859,15.138],[42.86,15.129],[42.867,15.122],[42.871,15.113],[42.873,15.1],[42.87,15.097],[42.871,15.091],[42.863,15.08],[42.862,15.081],[42.865,15.085],[42.864,15.086],[42.867,15.088],[42.865,15.088],[42.869,15.096],[42.868,15.095],[42.87,15.102],[42.869,15.103],[42.87,15.106],[42.868,15.103],[42.865,15.089],[42.86,15.079],[42.864,15.077],[42.868,15.072],[42.866,15.062],[42.867,15.043],[42.872,15.035],[42.87,15.024],[42.884,15.002],[42.894,15],[42.899,14.995],[42.908,14.99],[42.91,14.988],[42.909,14.987],[42.911,14.988],[42.909,14.986],[42.91,14.987],[42.911,14.987],[42.917,14.981],[42.918,14.977],[42.926,14.966],[42.93,14.956],[42.93,14.949],[42.928,14.945],[42.934,14.942],[42.936,14.938],[42.936,14.935],[42.939,14.935],[42.944,14.925],[42.945,14.922],[42.944,14.92],[42.947,14.916],[42.948,14.896],[42.946,14.892],[42.945,14.889],[42.949,14.886],[42.952,14.879],[42.954,14.871],[42.952,14.869],[42.952,14.866],[42.949,14.864],[42.948,14.86],[42.947,14.86],[42.947,14.861],[42.94,14.866],[42.942,14.872],[42.941,14.875],[42.936,14.874],[42.935,14.878],[42.938,14.878],[42.935,14.879],[42.928,14.877],[42.93,14.875],[42.932,14.876],[42.935,14.875],[42.937,14.868],[42.943,14.863],[42.944,14.85],[42.95,14.849],[42.953,14.852],[42.971,14.854],[42.973,14.853],[42.99,14.869],[43.023,14.886],[43.044,14.906],[43.045,14.905],[43.076,14.929],[43.097,14.939],[43.11,14.944],[43.126,14.947],[43.141,14.953],[43.15,14.957],[43.16,14.967],[43.172,14.969],[43.184,14.962],[43.196,14.962],[43.236,14.974],[43.245,14.979],[43.278,14.985],[43.293,14.984],[43.314,14.98],[43.337,14.98],[43.339,14.973],[43.356,14.973],[43.361,14.969],[43.369,14.969],[43.375,14.971],[43.381,14.97],[43.384,14.972],[43.395,14.967],[43.401,14.966],[43.413,14.971],[43.427,14.974],[43.434,14.979],[43.438,14.976],[43.443,14.975],[43.447,14.977],[43.453,14.976],[43.46,14.98],[43.464,14.98],[43.476,14.984],[43.483,14.987],[43.498,15],[43.501,15.016],[43.502,15.029],[43.496,15.048]]]}},{"type":"Feature","properties":{"id":"ataq","name":"Ataq","gov":"YE-SH","km2":1425,"c":[14.541,46.862]},"geometry":{"type":"Polygon","coordinates":[[[47.008,14.39],[47.024,14.423],[47.033,14.464],[47.036,14.483],[47.044,14.535],[47.046,14.569],[47.043,14.589],[47.016,14.626],[46.97,14.669],[46.961,14.679],[46.949,14.699],[46.957,14.722],[46.959,14.73],[46.957,14.739],[46.954,14.746],[46.944,14.758],[46.809,14.738],[46.707,14.749],[46.688,14.762],[46.683,14.718],[46.659,14.64],[46.655,14.59],[46.654,14.555],[46.659,14.514],[46.664,14.489],[46.679,14.44],[46.686,14.425],[46.696,14.408],[46.729,14.41],[46.762,14.416],[46.78,14.416],[46.806,14.413],[46.822,14.41],[46.838,14.405],[46.863,14.401],[46.888,14.396],[46.926,14.378],[46.942,14.376],[46.967,14.379],[47.008,14.39]]]}},{"type":"Feature","properties":{"id":"bura","name":"Bura'","gov":"YE-HU","km2":264,"c":[14.903,43.452]},"geometry":{"type":"Polygon","coordinates":[[[43.498,15],[43.483,14.987],[43.476,14.984],[43.464,14.98],[43.46,14.98],[43.453,14.976],[43.447,14.977],[43.443,14.975],[43.438,14.976],[43.434,14.979],[43.427,14.974],[43.413,14.971],[43.401,14.966],[43.401,14.961],[43.403,14.959],[43.405,14.959],[43.405,14.957],[43.402,14.954],[43.399,14.947],[43.393,14.94],[43.392,14.928],[43.394,14.926],[43.396,14.917],[43.392,14.916],[43.39,14.919],[43.387,14.92],[43.379,14.917],[43.38,14.907],[43.385,14.898],[43.392,14.895],[43.392,14.891],[43.403,14.888],[43.407,14.884],[43.407,14.88],[43.403,14.88],[43.402,14.877],[43.395,14.873],[43.394,14.87],[43.395,14.865],[43.402,14.86],[43.403,14.857],[43.401,14.85],[43.402,14.849],[43.401,14.842],[43.402,14.838],[43.421,14.818],[43.427,14.817],[43.432,14.814],[43.438,14.814],[43.448,14.817],[43.463,14.817],[43.464,14.821],[43.472,14.818],[43.473,14.816],[43.479,14.818],[43.485,14.832],[43.499,14.84],[43.501,14.846],[43.5,14.848],[43.502,14.854],[43.5,14.862],[43.504,14.869],[43.505,14.876],[43.511,14.881],[43.519,14.884],[43.525,14.886],[43.53,14.884],[43.538,14.888],[43.542,14.89],[43.545,14.895],[43.552,14.9],[43.567,14.909],[43.571,14.932],[43.57,14.947],[43.557,14.953],[43.549,14.963],[43.542,14.969],[43.534,14.984],[43.498,15]]]}},{"type":"Feature","properties":{"id":"habban","name":"Habban","gov":"YE-SH","km2":919,"c":[14.278,47.126]},"geometry":{"type":"Polygon","coordinates":[[[47.099,14.116],[47.109,14.121],[47.133,14.129],[47.224,14.13],[47.241,14.133],[47.264,14.139],[47.269,14.154],[47.268,14.186],[47.271,14.218],[47.269,14.236],[47.263,14.243],[47.251,14.252],[47.229,14.286],[47.218,14.308],[47.214,14.324],[47.21,14.365],[47.21,14.381],[47.214,14.415],[47.214,14.439],[47.21,14.454],[47.202,14.469],[47.182,14.494],[47.174,14.496],[47.159,14.49],[47.151,14.49],[47.126,14.492],[47.119,14.489],[47.036,14.483],[47.033,14.464],[47.024,14.423],[47.008,14.39],[47.031,14.336],[47.033,14.32],[47.031,14.312],[47.027,14.304],[47.021,14.298],[47.008,14.288],[47.004,14.282],[47.011,14.232],[47.011,14.152],[47.02,14.149],[47.022,14.143],[47.029,14.134],[47.043,14.127],[47.051,14.125],[47.061,14.127],[47.073,14.134],[47.085,14.135],[47.09,14.133],[47.093,14.13],[47.099,14.116]]]}},{"type":"Feature","properties":{"id":"al-marawi-ah","name":"Al Marawi'ah","gov":"YE-HU","km2":787,"c":[14.866,43.241]},"geometry":{"type":"Polygon","coordinates":[[[42.973,14.853],[42.978,14.837],[42.979,14.823],[42.981,14.818],[42.994,14.804],[43.002,14.797],[43.028,14.784],[43.035,14.785],[43.059,14.791],[43.074,14.799],[43.067,14.814],[43.068,14.817],[43.07,14.819],[43.074,14.818],[43.075,14.816],[43.075,14.808],[43.084,14.802],[43.098,14.804],[43.113,14.777],[43.125,14.77],[43.13,14.759],[43.124,14.738],[43.121,14.712],[43.129,14.7],[43.148,14.713],[43.156,14.716],[43.166,14.716],[43.167,14.726],[43.17,14.737],[43.177,14.751],[43.181,14.752],[43.185,14.757],[43.198,14.764],[43.239,14.769],[43.246,14.772],[43.254,14.779],[43.258,14.794],[43.262,14.799],[43.27,14.804],[43.285,14.82],[43.291,14.82],[43.308,14.815],[43.323,14.821],[43.325,14.827],[43.33,14.832],[43.338,14.834],[43.337,14.838],[43.362,14.847],[43.367,14.851],[43.39,14.849],[43.401,14.85],[43.403,14.857],[43.402,14.86],[43.395,14.865],[43.394,14.87],[43.395,14.873],[43.402,14.877],[43.403,14.88],[43.407,14.88],[43.407,14.884],[43.403,14.888],[43.392,14.891],[43.392,14.895],[43.385,14.898],[43.38,14.907],[43.379,14.917],[43.387,14.92],[43.39,14.919],[43.392,14.916],[43.396,14.917],[43.394,14.926],[43.392,14.928],[43.393,14.94],[43.399,14.947],[43.402,14.954],[43.405,14.957],[43.405,14.959],[43.403,14.959],[43.401,14.961],[43.401,14.966],[43.395,14.967],[43.384,14.972],[43.381,14.97],[43.375,14.971],[43.369,14.969],[43.361,14.969],[43.356,14.973],[43.339,14.973],[43.337,14.98],[43.314,14.98],[43.293,14.984],[43.278,14.985],[43.245,14.979],[43.236,14.974],[43.196,14.962],[43.184,14.962],[43.172,14.969],[43.16,14.967],[43.15,14.957],[43.141,14.953],[43.126,14.947],[43.11,14.944],[43.097,14.939],[43.076,14.929],[43.045,14.905],[43.044,14.906],[43.023,14.886],[42.99,14.869],[42.973,14.853]]]}},{"type":"Feature","properties":{"id":"ad-durayhimi","name":"Ad Durayhimi","gov":"YE-HU","km2":698,"c":[14.579,43.037]},"geometry":{"type":"MultiPolygon","coordinates":[[[[42.949,14.545],[42.948,14.556],[42.95,14.562],[42.947,14.565],[42.947,14.568],[42.952,14.575],[42.956,14.577],[42.954,14.577],[42.951,14.576],[42.945,14.567],[42.941,14.565],[42.942,14.553],[42.944,14.545],[42.946,14.543],[42.948,14.542],[42.954,14.544],[42.951,14.544],[42.949,14.545]]],[[[42.911,14.622],[42.906,14.623],[42.905,14.625],[42.905,14.627],[42.908,14.632],[42.902,14.634],[42.9,14.632],[42.898,14.628],[42.9,14.623],[42.907,14.614],[42.923,14.601],[42.933,14.597],[42.936,14.598],[42.937,14.602],[42.929,14.6],[42.927,14.601],[42.945,14.613],[42.945,14.614],[42.93,14.608],[42.92,14.609],[42.917,14.611],[42.919,14.612],[42.919,14.614],[42.915,14.616],[42.92,14.622],[42.919,14.623],[42.911,14.622]]],[[[43.059,14.791],[43.05,14.76],[43.037,14.743],[42.995,14.722],[42.963,14.706],[42.957,14.706],[42.964,14.696],[42.968,14.688],[42.967,14.678],[42.972,14.676],[42.975,14.671],[42.984,14.662],[42.984,14.652],[42.981,14.64],[42.981,14.635],[42.988,14.614],[42.992,14.608],[42.995,14.609],[42.989,14.615],[42.989,14.616],[42.998,14.616],[42.999,14.615],[42.996,14.602],[43.002,14.587],[43.002,14.583],[43.006,14.573],[43.001,14.563],[42.992,14.562],[42.989,14.564],[42.988,14.564],[42.989,14.56],[43.003,14.554],[43.006,14.556],[43.012,14.547],[43.014,14.545],[43.016,14.54],[43.017,14.537],[43.014,14.526],[43.012,14.527],[43.009,14.519],[43.012,14.513],[43.009,14.505],[43.01,14.501],[43.009,14.5],[43.011,14.492],[43.014,14.491],[43.015,14.482],[43.01,14.476],[43.005,14.476],[43.011,14.471],[43.011,14.469],[43.019,14.461],[43.019,14.449],[43.017,14.445],[43.018,14.437],[43.017,14.436],[43.01,14.438],[43.008,14.448],[43.004,14.452],[43.002,14.469],[42.995,14.471],[42.989,14.479],[42.989,14.481],[42.992,14.482],[42.989,14.483],[42.988,14.486],[42.989,14.488],[42.992,14.488],[42.989,14.489],[42.979,14.489],[42.974,14.49],[42.974,14.494],[42.97,14.503],[42.969,14.525],[42.967,14.527],[42.967,14.529],[42.97,14.533],[42.96,14.533],[42.959,14.54],[42.959,14.533],[42.966,14.518],[42.968,14.508],[42.972,14.494],[42.973,14.483],[42.98,14.473],[42.984,14.464],[42.985,14.449],[42.992,14.44],[42.992,14.435],[42.995,14.427],[42.996,14.417],[42.998,14.397],[43.011,14.379],[43.031,14.391],[43.051,14.412],[43.079,14.459],[43.104,14.52],[43.134,14.56],[43.144,14.567],[43.216,14.571],[43.233,14.578],[43.239,14.588],[43.241,14.588],[43.239,14.602],[43.246,14.636],[43.24,14.636],[43.243,14.656],[43.241,14.67],[43.235,14.68],[43.232,14.68],[43.214,14.686],[43.166,14.716],[43.156,14.716],[43.148,14.713],[43.129,14.7],[43.121,14.712],[43.124,14.738],[43.13,14.759],[43.125,14.77],[43.113,14.777],[43.098,14.804],[43.084,14.802],[43.075,14.808],[43.075,14.816],[43.074,14.818],[43.07,14.819],[43.068,14.817],[43.067,14.814],[43.074,14.799],[43.059,14.791]]]]}},{"type":"Feature","properties":{"id":"as-sukhnah","name":"As Sukhnah","gov":"YE-HU","km2":387,"c":[14.753,43.352]},"geometry":{"type":"Polygon","coordinates":[[[43.401,14.85],[43.39,14.849],[43.367,14.851],[43.362,14.847],[43.337,14.838],[43.338,14.834],[43.33,14.832],[43.325,14.827],[43.323,14.821],[43.308,14.815],[43.291,14.82],[43.285,14.82],[43.27,14.804],[43.262,14.799],[43.258,14.794],[43.254,14.779],[43.246,14.772],[43.239,14.769],[43.198,14.764],[43.185,14.757],[43.181,14.752],[43.177,14.751],[43.17,14.737],[43.167,14.726],[43.166,14.716],[43.214,14.686],[43.232,14.68],[43.235,14.68],[43.241,14.67],[43.243,14.656],[43.25,14.655],[43.253,14.643],[43.255,14.641],[43.265,14.64],[43.277,14.65],[43.284,14.648],[43.283,14.657],[43.279,14.672],[43.26,14.711],[43.26,14.717],[43.264,14.72],[43.278,14.722],[43.294,14.73],[43.315,14.73],[43.326,14.727],[43.351,14.724],[43.367,14.716],[43.375,14.708],[43.393,14.718],[43.398,14.717],[43.413,14.721],[43.421,14.739],[43.427,14.743],[43.435,14.745],[43.441,14.744],[43.447,14.741],[43.453,14.736],[43.463,14.72],[43.471,14.718],[43.473,14.715],[43.472,14.705],[43.476,14.697],[43.48,14.699],[43.487,14.706],[43.512,14.718],[43.514,14.721],[43.514,14.729],[43.512,14.736],[43.497,14.756],[43.482,14.798],[43.473,14.812],[43.473,14.816],[43.472,14.818],[43.464,14.821],[43.463,14.817],[43.448,14.817],[43.438,14.814],[43.432,14.814],[43.427,14.817],[43.421,14.818],[43.402,14.838],[43.401,14.842],[43.402,14.849],[43.401,14.85]]]}},{"type":"Feature","properties":{"id":"al-mansuriyah","name":"Al Mansuriyah","gov":"YE-HU","km2":198,"c":[14.686,43.391]},"geometry":{"type":"Polygon","coordinates":[[[43.284,14.648],[43.301,14.649],[43.321,14.64],[43.348,14.647],[43.37,14.647],[43.383,14.655],[43.392,14.65],[43.397,14.643],[43.404,14.639],[43.416,14.636],[43.419,14.637],[43.42,14.627],[43.422,14.626],[43.424,14.626],[43.433,14.634],[43.442,14.637],[43.455,14.65],[43.485,14.653],[43.483,14.661],[43.478,14.672],[43.477,14.686],[43.479,14.693],[43.476,14.697],[43.472,14.705],[43.473,14.715],[43.471,14.718],[43.463,14.72],[43.453,14.736],[43.447,14.741],[43.441,14.744],[43.435,14.745],[43.427,14.743],[43.421,14.739],[43.413,14.721],[43.398,14.717],[43.393,14.718],[43.375,14.708],[43.367,14.716],[43.351,14.724],[43.326,14.727],[43.315,14.73],[43.294,14.73],[43.278,14.722],[43.264,14.72],[43.26,14.717],[43.26,14.711],[43.279,14.672],[43.283,14.657],[43.284,14.648]]]}},{"type":"Feature","properties":{"id":"bayt-al-faqih","name":"Bayt Al Faqih","gov":"YE-HU","km2":1521,"c":[14.472,43.328]},"geometry":{"type":"Polygon","coordinates":[[[43.011,14.379],[43.021,14.362],[43.032,14.334],[43.035,14.32],[43.036,14.296],[43.045,14.28],[43.051,14.264],[43.055,14.265],[43.114,14.278],[43.125,14.281],[43.141,14.305],[43.151,14.311],[43.194,14.319],[43.201,14.319],[43.209,14.317],[43.233,14.317],[43.247,14.322],[43.258,14.32],[43.268,14.323],[43.276,14.327],[43.286,14.339],[43.292,14.34],[43.308,14.335],[43.324,14.338],[43.332,14.343],[43.339,14.352],[43.344,14.355],[43.346,14.359],[43.351,14.362],[43.363,14.366],[43.371,14.366],[43.409,14.373],[43.416,14.376],[43.448,14.381],[43.456,14.384],[43.466,14.384],[43.473,14.383],[43.478,14.376],[43.481,14.378],[43.491,14.377],[43.496,14.379],[43.498,14.377],[43.504,14.378],[43.507,14.376],[43.512,14.375],[43.516,14.377],[43.521,14.388],[43.534,14.399],[43.549,14.421],[43.549,14.435],[43.548,14.444],[43.541,14.465],[43.53,14.494],[43.523,14.52],[43.511,14.553],[43.508,14.578],[43.509,14.594],[43.502,14.593],[43.493,14.599],[43.485,14.609],[43.481,14.617],[43.48,14.62],[43.484,14.635],[43.485,14.653],[43.455,14.65],[43.442,14.637],[43.433,14.634],[43.424,14.626],[43.422,14.626],[43.42,14.627],[43.419,14.637],[43.416,14.636],[43.404,14.639],[43.397,14.643],[43.392,14.65],[43.383,14.655],[43.37,14.647],[43.348,14.647],[43.321,14.64],[43.301,14.649],[43.284,14.648],[43.277,14.65],[43.265,14.64],[43.255,14.641],[43.253,14.643],[43.25,14.655],[43.243,14.656],[43.24,14.636],[43.246,14.636],[43.239,14.602],[43.241,14.588],[43.239,14.588],[43.233,14.578],[43.216,14.571],[43.144,14.567],[43.134,14.56],[43.104,14.52],[43.079,14.459],[43.051,14.412],[43.031,14.391],[43.011,14.379]]]}},{"type":"Feature","properties":{"id":"jabal-ras","name":"Jabal Ras","gov":"YE-HU","km2":415,"c":[14.016,43.636]},"geometry":{"type":"Polygon","coordinates":[[[43.751,14.105],[43.731,14.085],[43.719,14.075],[43.705,14.068],[43.693,14.066],[43.679,14.067],[43.675,14.071],[43.661,14.077],[43.644,14.091],[43.629,14.106],[43.602,14.124],[43.586,14.132],[43.57,14.129],[43.565,14.131],[43.56,14.13],[43.552,14.128],[43.542,14.13],[43.538,14.133],[43.532,14.132],[43.522,14.139],[43.512,14.151],[43.504,14.153],[43.504,14.144],[43.505,14.137],[43.497,14.128],[43.495,14.119],[43.492,14.117],[43.484,14.113],[43.479,14.101],[43.479,14.094],[43.486,14.082],[43.49,14.07],[43.496,14.032],[43.514,14.035],[43.538,14.033],[43.548,14.001],[43.553,13.973],[43.558,13.969],[43.573,13.966],[43.577,13.964],[43.577,13.961],[43.593,13.962],[43.601,13.957],[43.606,13.946],[43.61,13.922],[43.61,13.907],[43.618,13.908],[43.623,13.913],[43.625,13.913],[43.633,13.912],[43.639,13.914],[43.645,13.911],[43.654,13.91],[43.656,13.913],[43.657,13.912],[43.659,13.914],[43.662,13.915],[43.668,13.92],[43.677,13.918],[43.686,13.915],[43.689,13.91],[43.7,13.907],[43.708,13.907],[43.711,13.911],[43.71,13.923],[43.706,13.93],[43.683,13.934],[43.671,13.942],[43.652,13.968],[43.653,13.981],[43.661,13.999],[43.67,14.004],[43.679,14.006],[43.687,14.003],[43.692,13.993],[43.701,13.985],[43.707,13.976],[43.705,13.958],[43.705,13.957],[43.708,13.956],[43.712,13.96],[43.714,13.969],[43.718,13.972],[43.72,13.969],[43.722,13.969],[43.732,14.021],[43.736,14.031],[43.745,14.043],[43.754,14.05],[43.769,14.048],[43.773,14.05],[43.777,14.057],[43.775,14.068],[43.757,14.092],[43.751,14.105]]]}},{"type":"Feature","properties":{"id":"qatabir","name":"Qatabir","gov":"YE-SD","km2":201,"c":[17.352,43.344]},"geometry":{"type":"Polygon","coordinates":[[[43.423,17.248],[43.417,17.27],[43.41,17.288],[43.405,17.29],[43.403,17.293],[43.403,17.315],[43.407,17.321],[43.404,17.323],[43.39,17.322],[43.362,17.355],[43.35,17.361],[43.344,17.366],[43.343,17.386],[43.34,17.395],[43.371,17.4],[43.358,17.41],[43.351,17.419],[43.346,17.426],[43.338,17.45],[43.334,17.451],[43.322,17.446],[43.31,17.446],[43.307,17.441],[43.294,17.443],[43.294,17.45],[43.263,17.457],[43.263,17.458],[43.256,17.458],[43.23,17.432],[43.247,17.402],[43.237,17.391],[43.228,17.386],[43.259,17.362],[43.277,17.358],[43.326,17.328],[43.337,17.304],[43.331,17.303],[43.341,17.293],[43.357,17.289],[43.381,17.269],[43.393,17.252],[43.4,17.225],[43.4,17.216],[43.417,17.201],[43.425,17.226],[43.423,17.248]]]}},{"type":"Feature","properties":{"id":"al-hawak","name":"Al Hawak","gov":"YE-HU","km2":32,"c":[14.76,42.955]},"geometry":{"type":"Polygon","coordinates":[[[42.995,14.722],[42.991,14.729],[42.979,14.776],[42.959,14.793],[42.952,14.797],[42.948,14.799],[42.945,14.796],[42.947,14.793],[42.945,14.792],[42.948,14.786],[42.946,14.785],[42.947,14.783],[42.945,14.782],[42.948,14.783],[42.948,14.781],[42.946,14.781],[42.945,14.782],[42.948,14.778],[42.949,14.768],[42.954,14.761],[42.952,14.747],[42.951,14.744],[42.949,14.744],[42.952,14.739],[42.949,14.736],[42.953,14.729],[42.952,14.727],[42.954,14.723],[42.953,14.718],[42.957,14.706],[42.963,14.706],[42.995,14.722]]]}},{"type":"Feature","properties":{"id":"al-mina","name":"Al Mina","gov":"YE-HU","km2":26,"c":[14.854,42.912]},"geometry":{"type":"MultiPolygon","coordinates":[[[[42.952,14.797],[42.959,14.807],[42.954,14.811],[42.948,14.812],[42.948,14.814],[42.944,14.812],[42.945,14.816],[42.943,14.818],[42.943,14.828],[42.936,14.835],[42.933,14.832],[42.934,14.831],[42.933,14.832],[42.933,14.827],[42.939,14.825],[42.939,14.82],[42.935,14.814],[42.929,14.812],[42.925,14.815],[42.925,14.822],[42.927,14.824],[42.933,14.825],[42.93,14.827],[42.93,14.832],[42.924,14.837],[42.923,14.845],[42.919,14.845],[42.916,14.848],[42.916,14.852],[42.913,14.853],[42.912,14.857],[42.911,14.863],[42.913,14.868],[42.923,14.874],[42.909,14.869],[42.907,14.859],[42.904,14.858],[42.906,14.857],[42.906,14.855],[42.902,14.848],[42.9,14.847],[42.893,14.848],[42.891,14.862],[42.889,14.867],[42.885,14.873],[42.883,14.879],[42.884,14.883],[42.883,14.895],[42.89,14.9],[42.903,14.901],[42.886,14.901],[42.886,14.904],[42.888,14.906],[42.882,14.91],[42.877,14.91],[42.876,14.913],[42.887,14.916],[42.887,14.911],[42.889,14.909],[42.887,14.916],[42.892,14.916],[42.892,14.913],[42.892,14.917],[42.883,14.915],[42.88,14.917],[42.88,14.916],[42.882,14.915],[42.879,14.916],[42.879,14.919],[42.885,14.918],[42.881,14.924],[42.876,14.923],[42.873,14.921],[42.869,14.911],[42.869,14.892],[42.875,14.882],[42.881,14.859],[42.886,14.852],[42.917,14.826],[42.92,14.82],[42.92,14.812],[42.924,14.81],[42.94,14.797],[42.941,14.791],[42.946,14.785],[42.944,14.785],[42.945,14.784],[42.946,14.785],[42.948,14.786],[42.945,14.792],[42.947,14.793],[42.945,14.796],[42.948,14.799],[42.952,14.797]]],[[[42.922,14.942],[42.923,14.946],[42.922,14.95],[42.918,14.952],[42.914,14.947],[42.914,14.943],[42.919,14.94],[42.922,14.942]]]]}},{"type":"Feature","properties":{"id":"monabbih","name":"Monabbih","gov":"YE-SD","km2":440,"c":[17.185,43.284]},"geometry":{"type":"Polygon","coordinates":[[[43.331,17.303],[43.315,17.304],[43.31,17.301],[43.31,17.299],[43.302,17.293],[43.289,17.29],[43.267,17.292],[43.258,17.282],[43.246,17.274],[43.232,17.269],[43.224,17.26],[43.219,17.26],[43.209,17.262],[43.203,17.26],[43.202,17.256],[43.204,17.249],[43.199,17.245],[43.216,17.21],[43.21,17.207],[43.184,17.186],[43.152,17.175],[43.159,17.132],[43.158,17.104],[43.16,17.087],[43.185,17.099],[43.208,17.078],[43.227,17.075],[43.231,17.065],[43.259,17.061],[43.305,17.059],[43.313,17.056],[43.316,17.052],[43.321,17.041],[43.324,17.037],[43.329,17.035],[43.335,17.056],[43.335,17.066],[43.333,17.081],[43.336,17.09],[43.337,17.12],[43.331,17.134],[43.331,17.15],[43.334,17.158],[43.332,17.166],[43.328,17.182],[43.323,17.192],[43.318,17.207],[43.328,17.206],[43.338,17.202],[43.383,17.211],[43.4,17.216],[43.4,17.225],[43.393,17.252],[43.381,17.269],[43.357,17.289],[43.341,17.293],[43.331,17.303]]]}},{"type":"Feature","properties":{"id":"al-hali","name":"Al Hali","gov":"YE-HU","km2":73,"c":[14.81,42.972]},"geometry":{"type":"Polygon","coordinates":[[[42.944,14.85],[42.94,14.844],[42.935,14.84],[42.939,14.837],[42.936,14.835],[42.943,14.828],[42.943,14.818],[42.945,14.816],[42.944,14.812],[42.948,14.814],[42.948,14.812],[42.954,14.811],[42.959,14.807],[42.952,14.797],[42.959,14.793],[42.979,14.776],[42.991,14.729],[42.995,14.722],[43.037,14.743],[43.05,14.76],[43.059,14.791],[43.035,14.785],[43.028,14.784],[43.002,14.797],[42.994,14.804],[42.981,14.818],[42.979,14.823],[42.978,14.837],[42.973,14.853],[42.971,14.854],[42.953,14.852],[42.95,14.849],[42.944,14.85]]]}},{"type":"Feature","properties":{"id":"zabid","name":"Zabid","gov":"YE-HU","km2":591,"c":[14.274,43.345]},"geometry":{"type":"Polygon","coordinates":[[[43.114,14.278],[43.12,14.262],[43.265,14.219],[43.296,14.214],[43.296,14.199],[43.301,14.187],[43.301,14.174],[43.311,14.166],[43.318,14.168],[43.341,14.162],[43.347,14.164],[43.347,14.171],[43.369,14.173],[43.371,14.174],[43.386,14.169],[43.388,14.17],[43.404,14.167],[43.405,14.164],[43.41,14.163],[43.456,14.164],[43.453,14.183],[43.446,14.184],[43.443,14.192],[43.448,14.195],[43.45,14.2],[43.476,14.216],[43.472,14.249],[43.483,14.275],[43.5,14.305],[43.485,14.328],[43.48,14.341],[43.476,14.359],[43.478,14.376],[43.473,14.383],[43.466,14.384],[43.456,14.384],[43.448,14.381],[43.416,14.376],[43.409,14.373],[43.371,14.366],[43.363,14.366],[43.351,14.362],[43.346,14.359],[43.344,14.355],[43.339,14.352],[43.332,14.343],[43.324,14.338],[43.308,14.335],[43.292,14.34],[43.286,14.339],[43.276,14.327],[43.268,14.323],[43.258,14.32],[43.247,14.322],[43.233,14.317],[43.209,14.317],[43.201,14.319],[43.194,14.319],[43.151,14.311],[43.141,14.305],[43.125,14.281],[43.114,14.278]]]}},{"type":"Feature","properties":{"id":"al-jarrahi","name":"Al Jarrahi","gov":"YE-HU","km2":628,"c":[14.122,43.444]},"geometry":{"type":"Polygon","coordinates":[[[43.496,14.032],[43.49,14.07],[43.486,14.082],[43.479,14.094],[43.479,14.101],[43.484,14.113],[43.492,14.117],[43.495,14.119],[43.497,14.128],[43.505,14.137],[43.504,14.144],[43.504,14.153],[43.512,14.151],[43.522,14.139],[43.532,14.132],[43.538,14.133],[43.535,14.14],[43.519,14.161],[43.511,14.164],[43.505,14.169],[43.499,14.183],[43.5,14.204],[43.504,14.203],[43.507,14.207],[43.51,14.208],[43.515,14.205],[43.523,14.206],[43.525,14.209],[43.528,14.211],[43.531,14.216],[43.532,14.219],[43.528,14.225],[43.529,14.228],[43.526,14.243],[43.518,14.256],[43.52,14.263],[43.524,14.269],[43.525,14.279],[43.52,14.285],[43.513,14.288],[43.507,14.302],[43.5,14.305],[43.483,14.275],[43.472,14.249],[43.476,14.216],[43.45,14.2],[43.448,14.195],[43.443,14.192],[43.446,14.184],[43.453,14.183],[43.456,14.164],[43.41,14.163],[43.405,14.164],[43.404,14.167],[43.388,14.17],[43.386,14.169],[43.371,14.174],[43.369,14.173],[43.347,14.171],[43.347,14.164],[43.341,14.162],[43.318,14.168],[43.311,14.166],[43.301,14.174],[43.298,14.17],[43.29,14.168],[43.292,14.164],[43.29,14.154],[43.29,14.142],[43.28,14.135],[43.276,14.125],[43.286,13.903],[43.307,13.904],[43.34,13.911],[43.356,13.923],[43.36,13.923],[43.366,13.92],[43.385,13.942],[43.387,13.946],[43.395,13.968],[43.401,13.977],[43.408,13.98],[43.412,13.973],[43.426,13.979],[43.419,13.986],[43.417,13.994],[43.419,14],[43.436,14],[43.441,13.996],[43.451,13.994],[43.453,13.985],[43.457,13.98],[43.465,13.977],[43.485,13.979],[43.484,13.995],[43.491,14.002],[43.496,14.021],[43.496,14.032]]]}},{"type":"Feature","properties":{"id":"at-tuhayta","name":"At Tuhayta","gov":"YE-HU","km2":689,"c":[14.059,43.176]},"geometry":{"type":"MultiPolygon","coordinates":[[[[42.701,13.965],[42.702,13.968],[42.699,13.968],[42.699,13.965],[42.701,13.965]]],[[[43.286,13.903],[43.276,14.125],[43.28,14.135],[43.29,14.142],[43.29,14.154],[43.292,14.164],[43.29,14.168],[43.298,14.17],[43.301,14.174],[43.301,14.187],[43.296,14.199],[43.296,14.214],[43.265,14.219],[43.12,14.262],[43.114,14.278],[43.055,14.265],[43.051,14.264],[43.069,14.233],[43.072,14.225],[43.076,14.203],[43.075,14.196],[43.076,14.188],[43.075,14.183],[43.088,14.153],[43.09,14.14],[43.088,14.135],[43.089,14.124],[43.095,14.11],[43.106,14.094],[43.108,14.087],[43.106,14.074],[43.097,14.064],[43.112,14.056],[43.117,14.052],[43.122,14.042],[43.123,14.033],[43.127,14.026],[43.139,14.016],[43.146,14.007],[43.146,13.987],[43.156,13.975],[43.16,13.953],[43.168,13.949],[43.171,13.945],[43.19,13.934],[43.201,13.917],[43.199,13.912],[43.201,13.91],[43.201,13.906],[43.213,13.9],[43.211,13.896],[43.213,13.894],[43.212,13.896],[43.214,13.9],[43.214,13.898],[43.215,13.899],[43.217,13.898],[43.214,13.895],[43.218,13.897],[43.241,13.901],[43.286,13.903]]]]}},{"type":"Feature","properties":{"id":"rumah","name":"Rumah","gov":"YE-HD","km2":26124,"c":[17.457,50.901]},"geometry":{"type":"Polygon","coordinates":[[[51.457,18.257],[51.459,18.27],[51.491,18.373],[51.521,18.437],[51.526,18.456],[51.532,18.496],[51.531,18.517],[51.528,18.528],[51.524,18.562],[51.525,18.58],[51.528,18.587],[51.537,18.605],[51.573,18.666],[51.612,18.716],[51.655,18.762],[51.723,18.821],[51.802,18.879],[51.928,18.963],[51.968,18.986],[52,19],[51.391,18.895],[50.783,18.789],[50.334,18.744],[50.334,18.294],[50.337,18.24],[50.329,18.147],[50.333,17.926],[50.314,17.715],[50.298,17.617],[50.274,17.52],[50.251,17.417],[50.241,17.345],[50.231,17.239],[50.231,17.18],[50.227,17.072],[50.217,17.005],[50.197,16.924],[50.182,16.884],[50.15,16.837],[50.121,16.77],[50.104,16.721],[50.097,16.658],[50.173,16.657],[50.218,16.655],[50.219,16.66],[50.223,16.663],[50.26,16.663],[50.28,16.666],[50.323,16.667],[50.385,16.677],[50.455,16.673],[50.489,16.669],[50.504,16.669],[50.509,16.67],[50.523,16.677],[50.544,16.694],[50.586,16.73],[50.596,16.742],[50.619,16.781],[50.63,16.81],[50.632,16.819],[50.631,16.828],[50.633,16.846],[50.638,16.862],[50.644,16.87],[50.658,16.875],[50.684,16.879],[50.716,16.878],[50.739,16.874],[50.755,16.874],[50.766,16.872],[50.81,16.872],[50.853,16.876],[50.864,16.879],[50.868,16.882],[50.897,16.89],[50.95,16.913],[50.971,16.929],[50.999,16.956],[51.024,16.976],[51.072,17.004],[51.085,17.016],[51.11,17.026],[51.12,17.03],[51.126,17.036],[51.133,17.097],[51.141,17.148],[51.147,17.172],[51.165,17.234],[51.193,17.295],[51.206,17.321],[51.226,17.35],[51.236,17.362],[51.26,17.4],[51.289,17.457],[51.302,17.5],[51.319,17.538],[51.328,17.567],[51.356,17.626],[51.387,17.688],[51.422,17.779],[51.433,17.829],[51.442,17.925],[51.45,18.056],[51.453,18.226],[51.457,18.257]]]}},{"type":"Feature","properties":{"id":"thamud","name":"Thamud","gov":"YE-HD","km2":15327,"c":[17.138,49.827]},"geometry":{"type":"Polygon","coordinates":[[[50.334,18.744],[49.749,18.684],[49.733,18.046],[49.73,17.864],[49.72,17.584],[49.708,17.496],[49.698,17.452],[49.691,17.439],[49.676,17.425],[49.659,17.412],[49.644,17.397],[49.635,17.384],[49.61,17.354],[49.6,17.335],[49.595,17.305],[49.593,17.281],[49.594,17.202],[49.589,17.121],[49.58,17.054],[49.568,16.996],[49.56,16.975],[49.552,16.962],[49.493,16.903],[49.485,16.892],[49.462,16.855],[49.425,16.805],[49.412,16.78],[49.387,16.697],[49.377,16.646],[49.374,16.609],[49.374,16.534],[49.407,16.54],[49.431,16.541],[49.462,16.541],[49.512,16.538],[49.54,16.541],[49.571,16.549],[49.626,16.568],[49.696,16.596],[49.807,16.645],[49.851,16.66],[49.874,16.665],[49.904,16.67],[49.937,16.673],[49.965,16.672],[49.981,16.67],[50.004,16.665],[50.029,16.661],[50.061,16.659],[50.097,16.658],[50.104,16.721],[50.121,16.77],[50.15,16.837],[50.182,16.884],[50.197,16.924],[50.217,17.005],[50.227,17.072],[50.231,17.18],[50.231,17.239],[50.241,17.345],[50.251,17.417],[50.274,17.52],[50.298,17.617],[50.314,17.715],[50.333,17.926],[50.329,18.147],[50.337,18.24],[50.334,18.294],[50.334,18.744]]]}},{"type":"Feature","properties":{"id":"al-qaff","name":"Al Qaff","gov":"YE-HD","km2":30015,"c":[16.838,48.94]},"geometry":{"type":"Polygon","coordinates":[[[49.749,18.684],[49.117,18.617],[48.79,18.46],[48.485,18.313],[48.543,17.631],[48.567,17.334],[48.575,17.227],[48.574,17.201],[48.572,17.177],[48.563,17.15],[48.542,17.109],[48.507,17.023],[48.472,16.955],[48.446,16.916],[48.426,16.889],[48.374,16.814],[48.345,16.78],[48.317,16.753],[48.291,16.725],[48.256,16.694],[48.244,16.685],[48.155,16.634],[48.203,16.572],[48.241,16.531],[48.286,16.477],[48.347,16.397],[48.355,16.383],[48.366,16.36],[48.37,16.347],[48.371,16.339],[48.37,16.324],[48.352,16.283],[48.342,16.254],[48.33,16.21],[48.423,16.215],[48.459,16.215],[48.497,16.208],[48.519,16.202],[48.559,16.184],[48.574,16.181],[48.607,16.179],[48.629,16.182],[48.649,16.188],[48.699,16.205],[48.737,16.216],[48.759,16.225],[48.793,16.246],[48.818,16.264],[48.836,16.278],[48.853,16.297],[48.875,16.325],[48.916,16.389],[48.927,16.403],[48.939,16.412],[48.966,16.429],[48.986,16.438],[49.006,16.443],[49.086,16.452],[49.137,16.461],[49.198,16.479],[49.258,16.494],[49.285,16.503],[49.315,16.515],[49.374,16.534],[49.374,16.609],[49.377,16.646],[49.387,16.697],[49.412,16.78],[49.425,16.805],[49.462,16.855],[49.485,16.892],[49.493,16.903],[49.552,16.962],[49.56,16.975],[49.568,16.996],[49.58,17.054],[49.589,17.121],[49.594,17.202],[49.593,17.281],[49.595,17.305],[49.6,17.335],[49.61,17.354],[49.635,17.384],[49.644,17.397],[49.659,17.412],[49.676,17.425],[49.691,17.439],[49.698,17.452],[49.708,17.496],[49.72,17.584],[49.73,17.864],[49.733,18.046],[49.749,18.684]]]}},{"type":"Feature","properties":{"id":"zamakh-wa-manwokh","name":"Zamakh wa Manwokh","gov":"YE-HD","km2":21998,"c":[16.54,47.645]},"geometry":{"type":"Polygon","coordinates":[[[46.841,16.195],[46.876,16.16],[46.925,16.124],[46.954,16.098],[46.969,16.082],[46.988,16.055],[47.003,16.037],[47.008,16.032],[47.015,16.029],[47.029,16.028],[47.036,16.029],[47.049,16.034],[47.061,16.043],[47.076,16.059],[47.099,16.089],[47.107,16.102],[47.117,16.135],[47.123,16.15],[47.13,16.162],[47.135,16.167],[47.165,16.186],[47.238,16.218],[47.273,16.229],[47.3,16.234],[47.367,16.239],[47.402,16.24],[47.419,16.239],[47.513,16.232],[47.544,16.228],[47.595,16.227],[47.629,16.229],[47.641,16.231],[47.655,16.236],[47.684,16.249],[47.697,16.258],[47.732,16.289],[47.747,16.296],[47.795,16.314],[47.807,16.321],[47.852,16.354],[47.923,16.424],[47.955,16.45],[47.972,16.466],[47.982,16.478],[48.001,16.509],[48.046,16.552],[48.111,16.604],[48.155,16.634],[48.244,16.685],[48.256,16.694],[48.291,16.725],[48.317,16.753],[48.345,16.78],[48.374,16.814],[48.426,16.889],[48.446,16.916],[48.472,16.955],[48.507,17.023],[48.542,17.109],[48.563,17.15],[48.572,17.177],[48.574,17.201],[48.575,17.227],[48.567,17.334],[48.543,17.631],[48.485,18.313],[48.183,18.167],[47.892,17.809],[47.6,17.45],[47.467,17.117],[47.183,16.95],[47.002,16.95],[47.003,16.83],[47.004,16.83],[47.002,16.371],[46.841,16.195]]]}},{"type":"Feature","properties":{"id":"hajar-as-say-ar","name":"Hajar As Say'ar","gov":"YE-HD","km2":2877,"c":[16.25,48.002]},"geometry":{"type":"Polygon","coordinates":[[[48.155,16.634],[48.111,16.604],[48.046,16.552],[48.001,16.509],[47.982,16.478],[47.972,16.466],[47.955,16.45],[47.923,16.424],[47.852,16.354],[47.807,16.321],[47.795,16.314],[47.747,16.296],[47.732,16.289],[47.697,16.258],[47.684,16.249],[47.655,16.236],[47.641,16.231],[47.629,16.229],[47.629,16.216],[47.635,16.194],[47.661,16.134],[47.686,16.09],[47.703,16.068],[47.748,16.028],[47.773,16.013],[47.799,16.002],[47.813,15.999],[47.865,15.997],[47.895,15.994],[47.943,15.981],[47.957,15.976],[47.987,15.961],[47.996,16.032],[47.999,16.048],[48.012,16.084],[48.028,16.122],[48.045,16.146],[48.06,16.162],[48.08,16.174],[48.095,16.179],[48.118,16.182],[48.155,16.184],[48.172,16.186],[48.242,16.204],[48.269,16.208],[48.291,16.21],[48.33,16.21],[48.342,16.254],[48.352,16.283],[48.37,16.324],[48.371,16.339],[48.37,16.347],[48.366,16.36],[48.355,16.383],[48.347,16.397],[48.286,16.477],[48.241,16.531],[48.203,16.572],[48.155,16.634]]]}},{"type":"Feature","properties":{"id":"al-abr","name":"Al Abr","gov":"YE-HD","km2":7830,"c":[15.992,47.404]},"geometry":{"type":"Polygon","coordinates":[[[46.811,16.162],[46.618,15.965],[46.368,15.678],[46.307,15.606],[46.389,15.612],[46.53,15.631],[46.584,15.638],[46.921,15.67],[47.359,15.693],[47.443,15.702],[47.608,15.723],[47.846,15.723],[47.892,15.726],[47.919,15.731],[47.949,15.738],[48.044,15.772],[48.102,15.786],[48.143,15.791],[48.176,15.794],[48.172,15.809],[48.164,15.828],[48.155,15.839],[48.117,15.879],[48.108,15.887],[48.068,15.914],[47.987,15.961],[47.957,15.976],[47.943,15.981],[47.895,15.994],[47.865,15.997],[47.813,15.999],[47.799,16.002],[47.773,16.013],[47.748,16.028],[47.703,16.068],[47.686,16.09],[47.661,16.134],[47.635,16.194],[47.629,16.216],[47.629,16.229],[47.595,16.227],[47.544,16.228],[47.513,16.232],[47.419,16.239],[47.402,16.24],[47.367,16.239],[47.3,16.234],[47.273,16.229],[47.238,16.218],[47.165,16.186],[47.135,16.167],[47.13,16.162],[47.123,16.15],[47.117,16.135],[47.107,16.102],[47.099,16.089],[47.076,16.059],[47.061,16.043],[47.049,16.034],[47.036,16.029],[47.029,16.028],[47.015,16.029],[47.008,16.032],[47.003,16.037],[46.988,16.055],[46.969,16.082],[46.954,16.098],[46.925,16.124],[46.876,16.16],[46.841,16.195],[46.811,16.162]]]}},{"type":"Feature","properties":{"id":"al-qatn","name":"Al Qatn","gov":"YE-HD","km2":2913,"c":[15.936,48.345]},"geometry":{"type":"Polygon","coordinates":[[[48.33,16.21],[48.291,16.21],[48.269,16.208],[48.242,16.204],[48.172,16.186],[48.155,16.184],[48.118,16.182],[48.095,16.179],[48.08,16.174],[48.06,16.162],[48.045,16.146],[48.028,16.122],[48.012,16.084],[47.999,16.048],[47.996,16.032],[47.987,15.961],[48.068,15.914],[48.108,15.887],[48.117,15.879],[48.155,15.839],[48.164,15.828],[48.172,15.809],[48.176,15.794],[48.224,15.795],[48.247,15.791],[48.283,15.788],[48.294,15.784],[48.303,15.785],[48.306,15.78],[48.317,15.773],[48.324,15.762],[48.329,15.758],[48.337,15.746],[48.353,15.709],[48.362,15.693],[48.38,15.669],[48.398,15.652],[48.426,15.635],[48.459,15.623],[48.473,15.618],[48.525,15.609],[48.535,15.637],[48.549,15.705],[48.558,15.772],[48.57,15.833],[48.575,15.846],[48.598,15.875],[48.601,15.882],[48.601,15.89],[48.6,15.896],[48.595,15.907],[48.596,15.92],[48.594,15.926],[48.579,15.939],[48.584,15.961],[48.577,16.017],[48.576,16.075],[48.573,16.112],[48.574,16.181],[48.559,16.184],[48.519,16.202],[48.497,16.208],[48.459,16.215],[48.423,16.215],[48.33,16.21]]]}},{"type":"Feature","properties":{"id":"shibam","name":"Shibam","gov":"YE-HD","km2":1087,"c":[15.892,48.657]},"geometry":{"type":"Polygon","coordinates":[[[48.574,16.181],[48.573,16.112],[48.576,16.075],[48.577,16.017],[48.584,15.961],[48.579,15.939],[48.594,15.926],[48.596,15.92],[48.595,15.907],[48.6,15.896],[48.601,15.89],[48.601,15.882],[48.598,15.875],[48.575,15.846],[48.57,15.833],[48.558,15.772],[48.549,15.705],[48.535,15.637],[48.525,15.609],[48.548,15.601],[48.586,15.585],[48.633,15.558],[48.672,15.615],[48.689,15.646],[48.699,15.66],[48.743,15.698],[48.759,15.715],[48.766,15.729],[48.767,15.736],[48.77,15.766],[48.758,15.769],[48.752,15.773],[48.746,15.78],[48.731,15.804],[48.722,15.834],[48.719,15.866],[48.719,15.886],[48.713,15.9],[48.699,15.914],[48.696,15.925],[48.699,15.932],[48.705,15.941],[48.714,15.96],[48.718,15.972],[48.724,16.002],[48.726,16.033],[48.725,16.073],[48.718,16.131],[48.714,16.151],[48.701,16.183],[48.699,16.205],[48.649,16.188],[48.629,16.182],[48.607,16.179],[48.574,16.181]]]}},{"type":"Feature","properties":{"id":"sah","name":"Sah","gov":"YE-HD","km2":2583,"c":[15.57,48.926]},"geometry":{"type":"Polygon","coordinates":[[[49.131,15.663],[49.115,15.669],[49.074,15.698],[49.042,15.729],[48.996,15.771],[48.983,15.777],[48.971,15.786],[48.946,15.81],[48.938,15.814],[48.917,15.82],[48.901,15.818],[48.891,15.814],[48.884,15.813],[48.855,15.812],[48.842,15.808],[48.835,15.804],[48.788,15.769],[48.781,15.766],[48.77,15.766],[48.767,15.736],[48.766,15.729],[48.759,15.715],[48.743,15.698],[48.699,15.66],[48.689,15.646],[48.672,15.615],[48.633,15.558],[48.64,15.553],[48.646,15.547],[48.65,15.54],[48.663,15.501],[48.684,15.396],[48.69,15.346],[48.695,15.324],[48.752,15.197],[48.764,15.198],[48.772,15.2],[48.803,15.211],[48.849,15.24],[48.874,15.26],[48.922,15.287],[48.947,15.299],[49.014,15.319],[49.052,15.337],[49.097,15.355],[49.116,15.37],[49.126,15.384],[49.132,15.4],[49.159,15.479],[49.162,15.535],[49.158,15.543],[49.147,15.557],[49.147,15.56],[49.154,15.561],[49.165,15.561],[49.167,15.567],[49.163,15.57],[49.157,15.577],[49.153,15.589],[49.151,15.606],[49.139,15.634],[49.131,15.663]]]}},{"type":"Feature","properties":{"id":"sayun","name":"Sayun","gov":"YE-HD","km2":925,"c":[15.973,48.814]},"geometry":{"type":"Polygon","coordinates":[[[48.699,16.205],[48.701,16.183],[48.714,16.151],[48.718,16.131],[48.725,16.073],[48.726,16.033],[48.724,16.002],[48.718,15.972],[48.714,15.96],[48.705,15.941],[48.699,15.932],[48.696,15.925],[48.699,15.914],[48.713,15.9],[48.719,15.886],[48.719,15.866],[48.722,15.834],[48.731,15.804],[48.746,15.78],[48.752,15.773],[48.758,15.769],[48.77,15.766],[48.781,15.766],[48.788,15.769],[48.835,15.804],[48.842,15.808],[48.855,15.812],[48.884,15.813],[48.891,15.814],[48.901,15.818],[48.905,15.838],[48.911,15.854],[48.914,15.86],[48.93,15.875],[48.939,15.887],[48.968,15.933],[48.975,15.946],[48.979,15.961],[48.978,15.984],[48.976,15.993],[48.968,16.005],[48.951,16.017],[48.938,16.024],[48.906,16.033],[48.875,16.044],[48.862,16.052],[48.857,16.057],[48.834,16.118],[48.822,16.171],[48.819,16.208],[48.821,16.244],[48.818,16.264],[48.793,16.246],[48.759,16.225],[48.737,16.216],[48.699,16.205]]]}},{"type":"Feature","properties":{"id":"haridah","name":"Haridah","gov":"YE-HD","km2":921,"c":[15.533,48.177]},"geometry":{"type":"Polygon","coordinates":[[[48.374,15.426],[48.362,15.459],[48.353,15.479],[48.352,15.486],[48.352,15.515],[48.359,15.556],[48.357,15.569],[48.347,15.577],[48.323,15.581],[48.286,15.58],[48.274,15.589],[48.27,15.595],[48.265,15.608],[48.246,15.667],[48.236,15.68],[48.231,15.684],[48.225,15.687],[48.204,15.689],[48.181,15.686],[48.086,15.65],[48.048,15.632],[47.977,15.591],[47.951,15.566],[47.956,15.539],[47.96,15.531],[47.969,15.515],[47.978,15.503],[47.989,15.494],[48.002,15.487],[48.04,15.472],[48.054,15.468],[48.06,15.468],[48.084,15.474],[48.094,15.473],[48.1,15.47],[48.115,15.454],[48.132,15.429],[48.138,15.416],[48.139,15.404],[48.246,15.404],[48.337,15.417],[48.374,15.426]]]}},{"type":"Feature","properties":{"id":"tarim","name":"Tarim","gov":"YE-HD","km2":3007,"c":[16.084,49.096]},"geometry":{"type":"Polygon","coordinates":[[[49.249,15.809],[49.251,15.847],[49.248,15.908],[49.248,15.915],[49.272,15.963],[49.278,15.977],[49.283,15.995],[49.281,16.015],[49.279,16.03],[49.272,16.05],[49.243,16.092],[49.233,16.112],[49.228,16.141],[49.215,16.194],[49.213,16.214],[49.215,16.245],[49.224,16.279],[49.221,16.3],[49.223,16.306],[49.238,16.32],[49.238,16.326],[49.228,16.337],[49.226,16.343],[49.225,16.357],[49.227,16.372],[49.236,16.394],[49.245,16.406],[49.262,16.417],[49.282,16.426],[49.284,16.433],[49.277,16.437],[49.256,16.44],[49.25,16.444],[49.243,16.456],[49.247,16.47],[49.258,16.494],[49.198,16.479],[49.137,16.461],[49.086,16.452],[49.006,16.443],[48.986,16.438],[48.966,16.429],[48.939,16.412],[48.927,16.403],[48.916,16.389],[48.875,16.325],[48.853,16.297],[48.836,16.278],[48.818,16.264],[48.821,16.244],[48.819,16.208],[48.822,16.171],[48.834,16.118],[48.857,16.057],[48.862,16.052],[48.875,16.044],[48.906,16.033],[48.938,16.024],[48.951,16.017],[48.968,16.005],[48.976,15.993],[48.978,15.984],[48.979,15.961],[48.975,15.946],[48.968,15.933],[48.939,15.887],[48.93,15.875],[48.914,15.86],[48.911,15.854],[48.905,15.838],[48.901,15.818],[48.917,15.82],[48.938,15.814],[48.946,15.81],[48.971,15.786],[48.983,15.777],[48.996,15.771],[49.042,15.729],[49.074,15.698],[49.115,15.669],[49.131,15.663],[49.137,15.663],[49.149,15.67],[49.183,15.682],[49.195,15.69],[49.2,15.695],[49.206,15.707],[49.211,15.728],[49.216,15.743],[49.227,15.762],[49.243,15.788],[49.249,15.809]]]}},{"type":"Feature","properties":{"id":"as-sawm","name":"As Sawm","gov":"YE-HD","km2":12026,"c":[16.026,49.907]},"geometry":{"type":"Polygon","coordinates":[[[49.84,15.378],[49.859,15.373],[49.874,15.375],[49.929,15.388],[49.996,15.391],[50.016,15.397],[50.05,15.412],[50.108,15.426],[50.156,15.431],[50.185,15.429],[50.184,15.43],[50.188,15.434],[50.221,15.46],[50.23,15.472],[50.236,15.486],[50.236,15.502],[50.238,15.506],[50.242,15.509],[50.252,15.506],[50.256,15.507],[50.267,15.518],[50.271,15.539],[50.268,15.554],[50.273,15.569],[50.272,15.575],[50.263,15.582],[50.27,15.589],[50.235,15.596],[50.207,15.612],[50.197,15.612],[50.166,15.608],[50.151,15.611],[50.142,15.615],[50.134,15.622],[50.131,15.627],[50.126,15.641],[50.117,15.653],[50.117,15.663],[50.117,15.668],[50.121,15.676],[50.129,15.684],[50.131,15.688],[50.13,15.699],[50.134,15.713],[50.128,15.727],[50.13,15.732],[50.134,15.736],[50.137,15.745],[50.14,15.749],[50.15,15.75],[50.153,15.754],[50.156,15.763],[50.156,15.784],[50.154,15.789],[50.139,15.809],[50.138,15.814],[50.14,15.835],[50.149,15.861],[50.163,15.866],[50.167,15.87],[50.167,15.875],[50.165,15.879],[50.157,15.886],[50.163,15.895],[50.161,15.9],[50.153,15.906],[50.15,15.916],[50.16,15.926],[50.184,15.938],[50.19,15.947],[50.202,15.957],[50.205,15.962],[50.205,15.967],[50.205,15.983],[50.22,16.004],[50.224,16.013],[50.226,16.026],[50.23,16.033],[50.26,16.069],[50.263,16.074],[50.263,16.079],[50.261,16.083],[50.257,16.087],[50.244,16.094],[50.228,16.121],[50.224,16.124],[50.214,16.127],[50.207,16.134],[50.194,16.142],[50.158,16.155],[50.159,16.168],[50.161,16.172],[50.164,16.182],[50.166,16.218],[50.168,16.228],[50.174,16.237],[50.182,16.243],[50.193,16.254],[50.198,16.263],[50.2,16.274],[50.199,16.289],[50.211,16.312],[50.212,16.317],[50.213,16.37],[50.215,16.374],[50.239,16.41],[50.237,16.42],[50.238,16.43],[50.244,16.444],[50.249,16.452],[50.251,16.473],[50.26,16.486],[50.261,16.491],[50.26,16.496],[50.258,16.5],[50.259,16.506],[50.262,16.509],[50.267,16.511],[50.27,16.515],[50.261,16.52],[50.257,16.529],[50.245,16.538],[50.236,16.542],[50.22,16.546],[50.216,16.549],[50.215,16.553],[50.217,16.558],[50.234,16.578],[50.237,16.583],[50.239,16.593],[50.26,16.609],[50.259,16.614],[50.256,16.618],[50.247,16.623],[50.244,16.633],[50.226,16.643],[50.219,16.65],[50.218,16.655],[50.173,16.657],[50.097,16.658],[50.061,16.659],[50.029,16.661],[50.004,16.665],[49.981,16.67],[49.965,16.672],[49.937,16.673],[49.904,16.67],[49.874,16.665],[49.851,16.66],[49.807,16.645],[49.696,16.596],[49.626,16.568],[49.571,16.549],[49.54,16.541],[49.512,16.538],[49.462,16.541],[49.431,16.541],[49.407,16.54],[49.374,16.534],[49.315,16.515],[49.285,16.503],[49.258,16.494],[49.247,16.47],[49.243,16.456],[49.25,16.444],[49.256,16.44],[49.277,16.437],[49.284,16.433],[49.282,16.426],[49.262,16.417],[49.245,16.406],[49.236,16.394],[49.227,16.372],[49.225,16.357],[49.226,16.343],[49.228,16.337],[49.238,16.326],[49.238,16.32],[49.223,16.306],[49.221,16.3],[49.224,16.279],[49.215,16.245],[49.213,16.214],[49.215,16.194],[49.228,16.141],[49.233,16.112],[49.243,16.092],[49.272,16.05],[49.279,16.03],[49.281,16.015],[49.283,15.995],[49.278,15.977],[49.272,15.963],[49.248,15.915],[49.248,15.908],[49.251,15.847],[49.249,15.809],[49.28,15.806],[49.329,15.811],[49.376,15.808],[49.426,15.812],[49.457,15.811],[49.464,15.811],[49.47,15.808],[49.498,15.794],[49.504,15.789],[49.514,15.778],[49.526,15.757],[49.532,15.74],[49.543,15.693],[49.549,15.664],[49.554,15.612],[49.559,15.588],[49.559,15.573],[49.554,15.553],[49.556,15.546],[49.56,15.539],[49.584,15.515],[49.599,15.498],[49.628,15.446],[49.641,15.429],[49.665,15.404],[49.679,15.392],[49.689,15.387],[49.7,15.388],[49.728,15.407],[49.766,15.42],[49.786,15.421],[49.808,15.415],[49.822,15.404],[49.832,15.392],[49.84,15.378]]]}},{"type":"Feature","properties":{"id":"ar-raydah-wa-qussay-ar","name":"Ar Raydah wa Qussay'ar","gov":"YE-HD","km2":3071,"c":[15.2,50.399]},"geometry":{"type":"Polygon","coordinates":[[[49.996,15.391],[49.979,15.366],[49.967,15.341],[49.964,15.328],[49.965,15.306],[49.984,15.263],[50.004,15.234],[50.016,15.225],[50.03,15.222],[50.051,15.222],[50.06,15.213],[50.066,15.191],[50.068,15.16],[50.068,15.129],[50.065,15.1],[50.065,15.086],[50.073,15.051],[50.079,15.038],[50.087,15.01],[50.1,14.986],[50.127,14.944],[50.136,14.933],[50.15,14.918],[50.162,14.908],[50.175,14.901],[50.182,14.898],[50.225,14.888],[50.265,14.909],[50.301,14.924],[50.317,14.928],[50.32,14.926],[50.32,14.923],[50.325,14.922],[50.326,14.92],[50.329,14.92],[50.332,14.925],[50.337,14.93],[50.34,14.931],[50.338,14.932],[50.339,14.935],[50.346,14.943],[50.356,14.952],[50.383,14.972],[50.42,14.995],[50.463,15.017],[50.475,15.024],[50.494,15.028],[50.515,15.035],[50.553,15.046],[50.569,15.047],[50.616,15.058],[50.643,15.061],[50.66,15.062],[50.701,15.072],[50.707,15.073],[50.719,15.07],[50.756,15.079],[50.757,15.087],[50.768,15.105],[50.767,15.11],[50.745,15.144],[50.728,15.163],[50.726,15.173],[50.731,15.182],[50.732,15.192],[50.717,15.206],[50.713,15.215],[50.709,15.219],[50.7,15.224],[50.698,15.229],[50.7,15.239],[50.696,15.248],[50.697,15.258],[50.695,15.268],[50.693,15.273],[50.689,15.276],[50.684,15.277],[50.681,15.282],[50.681,15.292],[50.667,15.312],[50.66,15.325],[50.657,15.335],[50.653,15.338],[50.644,15.334],[50.63,15.34],[50.615,15.336],[50.611,15.332],[50.607,15.33],[50.594,15.338],[50.588,15.338],[50.579,15.332],[50.575,15.335],[50.573,15.344],[50.568,15.345],[50.564,15.342],[50.559,15.343],[50.554,15.353],[50.548,15.36],[50.543,15.362],[50.532,15.363],[50.518,15.368],[50.513,15.368],[50.478,15.359],[50.457,15.357],[50.448,15.359],[50.443,15.358],[50.438,15.356],[50.426,15.346],[50.416,15.343],[50.395,15.341],[50.374,15.342],[50.354,15.337],[50.329,15.334],[50.303,15.335],[50.272,15.332],[50.262,15.333],[50.253,15.337],[50.231,15.351],[50.229,15.355],[50.224,15.355],[50.216,15.361],[50.206,15.362],[50.199,15.368],[50.185,15.39],[50.185,15.401],[50.189,15.42],[50.185,15.429],[50.156,15.431],[50.108,15.426],[50.05,15.412],[50.016,15.397],[49.996,15.391]]]}},{"type":"Feature","properties":{"id":"ad-dis","name":"Ad Dis","gov":"YE-HD","km2":1690,"c":[15.014,49.962]},"geometry":{"type":"Polygon","coordinates":[[[49.864,14.821],[49.904,14.839],[49.917,14.843],[49.926,14.848],[49.94,14.851],[49.95,14.847],[49.957,14.848],[49.96,14.846],[49.986,14.853],[49.988,14.852],[49.999,14.853],[50.008,14.851],[50.013,14.849],[50.013,14.846],[50.015,14.846],[50.015,14.844],[50.018,14.842],[50.019,14.839],[50.018,14.836],[50.024,14.834],[50.023,14.828],[50.026,14.824],[50.022,14.822],[50.022,14.819],[50.027,14.822],[50.055,14.828],[50.109,14.85],[50.119,14.849],[50.125,14.846],[50.129,14.848],[50.135,14.849],[50.141,14.845],[50.144,14.845],[50.147,14.842],[50.163,14.842],[50.168,14.845],[50.178,14.845],[50.182,14.85],[50.18,14.857],[50.185,14.862],[50.195,14.87],[50.225,14.888],[50.182,14.898],[50.175,14.901],[50.162,14.908],[50.15,14.918],[50.136,14.933],[50.127,14.944],[50.1,14.986],[50.087,15.01],[50.079,15.038],[50.073,15.051],[50.065,15.086],[50.065,15.1],[50.068,15.129],[50.068,15.16],[50.066,15.191],[50.06,15.213],[50.051,15.222],[50.03,15.222],[50.016,15.225],[50.004,15.234],[49.984,15.263],[49.965,15.306],[49.964,15.328],[49.967,15.341],[49.979,15.366],[49.996,15.391],[49.929,15.388],[49.874,15.375],[49.859,15.373],[49.84,15.378],[49.831,15.381],[49.823,15.381],[49.781,15.377],[49.792,15.34],[49.794,15.307],[49.788,15.292],[49.781,15.267],[49.78,15.253],[49.784,15.232],[49.777,15.196],[49.776,15.178],[49.786,15.174],[49.799,15.164],[49.809,15.146],[49.813,15.132],[49.814,15.117],[49.824,15.114],[49.825,15.11],[49.836,15.102],[49.84,15.079],[49.844,15.039],[49.842,15.029],[49.844,15.018],[49.838,15.012],[49.839,15.005],[49.831,14.988],[49.811,14.978],[49.771,14.966],[49.765,14.962],[49.761,14.957],[49.76,14.951],[49.767,14.939],[49.782,14.916],[49.796,14.9],[49.809,14.891],[49.831,14.884],[49.837,14.88],[49.843,14.867],[49.849,14.847],[49.864,14.821]]]}},{"type":"Feature","properties":{"id":"daw-an","name":"Daw'an","gov":"YE-HD","km2":3443,"c":[15.021,48.261]},"geometry":{"type":"Polygon","coordinates":[[[48.606,15.108],[48.595,15.117],[48.57,15.148],[48.531,15.209],[48.504,15.25],[48.457,15.325],[48.42,15.372],[48.382,15.411],[48.374,15.426],[48.337,15.417],[48.246,15.404],[48.139,15.404],[48.131,15.366],[48.128,15.358],[48.115,15.337],[48.105,15.328],[48.046,15.287],[48.033,15.276],[48.004,15.246],[47.991,15.228],[47.984,15.214],[47.983,15.201],[47.989,15.194],[47.996,15.187],[48.003,15.184],[48.031,15.179],[48.051,15.167],[48.056,15.16],[48.059,15.151],[48.061,15.139],[48.05,15.126],[48.051,15.12],[48.047,15.117],[48.057,15.116],[48.061,15.114],[48.066,15.103],[48.07,15.098],[48.077,15.098],[48.084,15.103],[48.093,15.116],[48.109,15.12],[48.118,15.109],[48.124,15.108],[48.132,15.108],[48.136,15.102],[48.132,15.096],[48.135,15.09],[48.134,15.073],[48.142,15.051],[48.146,15.046],[48.151,15.041],[48.178,15.03],[48.188,15.021],[48.216,14.985],[48.228,14.965],[48.234,14.951],[48.237,14.938],[48.235,14.931],[48.225,14.911],[48.215,14.892],[48.196,14.864],[48.181,14.838],[48.153,14.797],[48.151,14.79],[48.151,14.773],[48.159,14.747],[48.182,14.7],[48.198,14.676],[48.208,14.667],[48.222,14.66],[48.245,14.652],[48.258,14.65],[48.266,14.651],[48.283,14.656],[48.31,14.67],[48.319,14.679],[48.359,14.711],[48.372,14.717],[48.443,14.727],[48.459,14.732],[48.482,14.738],[48.506,14.738],[48.517,14.734],[48.531,14.753],[48.547,14.784],[48.558,14.802],[48.576,14.827],[48.576,14.841],[48.569,14.874],[48.566,14.896],[48.566,14.912],[48.572,14.949],[48.58,14.982],[48.588,15.022],[48.587,15.042],[48.585,15.057],[48.587,15.079],[48.59,15.085],[48.606,15.108]]]}},{"type":"Feature","properties":{"id":"wadi-al-ayn","name":"Wadi Al Ayn","gov":"YE-HD","km2":2318,"c":[15.514,48.388]},"geometry":{"type":"Polygon","coordinates":[[[48.752,15.197],[48.695,15.324],[48.69,15.346],[48.684,15.396],[48.663,15.501],[48.65,15.54],[48.646,15.547],[48.64,15.553],[48.633,15.558],[48.586,15.585],[48.548,15.601],[48.525,15.609],[48.473,15.618],[48.459,15.623],[48.426,15.635],[48.398,15.652],[48.38,15.669],[48.362,15.693],[48.353,15.709],[48.337,15.746],[48.329,15.758],[48.324,15.762],[48.317,15.773],[48.306,15.78],[48.303,15.785],[48.294,15.784],[48.283,15.788],[48.247,15.791],[48.224,15.795],[48.176,15.794],[48.143,15.791],[48.102,15.786],[48.044,15.772],[47.949,15.738],[47.919,15.731],[47.892,15.726],[47.896,15.702],[47.901,15.688],[47.93,15.646],[47.937,15.633],[47.951,15.566],[47.977,15.591],[48.048,15.632],[48.086,15.65],[48.181,15.686],[48.204,15.689],[48.225,15.687],[48.231,15.684],[48.236,15.68],[48.246,15.667],[48.265,15.608],[48.27,15.595],[48.274,15.589],[48.286,15.58],[48.323,15.581],[48.347,15.577],[48.357,15.569],[48.359,15.556],[48.352,15.515],[48.352,15.486],[48.353,15.479],[48.362,15.459],[48.374,15.426],[48.382,15.411],[48.42,15.372],[48.457,15.325],[48.504,15.25],[48.531,15.209],[48.57,15.148],[48.595,15.117],[48.606,15.108],[48.627,15.099],[48.649,15.093],[48.664,15.09],[48.701,15.088],[48.732,15.095],[48.745,15.101],[48.759,15.11],[48.762,15.113],[48.767,15.126],[48.768,15.133],[48.769,15.148],[48.765,15.168],[48.752,15.197]]]}},{"type":"Feature","properties":{"id":"rakhyah","name":"Rakhyah","gov":"YE-HD","km2":747,"c":[15.464,47.773]},"geometry":{"type":"Polygon","coordinates":[[[47.846,15.723],[47.847,15.715],[47.844,15.691],[47.841,15.682],[47.836,15.676],[47.834,15.644],[47.829,15.628],[47.811,15.602],[47.794,15.584],[47.791,15.576],[47.785,15.57],[47.779,15.565],[47.765,15.558],[47.754,15.547],[47.739,15.499],[47.722,15.471],[47.704,15.442],[47.693,15.43],[47.679,15.419],[47.631,15.387],[47.622,15.373],[47.62,15.362],[47.615,15.293],[47.626,15.281],[47.617,15.268],[47.605,15.257],[47.603,15.237],[47.597,15.222],[47.609,15.22],[47.622,15.221],[47.631,15.223],[47.648,15.231],[47.664,15.243],[47.694,15.268],[47.706,15.28],[47.716,15.294],[47.74,15.353],[47.749,15.367],[47.758,15.376],[47.769,15.382],[47.818,15.401],[47.84,15.411],[47.849,15.418],[47.86,15.428],[47.866,15.436],[47.872,15.445],[47.886,15.477],[47.901,15.495],[47.92,15.51],[47.96,15.531],[47.956,15.539],[47.951,15.566],[47.937,15.633],[47.93,15.646],[47.901,15.688],[47.896,15.702],[47.892,15.726],[47.846,15.723]]]}},{"type":"Feature","properties":{"id":"amd","name":"Amd","gov":"YE-HD","km2":1083,"c":[15.349,47.935]},"geometry":{"type":"Polygon","coordinates":[[[47.96,15.531],[47.92,15.51],[47.901,15.495],[47.886,15.477],[47.872,15.445],[47.866,15.436],[47.86,15.428],[47.849,15.418],[47.84,15.411],[47.818,15.401],[47.769,15.382],[47.758,15.376],[47.749,15.367],[47.74,15.353],[47.716,15.294],[47.742,15.279],[47.754,15.27],[47.762,15.26],[47.773,15.236],[47.775,15.227],[47.798,15.17],[47.803,15.162],[47.811,15.156],[47.829,15.151],[47.844,15.151],[47.868,15.158],[47.909,15.174],[47.927,15.18],[47.966,15.19],[47.989,15.194],[47.983,15.201],[47.984,15.214],[47.991,15.228],[48.004,15.246],[48.033,15.276],[48.046,15.287],[48.105,15.328],[48.115,15.337],[48.128,15.358],[48.131,15.366],[48.139,15.404],[48.138,15.416],[48.132,15.429],[48.115,15.454],[48.1,15.47],[48.094,15.473],[48.084,15.474],[48.06,15.468],[48.054,15.468],[48.04,15.472],[48.002,15.487],[47.989,15.494],[47.978,15.503],[47.969,15.515],[47.96,15.531]]]}},{"type":"Feature","properties":{"id":"ad-dulay-ah","name":"Ad Dulay'ah","gov":"YE-HD","km2":2510,"c":[15.065,47.912]},"geometry":{"type":"Polygon","coordinates":[[[47.989,15.194],[47.966,15.19],[47.927,15.18],[47.909,15.174],[47.868,15.158],[47.844,15.151],[47.829,15.151],[47.811,15.156],[47.803,15.162],[47.798,15.17],[47.775,15.227],[47.773,15.236],[47.762,15.26],[47.754,15.27],[47.742,15.279],[47.716,15.294],[47.706,15.28],[47.694,15.268],[47.664,15.243],[47.648,15.231],[47.631,15.223],[47.622,15.221],[47.609,15.22],[47.597,15.222],[47.586,15.205],[47.582,15.189],[47.582,15.181],[47.576,15.165],[47.576,15.154],[47.58,15.142],[47.59,15.124],[47.594,15.123],[47.619,15.1],[47.623,15.093],[47.628,15.087],[47.647,15.072],[47.659,15.06],[47.662,15.053],[47.661,15.038],[47.652,15.015],[47.641,15.004],[47.62,14.99],[47.612,14.983],[47.681,14.908],[47.701,14.892],[47.728,14.876],[47.765,14.859],[47.801,14.839],[47.885,14.803],[47.929,14.781],[47.994,14.757],[48.037,14.744],[48.073,14.735],[48.097,14.734],[48.142,14.74],[48.159,14.747],[48.151,14.773],[48.151,14.79],[48.153,14.797],[48.181,14.838],[48.196,14.864],[48.215,14.892],[48.225,14.911],[48.235,14.931],[48.237,14.938],[48.234,14.951],[48.228,14.965],[48.216,14.985],[48.188,15.021],[48.178,15.03],[48.151,15.041],[48.146,15.046],[48.142,15.051],[48.134,15.073],[48.135,15.09],[48.132,15.096],[48.136,15.102],[48.132,15.108],[48.124,15.108],[48.118,15.109],[48.109,15.12],[48.093,15.116],[48.084,15.103],[48.077,15.098],[48.07,15.098],[48.066,15.103],[48.061,15.114],[48.057,15.116],[48.047,15.117],[48.051,15.12],[48.05,15.126],[48.061,15.139],[48.059,15.151],[48.056,15.16],[48.051,15.167],[48.031,15.179],[48.003,15.184],[47.996,15.187],[47.989,15.194]]]}},{"type":"Feature","properties":{"id":"yab-uth","name":"Yab'uth","gov":"YE-HD","km2":1454,"c":[14.746,47.69]},"geometry":{"type":"Polygon","coordinates":[[[47.612,14.983],[47.573,14.955],[47.537,14.937],[47.532,14.928],[47.527,14.91],[47.52,14.901],[47.511,14.893],[47.46,14.871],[47.444,14.861],[47.434,14.848],[47.426,14.834],[47.424,14.825],[47.425,14.818],[47.434,14.808],[47.439,14.806],[47.461,14.802],[47.477,14.804],[47.508,14.791],[47.555,14.773],[47.561,14.768],[47.566,14.761],[47.572,14.746],[47.573,14.73],[47.583,14.7],[47.588,14.693],[47.621,14.67],[47.661,14.642],[47.67,14.642],[47.686,14.644],[47.694,14.642],[47.7,14.637],[47.711,14.625],[47.718,14.621],[47.735,14.618],[47.763,14.6],[47.771,14.598],[47.804,14.593],[47.836,14.586],[47.853,14.585],[47.885,14.576],[47.901,14.573],[47.917,14.574],[47.932,14.582],[47.941,14.585],[47.981,14.581],[47.992,14.616],[48.002,14.639],[48.03,14.688],[48.036,14.718],[48.037,14.744],[47.994,14.757],[47.929,14.781],[47.885,14.803],[47.801,14.839],[47.765,14.859],[47.728,14.876],[47.701,14.892],[47.681,14.908],[47.612,14.983]]]}},{"type":"Feature","properties":{"id":"ghamr","name":"Ghamr","gov":"YE-SD","km2":135,"c":[16.974,43.321]},"geometry":{"type":"Polygon","coordinates":[[[43.231,17.065],[43.233,17.059],[43.24,17.047],[43.249,17.016],[43.259,17.009],[43.279,17],[43.293,16.985],[43.298,16.985],[43.299,16.983],[43.312,16.979],[43.315,16.975],[43.309,16.955],[43.312,16.934],[43.306,16.928],[43.313,16.927],[43.316,16.916],[43.321,16.911],[43.322,16.904],[43.317,16.894],[43.317,16.891],[43.321,16.886],[43.324,16.891],[43.327,16.898],[43.333,16.902],[43.343,16.903],[43.346,16.905],[43.354,16.911],[43.362,16.923],[43.366,16.937],[43.367,16.952],[43.372,16.957],[43.371,16.959],[43.364,16.961],[43.367,16.975],[43.372,16.975],[43.389,16.982],[43.385,16.996],[43.38,17.002],[43.366,17.012],[43.342,17.02],[43.337,17.023],[43.329,17.035],[43.324,17.037],[43.321,17.041],[43.316,17.052],[43.313,17.056],[43.305,17.059],[43.259,17.061],[43.231,17.065]]]}},{"type":"Feature","properties":{"id":"hajar","name":"Hajar","gov":"YE-HD","km2":2480,"c":[14.517,48.282]},"geometry":{"type":"Polygon","coordinates":[[[48.159,14.747],[48.142,14.74],[48.097,14.734],[48.073,14.735],[48.037,14.744],[48.036,14.718],[48.03,14.688],[48.002,14.639],[47.992,14.616],[47.981,14.581],[47.988,14.575],[47.996,14.573],[48.012,14.574],[48.018,14.57],[48.036,14.543],[48.046,14.531],[48.053,14.517],[48.059,14.512],[48.062,14.504],[48.064,14.472],[48.066,14.464],[48.1,14.428],[48.109,14.415],[48.113,14.399],[48.131,14.383],[48.141,14.371],[48.146,14.356],[48.154,14.354],[48.162,14.356],[48.17,14.355],[48.178,14.351],[48.213,14.33],[48.219,14.325],[48.219,14.317],[48.224,14.311],[48.232,14.31],[48.24,14.31],[48.248,14.312],[48.255,14.315],[48.263,14.315],[48.294,14.304],[48.325,14.317],[48.358,14.314],[48.39,14.318],[48.406,14.315],[48.411,14.31],[48.419,14.307],[48.426,14.302],[48.443,14.305],[48.451,14.303],[48.487,14.284],[48.494,14.282],[48.511,14.312],[48.531,14.335],[48.555,14.378],[48.567,14.422],[48.577,14.451],[48.622,14.561],[48.634,14.604],[48.638,14.632],[48.637,14.636],[48.636,14.639],[48.631,14.643],[48.607,14.66],[48.595,14.669],[48.543,14.719],[48.532,14.727],[48.517,14.734],[48.506,14.738],[48.482,14.738],[48.459,14.732],[48.443,14.727],[48.372,14.717],[48.359,14.711],[48.319,14.679],[48.31,14.67],[48.283,14.656],[48.266,14.651],[48.258,14.65],[48.245,14.652],[48.222,14.66],[48.208,14.667],[48.198,14.676],[48.182,14.7],[48.159,14.747]]]}},{"type":"Feature","properties":{"id":"brum-mayf-ah","name":"Brum Mayf'ah","gov":"YE-HD","km2":2035,"c":[14.294,48.804]},"geometry":{"type":"Polygon","coordinates":[[[48.494,14.282],[48.504,14.281],[48.53,14.259],[48.538,14.256],[48.544,14.251],[48.551,14.255],[48.558,14.254],[48.564,14.248],[48.565,14.24],[48.569,14.233],[48.575,14.227],[48.573,14.219],[48.574,14.212],[48.579,14.205],[48.587,14.204],[48.606,14.178],[48.609,14.17],[48.605,14.163],[48.595,14.15],[48.595,14.142],[48.606,14.131],[48.621,14.123],[48.637,14.094],[48.639,14.078],[48.643,14.063],[48.641,14.055],[48.635,14.05],[48.628,14.047],[48.67,14.045],[48.675,14.043],[48.683,14.045],[48.697,14.052],[48.729,14.08],[48.747,14.106],[48.757,14.118],[48.76,14.119],[48.77,14.128],[48.778,14.133],[48.795,14.136],[48.807,14.154],[48.812,14.16],[48.815,14.161],[48.818,14.16],[48.824,14.163],[48.826,14.166],[48.829,14.167],[48.829,14.169],[48.848,14.192],[48.856,14.206],[48.858,14.208],[48.862,14.208],[48.863,14.211],[48.862,14.214],[48.866,14.216],[48.864,14.219],[48.865,14.22],[48.862,14.23],[48.863,14.237],[48.867,14.243],[48.869,14.245],[48.872,14.245],[48.871,14.243],[48.873,14.247],[48.876,14.249],[48.883,14.251],[48.888,14.254],[48.889,14.252],[48.898,14.256],[48.902,14.26],[48.906,14.26],[48.907,14.257],[48.909,14.257],[48.91,14.262],[48.918,14.264],[48.924,14.271],[48.928,14.286],[48.935,14.293],[48.927,14.294],[48.933,14.295],[48.938,14.301],[48.942,14.301],[48.944,14.304],[48.949,14.309],[48.959,14.311],[48.963,14.308],[48.964,14.309],[48.967,14.309],[48.972,14.312],[48.975,14.31],[48.978,14.312],[48.98,14.31],[48.987,14.317],[48.989,14.321],[48.993,14.322],[48.996,14.327],[48.995,14.328],[48.994,14.335],[48.997,14.337],[48.994,14.341],[48.994,14.345],[48.99,14.348],[48.983,14.35],[48.982,14.356],[48.984,14.365],[48.986,14.366],[48.988,14.365],[48.988,14.378],[48.997,14.392],[48.995,14.394],[48.998,14.395],[49,14.402],[48.988,14.421],[48.983,14.434],[48.982,14.447],[48.983,14.46],[48.955,14.479],[48.915,14.511],[48.896,14.525],[48.878,14.524],[48.861,14.521],[48.845,14.529],[48.838,14.536],[48.825,14.542],[48.813,14.545],[48.798,14.563],[48.789,14.582],[48.765,14.622],[48.745,14.648],[48.731,14.65],[48.689,14.65],[48.665,14.645],[48.637,14.636],[48.638,14.632],[48.634,14.604],[48.622,14.561],[48.577,14.451],[48.567,14.422],[48.555,14.378],[48.531,14.335],[48.511,14.312],[48.494,14.282]]]}},{"type":"Feature","properties":{"id":"al-mukalla","name":"Al Mukalla","gov":"YE-HD","km2":2060,"c":[14.719,48.86]},"geometry":{"type":"Polygon","coordinates":[[[48.58,14.982],[48.572,14.949],[48.566,14.912],[48.566,14.896],[48.569,14.874],[48.576,14.841],[48.576,14.827],[48.558,14.802],[48.547,14.784],[48.531,14.753],[48.517,14.734],[48.532,14.727],[48.543,14.719],[48.595,14.669],[48.607,14.66],[48.631,14.643],[48.636,14.639],[48.637,14.636],[48.665,14.645],[48.689,14.65],[48.731,14.65],[48.745,14.648],[48.765,14.622],[48.789,14.582],[48.798,14.563],[48.813,14.545],[48.825,14.542],[48.838,14.536],[48.845,14.529],[48.861,14.521],[48.878,14.524],[48.896,14.525],[48.915,14.511],[48.955,14.479],[48.983,14.46],[48.993,14.481],[48.999,14.509],[49.007,14.53],[49.015,14.543],[49.027,14.551],[49.047,14.559],[49.088,14.584],[49.101,14.59],[49.115,14.594],[49.124,14.595],[49.153,14.595],[49.169,14.598],[49.18,14.605],[49.218,14.636],[49.247,14.651],[49.318,14.661],[49.313,14.673],[49.297,14.697],[49.282,14.713],[49.272,14.72],[49.226,14.741],[49.181,14.75],[49.148,14.759],[49.13,14.762],[49.109,14.762],[49.071,14.757],[49.055,14.757],[49.048,14.759],[49.023,14.775],[48.988,14.791],[48.917,14.817],[48.893,14.822],[48.867,14.825],[48.835,14.827],[48.812,14.833],[48.791,14.841],[48.756,14.861],[48.733,14.88],[48.718,14.9],[48.713,14.912],[48.708,14.928],[48.701,14.938],[48.685,14.942],[48.667,14.941],[48.661,14.942],[48.654,14.955],[48.647,14.96],[48.599,14.977],[48.58,14.982]]]}},{"type":"Feature","properties":{"id":"al-mukalla-city","name":"Al Mukalla City","gov":"YE-HD","km2":291,"c":[14.531,49.132]},"geometry":{"type":"Polygon","coordinates":[[[49.318,14.661],[49.247,14.651],[49.218,14.636],[49.18,14.605],[49.169,14.598],[49.153,14.595],[49.124,14.595],[49.115,14.594],[49.101,14.59],[49.088,14.584],[49.047,14.559],[49.027,14.551],[49.015,14.543],[49.007,14.53],[48.999,14.509],[48.993,14.481],[48.983,14.46],[48.982,14.447],[48.983,14.434],[48.988,14.421],[49,14.402],[49.006,14.415],[49.01,14.42],[49.013,14.421],[49.014,14.422],[49.012,14.423],[49.014,14.424],[49.015,14.433],[49.021,14.442],[49.058,14.489],[49.081,14.512],[49.099,14.525],[49.106,14.529],[49.111,14.528],[49.117,14.529],[49.114,14.53],[49.115,14.531],[49.116,14.531],[49.115,14.53],[49.118,14.53],[49.118,14.528],[49.122,14.527],[49.127,14.537],[49.125,14.544],[49.126,14.545],[49.128,14.537],[49.124,14.529],[49.125,14.531],[49.126,14.53],[49.124,14.528],[49.127,14.528],[49.129,14.531],[49.136,14.528],[49.136,14.526],[49.137,14.524],[49.14,14.528],[49.148,14.526],[49.148,14.523],[49.149,14.525],[49.152,14.523],[49.149,14.52],[49.147,14.521],[49.149,14.519],[49.154,14.518],[49.154,14.515],[49.156,14.514],[49.157,14.511],[49.16,14.512],[49.166,14.509],[49.169,14.509],[49.171,14.513],[49.169,14.514],[49.171,14.518],[49.166,14.52],[49.167,14.529],[49.171,14.539],[49.173,14.54],[49.172,14.54],[49.172,14.541],[49.174,14.541],[49.173,14.542],[49.177,14.547],[49.218,14.569],[49.251,14.59],[49.316,14.626],[49.355,14.645],[49.386,14.655],[49.377,14.664],[49.371,14.664],[49.318,14.661]]]}},{"type":"Feature","properties":{"id":"al-hada","name":"Al Hada","gov":"YE-DH","km2":1606,"c":[14.803,44.489]},"geometry":{"type":"Polygon","coordinates":[[[44.829,14.76],[44.795,14.813],[44.765,14.836],[44.75,14.858],[44.714,14.862],[44.706,14.93],[44.702,15.002],[44.701,15.008],[44.697,15.012],[44.69,15.016],[44.681,15.018],[44.648,15.014],[44.632,15.012],[44.544,14.981],[44.536,14.971],[44.511,14.955],[44.46,14.939],[44.438,14.935],[44.391,14.958],[44.378,14.97],[44.371,14.982],[44.367,14.984],[44.354,14.986],[44.345,14.971],[44.349,14.958],[44.355,14.951],[44.351,14.928],[44.299,14.928],[44.3,14.925],[44.291,14.894],[44.292,14.888],[44.3,14.88],[44.315,14.882],[44.314,14.885],[44.318,14.887],[44.322,14.887],[44.327,14.881],[44.332,14.862],[44.332,14.84],[44.337,14.82],[44.349,14.799],[44.357,14.768],[44.362,14.746],[44.353,14.742],[44.346,14.736],[44.364,14.726],[44.38,14.721],[44.38,14.719],[44.388,14.713],[44.393,14.7],[44.403,14.702],[44.407,14.701],[44.408,14.696],[44.417,14.688],[44.41,14.671],[44.413,14.662],[44.412,14.659],[44.423,14.649],[44.444,14.619],[44.455,14.614],[44.478,14.61],[44.491,14.603],[44.496,14.597],[44.503,14.604],[44.506,14.611],[44.508,14.614],[44.524,14.615],[44.596,14.639],[44.604,14.662],[44.614,14.667],[44.625,14.667],[44.636,14.664],[44.641,14.66],[44.694,14.649],[44.709,14.644],[44.713,14.665],[44.718,14.676],[44.776,14.72],[44.829,14.76]]]}},{"type":"Feature","properties":{"id":"mayfa-at-ans","name":"Mayfa'at Ans","gov":"YE-DH","km2":629,"c":[14.519,44.613]},"geometry":{"type":"Polygon","coordinates":[[[44.681,14.363],[44.692,14.38],[44.7,14.398],[44.713,14.431],[44.725,14.457],[44.729,14.476],[44.73,14.477],[44.736,14.494],[44.733,14.503],[44.712,14.525],[44.71,14.529],[44.706,14.581],[44.706,14.597],[44.708,14.614],[44.709,14.644],[44.694,14.649],[44.641,14.66],[44.636,14.664],[44.625,14.667],[44.614,14.667],[44.604,14.662],[44.596,14.639],[44.524,14.615],[44.508,14.614],[44.506,14.611],[44.503,14.604],[44.496,14.597],[44.492,14.592],[44.489,14.58],[44.479,14.57],[44.489,14.538],[44.51,14.488],[44.511,14.467],[44.514,14.458],[44.52,14.457],[44.522,14.434],[44.522,14.401],[44.545,14.402],[44.572,14.408],[44.599,14.417],[44.611,14.417],[44.625,14.365],[44.63,14.365],[44.681,14.363]]]}},{"type":"Feature","properties":{"id":"jahran","name":"Jahran","gov":"YE-DH","km2":364,"c":[14.762,44.311]},"geometry":{"type":"Polygon","coordinates":[[[44.299,14.928],[44.226,14.927],[44.236,14.881],[44.236,14.852],[44.257,14.757],[44.254,14.74],[44.261,14.726],[44.274,14.728],[44.284,14.724],[44.289,14.719],[44.288,14.704],[44.292,14.699],[44.3,14.697],[44.315,14.696],[44.323,14.7],[44.328,14.698],[44.325,14.69],[44.325,14.685],[44.311,14.678],[44.306,14.673],[44.288,14.66],[44.262,14.655],[44.258,14.646],[44.252,14.624],[44.261,14.605],[44.264,14.589],[44.261,14.585],[44.252,14.581],[44.248,14.575],[44.262,14.56],[44.26,14.555],[44.253,14.552],[44.25,14.549],[44.251,14.54],[44.253,14.539],[44.267,14.539],[44.277,14.542],[44.285,14.543],[44.29,14.542],[44.298,14.539],[44.314,14.541],[44.315,14.542],[44.323,14.56],[44.322,14.564],[44.326,14.594],[44.323,14.597],[44.322,14.601],[44.314,14.61],[44.309,14.636],[44.302,14.642],[44.3,14.65],[44.302,14.657],[44.316,14.674],[44.319,14.673],[44.326,14.67],[44.331,14.66],[44.328,14.652],[44.329,14.643],[44.342,14.638],[44.349,14.642],[44.362,14.64],[44.363,14.648],[44.36,14.664],[44.364,14.674],[44.377,14.686],[44.386,14.692],[44.387,14.697],[44.393,14.7],[44.388,14.713],[44.38,14.719],[44.38,14.721],[44.364,14.726],[44.346,14.736],[44.353,14.742],[44.362,14.746],[44.357,14.768],[44.349,14.799],[44.337,14.82],[44.332,14.84],[44.332,14.862],[44.327,14.881],[44.322,14.887],[44.318,14.887],[44.314,14.885],[44.315,14.882],[44.3,14.88],[44.292,14.888],[44.291,14.894],[44.3,14.925],[44.299,14.928]]]}},{"type":"Feature","properties":{"id":"arma-a","name":"Arma'a","gov":"YE-SH","km2":4725,"c":[15.309,47.171]},"geometry":{"type":"Polygon","coordinates":[[[46.53,15.631],[46.565,15.546],[46.655,15.405],[46.82,15.194],[46.824,15.193],[46.837,15.18],[46.846,15.166],[46.844,15.152],[46.904,15.126],[46.946,15.08],[46.952,15.089],[46.968,15.093],[46.976,15.103],[46.992,15.115],[47.032,15.099],[47.04,15.097],[47.052,15.095],[47.097,15.127],[47.143,15.151],[47.169,15.158],[47.178,15.163],[47.185,15.165],[47.193,15.163],[47.197,15.156],[47.2,15.139],[47.205,15.125],[47.21,15.118],[47.218,15.117],[47.234,15.118],[47.251,15.122],[47.271,15.136],[47.283,15.147],[47.293,15.16],[47.31,15.198],[47.32,15.212],[47.338,15.228],[47.365,15.248],[47.377,15.26],[47.393,15.292],[47.382,15.313],[47.366,15.331],[47.363,15.338],[47.41,15.444],[47.418,15.475],[47.427,15.499],[47.437,15.512],[47.444,15.518],[47.465,15.529],[47.492,15.55],[47.527,15.573],[47.529,15.581],[47.529,15.6],[47.503,15.621],[47.462,15.63],[47.449,15.645],[47.443,15.702],[47.359,15.693],[46.921,15.67],[46.584,15.638],[46.53,15.631]]]}},{"type":"Feature","properties":{"id":"jabal-ash-sharq","name":"Jabal Ash sharq","gov":"YE-DH","km2":449,"c":[14.743,43.916]},"geometry":{"type":"Polygon","coordinates":[[[43.898,14.858],[43.888,14.857],[43.868,14.848],[43.861,14.848],[43.85,14.854],[43.81,14.861],[43.802,14.864],[43.795,14.871],[43.792,14.871],[43.788,14.874],[43.783,14.876],[43.775,14.872],[43.772,14.868],[43.768,14.868],[43.763,14.862],[43.758,14.859],[43.754,14.862],[43.751,14.861],[43.749,14.855],[43.752,14.853],[43.757,14.833],[43.769,14.81],[43.787,14.789],[43.799,14.771],[43.813,14.759],[43.836,14.752],[43.86,14.73],[43.879,14.717],[43.891,14.692],[43.902,14.681],[43.905,14.675],[43.903,14.669],[43.893,14.657],[43.894,14.65],[43.897,14.643],[43.901,14.637],[43.907,14.631],[43.92,14.625],[43.922,14.619],[43.934,14.613],[43.94,14.613],[43.941,14.611],[43.939,14.604],[43.947,14.603],[43.956,14.599],[43.971,14.596],[43.986,14.6],[43.998,14.613],[44.008,14.631],[44.022,14.636],[44.023,14.64],[44.026,14.643],[44.03,14.645],[44.046,14.641],[44.058,14.641],[44.058,14.652],[44.055,14.654],[44.05,14.666],[44.055,14.689],[44.048,14.696],[44.046,14.705],[44.041,14.706],[44.034,14.71],[44.027,14.717],[44.002,14.722],[43.996,14.727],[43.99,14.735],[43.986,14.749],[43.982,14.749],[43.976,14.752],[43.975,14.758],[43.973,14.76],[43.97,14.768],[43.967,14.773],[43.968,14.776],[43.974,14.781],[43.976,14.789],[43.962,14.796],[43.952,14.798],[43.948,14.801],[43.945,14.806],[43.93,14.81],[43.923,14.818],[43.923,14.825],[43.904,14.852],[43.898,14.858]]]}},{"type":"Feature","properties":{"id":"osaylan","name":"Osaylan","gov":"YE-SH","km2":3403,"c":[14.989,45.905]},"geometry":{"type":"Polygon","coordinates":[[[46.346,15.186],[46.329,15.21],[46.164,15.507],[45.794,15.26],[45.685,15.185],[45.695,15.164],[45.704,15.132],[45.707,15.115],[45.708,15.09],[45.703,15.057],[45.698,15.041],[45.694,15.017],[45.692,14.974],[45.683,14.938],[45.709,14.928],[45.733,14.922],[45.745,14.913],[45.749,14.914],[45.755,14.918],[45.778,14.908],[45.785,14.903],[45.809,14.895],[45.814,14.889],[45.822,14.874],[45.827,14.848],[45.829,14.807],[45.828,14.791],[45.818,14.736],[45.873,14.752],[46.036,14.845],[46.157,14.865],[46.186,14.88],[46.186,14.918],[46.171,14.957],[46.153,14.985],[46.169,15],[46.19,15.025],[46.208,15.041],[46.346,15.186]]]}},{"type":"Feature","properties":{"id":"maghrib-ans","name":"Maghrib Ans","gov":"YE-DH","km2":245,"c":[14.486,44.109]},"geometry":{"type":"Polygon","coordinates":[[[44.171,14.387],[44.175,14.389],[44.178,14.395],[44.184,14.401],[44.188,14.408],[44.189,14.427],[44.195,14.459],[44.199,14.475],[44.2,14.486],[44.192,14.49],[44.174,14.491],[44.176,14.497],[44.174,14.518],[44.182,14.541],[44.183,14.548],[44.174,14.563],[44.17,14.567],[44.165,14.565],[44.162,14.562],[44.157,14.56],[44.152,14.562],[44.136,14.557],[44.13,14.561],[44.109,14.559],[44.103,14.562],[44.095,14.562],[44.092,14.56],[44.089,14.556],[44.084,14.556],[44.079,14.562],[44.077,14.563],[44.056,14.561],[44.052,14.557],[44.053,14.555],[44.053,14.546],[44.062,14.544],[44.071,14.539],[44.07,14.537],[44.063,14.537],[44.063,14.533],[44.071,14.529],[44.073,14.518],[44.076,14.515],[44.084,14.519],[44.086,14.52],[44.088,14.514],[44.087,14.502],[44.076,14.496],[44.077,14.491],[44.076,14.483],[44.081,14.483],[44.08,14.469],[44.063,14.469],[44.058,14.467],[44.052,14.469],[44.049,14.454],[44.047,14.453],[44.048,14.447],[44.053,14.449],[44.057,14.453],[44.063,14.454],[44.07,14.462],[44.076,14.461],[44.08,14.43],[44.078,14.411],[44.081,14.39],[44.084,14.378],[44.088,14.369],[44.086,14.364],[44.095,14.364],[44.104,14.369],[44.125,14.371],[44.145,14.376],[44.157,14.383],[44.171,14.387]]]}},{"type":"Feature","properties":{"id":"otmah","name":"Otmah","gov":"YE-DH","km2":445,"c":[14.48,43.948]},"geometry":{"type":"Polygon","coordinates":[[[44.048,14.447],[44.047,14.453],[44.049,14.454],[44.052,14.469],[44.058,14.467],[44.063,14.469],[44.08,14.469],[44.081,14.483],[44.076,14.483],[44.077,14.491],[44.076,14.496],[44.087,14.502],[44.088,14.514],[44.086,14.52],[44.084,14.519],[44.076,14.515],[44.073,14.518],[44.071,14.529],[44.063,14.533],[44.063,14.537],[44.07,14.537],[44.071,14.539],[44.062,14.544],[44.053,14.546],[44.053,14.555],[44.052,14.557],[44.033,14.564],[44.032,14.563],[44.02,14.571],[44.014,14.572],[44.009,14.575],[44.004,14.584],[43.978,14.583],[43.971,14.596],[43.956,14.599],[43.947,14.603],[43.939,14.604],[43.937,14.598],[43.932,14.597],[43.93,14.593],[43.93,14.586],[43.925,14.58],[43.926,14.577],[43.92,14.574],[43.92,14.569],[43.918,14.569],[43.914,14.564],[43.91,14.563],[43.91,14.557],[43.907,14.555],[43.907,14.551],[43.903,14.55],[43.897,14.544],[43.895,14.54],[43.89,14.537],[43.888,14.533],[43.883,14.53],[43.879,14.532],[43.879,14.53],[43.875,14.525],[43.874,14.521],[43.868,14.515],[43.868,14.512],[43.865,14.511],[43.865,14.509],[43.86,14.504],[43.857,14.504],[43.856,14.502],[43.854,14.502],[43.852,14.498],[43.846,14.498],[43.841,14.497],[43.833,14.489],[43.827,14.488],[43.819,14.485],[43.813,14.479],[43.813,14.477],[43.808,14.473],[43.811,14.456],[43.816,14.457],[43.822,14.455],[43.834,14.442],[43.838,14.429],[43.847,14.415],[43.85,14.415],[43.85,14.411],[43.854,14.408],[43.855,14.397],[43.862,14.397],[43.865,14.399],[43.871,14.399],[43.874,14.398],[43.877,14.393],[43.883,14.391],[43.897,14.4],[43.9,14.408],[43.904,14.405],[43.91,14.418],[43.921,14.428],[43.923,14.426],[43.923,14.421],[43.926,14.417],[43.929,14.419],[43.939,14.415],[43.945,14.4],[43.942,14.396],[43.942,14.391],[43.944,14.383],[43.946,14.361],[43.955,14.36],[43.963,14.345],[43.965,14.344],[43.968,14.344],[43.969,14.367],[43.971,14.372],[43.977,14.377],[43.984,14.381],[43.995,14.381],[43.998,14.388],[44.004,14.394],[44.01,14.395],[44.014,14.397],[44.019,14.403],[44.02,14.41],[44.019,14.414],[44.026,14.419],[44.03,14.426],[44.044,14.44],[44.048,14.447]]]}},{"type":"Feature","properties":{"id":"wusab-al-aali","name":"Wusab Al Aali","gov":"YE-DH","km2":590,"c":[14.37,43.786]},"geometry":{"type":"Polygon","coordinates":[[[43.83,14.186],[43.843,14.195],[43.861,14.202],[43.882,14.222],[43.905,14.227],[43.913,14.235],[43.922,14.249],[43.929,14.269],[43.937,14.282],[43.932,14.288],[43.93,14.312],[43.926,14.317],[43.919,14.322],[43.91,14.338],[43.91,14.341],[43.916,14.349],[43.921,14.349],[43.926,14.347],[43.929,14.347],[43.931,14.354],[43.934,14.357],[43.946,14.361],[43.944,14.383],[43.942,14.391],[43.942,14.396],[43.945,14.4],[43.939,14.415],[43.929,14.419],[43.926,14.417],[43.923,14.421],[43.923,14.426],[43.921,14.428],[43.91,14.418],[43.904,14.405],[43.9,14.408],[43.897,14.4],[43.883,14.391],[43.877,14.393],[43.874,14.398],[43.871,14.399],[43.865,14.399],[43.862,14.397],[43.855,14.397],[43.854,14.408],[43.85,14.411],[43.85,14.415],[43.847,14.415],[43.838,14.429],[43.834,14.442],[43.822,14.455],[43.816,14.457],[43.811,14.456],[43.808,14.473],[43.813,14.477],[43.813,14.479],[43.8,14.475],[43.794,14.476],[43.795,14.472],[43.79,14.47],[43.792,14.468],[43.789,14.466],[43.79,14.46],[43.787,14.459],[43.786,14.46],[43.78,14.459],[43.777,14.459],[43.776,14.456],[43.774,14.457],[43.773,14.455],[43.767,14.454],[43.762,14.457],[43.76,14.456],[43.759,14.46],[43.757,14.461],[43.755,14.457],[43.752,14.456],[43.749,14.451],[43.747,14.451],[43.746,14.448],[43.743,14.451],[43.741,14.448],[43.736,14.446],[43.729,14.453],[43.73,14.456],[43.727,14.455],[43.725,14.458],[43.724,14.459],[43.726,14.46],[43.725,14.464],[43.721,14.462],[43.716,14.47],[43.71,14.472],[43.705,14.47],[43.703,14.466],[43.699,14.47],[43.695,14.467],[43.693,14.469],[43.686,14.47],[43.682,14.466],[43.677,14.466],[43.673,14.469],[43.668,14.468],[43.664,14.47],[43.658,14.466],[43.653,14.466],[43.652,14.461],[43.648,14.462],[43.648,14.452],[43.646,14.45],[43.649,14.443],[43.646,14.441],[43.645,14.437],[43.642,14.433],[43.662,14.434],[43.661,14.421],[43.674,14.41],[43.673,14.404],[43.668,14.393],[43.676,14.39],[43.678,14.386],[43.683,14.384],[43.694,14.388],[43.706,14.389],[43.709,14.387],[43.711,14.381],[43.707,14.381],[43.711,14.375],[43.711,14.358],[43.721,14.358],[43.723,14.356],[43.724,14.354],[43.723,14.343],[43.728,14.337],[43.734,14.336],[43.735,14.328],[43.734,14.318],[43.737,14.314],[43.737,14.31],[43.741,14.304],[43.75,14.295],[43.744,14.289],[43.737,14.286],[43.73,14.287],[43.726,14.285],[43.723,14.281],[43.725,14.27],[43.733,14.259],[43.73,14.256],[43.735,14.247],[43.736,14.24],[43.74,14.239],[43.747,14.218],[43.748,14.211],[43.746,14.206],[43.747,14.203],[43.751,14.199],[43.755,14.199],[43.764,14.203],[43.775,14.195],[43.789,14.193],[43.804,14.229],[43.809,14.231],[43.82,14.234],[43.825,14.238],[43.826,14.246],[43.819,14.249],[43.818,14.253],[43.817,14.255],[43.821,14.258],[43.84,14.253],[43.844,14.25],[43.846,14.247],[43.845,14.243],[43.83,14.22],[43.827,14.21],[43.826,14.2],[43.83,14.186]]]}},{"type":"Feature","properties":{"id":"wusab-as-safil","name":"Wusab As Safil","gov":"YE-DH","km2":829,"c":[14.283,43.624]},"geometry":{"type":"Polygon","coordinates":[[[43.789,14.193],[43.775,14.195],[43.764,14.203],[43.755,14.199],[43.751,14.199],[43.747,14.203],[43.746,14.206],[43.748,14.211],[43.747,14.218],[43.74,14.239],[43.736,14.24],[43.735,14.247],[43.73,14.256],[43.733,14.259],[43.725,14.27],[43.723,14.281],[43.726,14.285],[43.73,14.287],[43.737,14.286],[43.744,14.289],[43.75,14.295],[43.741,14.304],[43.737,14.31],[43.737,14.314],[43.734,14.318],[43.735,14.328],[43.734,14.336],[43.728,14.337],[43.723,14.343],[43.724,14.354],[43.723,14.356],[43.721,14.358],[43.711,14.358],[43.711,14.375],[43.707,14.381],[43.711,14.381],[43.709,14.387],[43.706,14.389],[43.694,14.388],[43.683,14.384],[43.678,14.386],[43.676,14.39],[43.668,14.393],[43.673,14.404],[43.674,14.41],[43.661,14.421],[43.662,14.434],[43.642,14.433],[43.638,14.432],[43.633,14.42],[43.625,14.418],[43.619,14.411],[43.612,14.409],[43.608,14.406],[43.609,14.403],[43.605,14.401],[43.597,14.403],[43.592,14.4],[43.587,14.4],[43.586,14.398],[43.587,14.394],[43.58,14.393],[43.577,14.385],[43.574,14.384],[43.572,14.381],[43.571,14.374],[43.559,14.37],[43.553,14.366],[43.545,14.367],[43.538,14.371],[43.534,14.372],[43.531,14.375],[43.526,14.374],[43.523,14.377],[43.516,14.377],[43.512,14.375],[43.507,14.376],[43.504,14.378],[43.498,14.377],[43.496,14.379],[43.491,14.377],[43.481,14.378],[43.478,14.376],[43.476,14.359],[43.48,14.341],[43.485,14.328],[43.5,14.305],[43.507,14.302],[43.513,14.288],[43.52,14.285],[43.525,14.279],[43.524,14.269],[43.52,14.263],[43.518,14.256],[43.526,14.243],[43.529,14.228],[43.528,14.225],[43.532,14.219],[43.531,14.216],[43.528,14.211],[43.525,14.209],[43.523,14.206],[43.515,14.205],[43.51,14.208],[43.507,14.207],[43.504,14.203],[43.5,14.204],[43.499,14.183],[43.505,14.169],[43.511,14.164],[43.519,14.161],[43.535,14.14],[43.538,14.133],[43.542,14.13],[43.552,14.128],[43.56,14.13],[43.565,14.131],[43.57,14.129],[43.586,14.132],[43.602,14.124],[43.629,14.106],[43.644,14.091],[43.661,14.077],[43.675,14.071],[43.679,14.067],[43.693,14.066],[43.705,14.068],[43.719,14.075],[43.731,14.085],[43.751,14.105],[43.761,14.115],[43.779,14.139],[43.784,14.154],[43.789,14.193]]]}},{"type":"Feature","properties":{"id":"dhamar-city","name":"Dhamar City","gov":"YE-DH","km2":238,"c":[14.617,44.384]},"geometry":{"type":"Polygon","coordinates":[[[44.393,14.7],[44.387,14.697],[44.386,14.692],[44.377,14.686],[44.364,14.674],[44.36,14.664],[44.363,14.648],[44.362,14.64],[44.349,14.642],[44.342,14.638],[44.329,14.643],[44.328,14.652],[44.331,14.66],[44.326,14.67],[44.319,14.673],[44.316,14.674],[44.302,14.657],[44.3,14.65],[44.302,14.642],[44.309,14.636],[44.314,14.61],[44.322,14.601],[44.323,14.597],[44.326,14.594],[44.322,14.564],[44.323,14.56],[44.315,14.542],[44.35,14.52],[44.364,14.524],[44.385,14.524],[44.392,14.513],[44.398,14.511],[44.404,14.511],[44.418,14.518],[44.42,14.525],[44.422,14.526],[44.441,14.533],[44.438,14.54],[44.446,14.562],[44.479,14.57],[44.489,14.58],[44.492,14.592],[44.496,14.597],[44.491,14.603],[44.478,14.61],[44.455,14.614],[44.444,14.619],[44.423,14.649],[44.412,14.659],[44.413,14.662],[44.41,14.671],[44.417,14.688],[44.408,14.696],[44.407,14.701],[44.403,14.702],[44.393,14.7]]]}},{"type":"Feature","properties":{"id":"ans","name":"Ans","gov":"YE-DH","km2":809,"c":[14.462,44.352]},"geometry":{"type":"Polygon","coordinates":[[[44.48,14.301],[44.488,14.298],[44.497,14.3],[44.511,14.301],[44.54,14.296],[44.548,14.292],[44.552,14.28],[44.556,14.274],[44.568,14.269],[44.586,14.293],[44.588,14.294],[44.585,14.358],[44.607,14.36],[44.625,14.365],[44.611,14.417],[44.599,14.417],[44.572,14.408],[44.545,14.402],[44.522,14.401],[44.522,14.434],[44.52,14.457],[44.514,14.458],[44.511,14.467],[44.51,14.488],[44.489,14.538],[44.479,14.57],[44.446,14.562],[44.438,14.54],[44.441,14.533],[44.422,14.526],[44.42,14.525],[44.418,14.518],[44.404,14.511],[44.398,14.511],[44.392,14.513],[44.385,14.524],[44.364,14.524],[44.35,14.52],[44.315,14.542],[44.314,14.541],[44.298,14.539],[44.29,14.542],[44.285,14.543],[44.277,14.542],[44.267,14.539],[44.253,14.539],[44.251,14.54],[44.25,14.549],[44.253,14.552],[44.26,14.555],[44.262,14.56],[44.248,14.575],[44.228,14.573],[44.213,14.574],[44.208,14.58],[44.205,14.593],[44.198,14.596],[44.188,14.613],[44.184,14.61],[44.176,14.596],[44.164,14.587],[44.156,14.578],[44.158,14.573],[44.152,14.562],[44.157,14.56],[44.162,14.562],[44.165,14.565],[44.17,14.567],[44.174,14.563],[44.183,14.548],[44.182,14.541],[44.174,14.518],[44.176,14.497],[44.174,14.491],[44.192,14.49],[44.2,14.486],[44.199,14.475],[44.195,14.459],[44.21,14.451],[44.234,14.442],[44.241,14.433],[44.243,14.428],[44.254,14.418],[44.274,14.412],[44.282,14.391],[44.296,14.376],[44.3,14.375],[44.336,14.379],[44.35,14.376],[44.358,14.371],[44.366,14.364],[44.375,14.349],[44.38,14.346],[44.391,14.346],[44.405,14.352],[44.417,14.354],[44.436,14.349],[44.445,14.341],[44.451,14.329],[44.469,14.308],[44.48,14.301]]]}},{"type":"Feature","properties":{"id":"dawran-anis","name":"Dawran Anis","gov":"YE-DH","km2":992,"c":[14.803,44.087]},"geometry":{"type":"Polygon","coordinates":[[[44.226,14.927],[44.214,14.962],[44.19,14.985],[44.177,14.991],[44.15,14.999],[44.136,15.002],[44.124,15.003],[44.092,14.999],[44.049,14.999],[44.032,14.993],[44.022,14.979],[44.022,14.971],[44.017,14.969],[44.016,14.966],[44.019,14.964],[44.018,14.962],[44.012,14.962],[44.005,14.954],[44.002,14.954],[43.994,14.947],[43.99,14.947],[43.988,14.944],[43.986,14.939],[43.977,14.932],[43.973,14.932],[43.967,14.928],[43.952,14.913],[43.947,14.909],[43.931,14.909],[43.922,14.905],[43.92,14.906],[43.915,14.902],[43.917,14.9],[43.913,14.898],[43.915,14.89],[43.909,14.883],[43.898,14.858],[43.904,14.852],[43.923,14.825],[43.923,14.818],[43.93,14.81],[43.945,14.806],[43.948,14.801],[43.952,14.798],[43.962,14.796],[43.976,14.789],[43.974,14.781],[43.968,14.776],[43.967,14.773],[43.97,14.768],[43.973,14.76],[43.975,14.758],[43.976,14.752],[43.982,14.749],[43.986,14.749],[43.99,14.735],[43.996,14.727],[44.002,14.722],[44.027,14.717],[44.034,14.71],[44.041,14.706],[44.046,14.705],[44.048,14.696],[44.055,14.689],[44.056,14.692],[44.062,14.695],[44.068,14.695],[44.072,14.698],[44.081,14.7],[44.09,14.7],[44.091,14.709],[44.101,14.744],[44.116,14.75],[44.12,14.749],[44.122,14.738],[44.128,14.735],[44.12,14.728],[44.119,14.726],[44.12,14.716],[44.123,14.713],[44.139,14.714],[44.142,14.713],[44.142,14.705],[44.149,14.707],[44.159,14.7],[44.171,14.694],[44.206,14.699],[44.216,14.705],[44.227,14.703],[44.228,14.691],[44.234,14.679],[44.245,14.664],[44.262,14.655],[44.288,14.66],[44.306,14.673],[44.311,14.678],[44.325,14.685],[44.325,14.69],[44.328,14.698],[44.323,14.7],[44.315,14.696],[44.3,14.697],[44.292,14.699],[44.288,14.704],[44.289,14.719],[44.284,14.724],[44.274,14.728],[44.261,14.726],[44.254,14.74],[44.257,14.757],[44.236,14.852],[44.236,14.881],[44.226,14.927]]]}},{"type":"Feature","properties":{"id":"al-manar","name":"Al Manar","gov":"YE-DH","km2":365,"c":[14.635,44.122]},"geometry":{"type":"Polygon","coordinates":[[[44.262,14.655],[44.245,14.664],[44.234,14.679],[44.228,14.691],[44.227,14.703],[44.216,14.705],[44.206,14.699],[44.171,14.694],[44.159,14.7],[44.149,14.707],[44.142,14.705],[44.142,14.713],[44.139,14.714],[44.123,14.713],[44.12,14.716],[44.119,14.726],[44.12,14.728],[44.128,14.735],[44.122,14.738],[44.12,14.749],[44.116,14.75],[44.101,14.744],[44.091,14.709],[44.09,14.7],[44.081,14.7],[44.072,14.698],[44.068,14.695],[44.062,14.695],[44.056,14.692],[44.055,14.689],[44.05,14.666],[44.055,14.654],[44.058,14.652],[44.058,14.641],[44.046,14.641],[44.03,14.645],[44.026,14.643],[44.023,14.64],[44.022,14.636],[44.008,14.631],[43.998,14.613],[43.986,14.6],[43.971,14.596],[43.978,14.583],[44.004,14.584],[44.009,14.575],[44.014,14.572],[44.02,14.571],[44.032,14.563],[44.033,14.564],[44.052,14.557],[44.056,14.561],[44.077,14.563],[44.079,14.562],[44.084,14.556],[44.089,14.556],[44.092,14.56],[44.095,14.562],[44.103,14.562],[44.109,14.559],[44.13,14.561],[44.136,14.557],[44.152,14.562],[44.158,14.573],[44.156,14.578],[44.164,14.587],[44.176,14.596],[44.184,14.61],[44.188,14.613],[44.198,14.596],[44.205,14.593],[44.208,14.58],[44.213,14.574],[44.228,14.573],[44.248,14.575],[44.252,14.581],[44.261,14.585],[44.264,14.589],[44.261,14.605],[44.252,14.624],[44.258,14.646],[44.262,14.655]]]}},{"type":"Feature","properties":{"id":"dahr","name":"Dahr","gov":"YE-SH","km2":1422,"c":[15.461,47.568]},"geometry":{"type":"Polygon","coordinates":[[[47.443,15.702],[47.449,15.645],[47.462,15.63],[47.503,15.621],[47.529,15.6],[47.529,15.581],[47.527,15.573],[47.492,15.55],[47.465,15.529],[47.444,15.518],[47.437,15.512],[47.427,15.499],[47.418,15.475],[47.41,15.444],[47.363,15.338],[47.366,15.331],[47.382,15.313],[47.393,15.292],[47.395,15.295],[47.409,15.305],[47.416,15.307],[47.419,15.3],[47.427,15.297],[47.437,15.309],[47.445,15.307],[47.451,15.302],[47.459,15.3],[47.462,15.308],[47.461,15.316],[47.464,15.323],[47.472,15.326],[47.48,15.328],[47.496,15.322],[47.503,15.324],[47.509,15.329],[47.526,15.33],[47.541,15.336],[47.547,15.341],[47.554,15.344],[47.572,15.344],[47.589,15.352],[47.609,15.356],[47.62,15.362],[47.622,15.373],[47.631,15.387],[47.679,15.419],[47.693,15.43],[47.704,15.442],[47.722,15.471],[47.739,15.499],[47.754,15.547],[47.765,15.558],[47.779,15.565],[47.785,15.57],[47.791,15.576],[47.794,15.584],[47.811,15.602],[47.829,15.628],[47.834,15.644],[47.836,15.676],[47.841,15.682],[47.844,15.691],[47.847,15.715],[47.846,15.723],[47.608,15.723],[47.443,15.702]]]}},{"type":"Feature","properties":{"id":"at-talh","name":"At Talh","gov":"YE-SH","km2":2093,"c":[15.121,47.41]},"geometry":{"type":"Polygon","coordinates":[[[47.62,15.362],[47.609,15.356],[47.589,15.352],[47.572,15.344],[47.554,15.344],[47.547,15.341],[47.541,15.336],[47.526,15.33],[47.509,15.329],[47.503,15.324],[47.496,15.322],[47.48,15.328],[47.472,15.326],[47.464,15.323],[47.461,15.316],[47.462,15.308],[47.459,15.3],[47.451,15.302],[47.445,15.307],[47.437,15.309],[47.427,15.297],[47.419,15.3],[47.416,15.307],[47.409,15.305],[47.395,15.295],[47.393,15.292],[47.377,15.26],[47.365,15.248],[47.338,15.228],[47.32,15.212],[47.31,15.198],[47.293,15.16],[47.283,15.147],[47.271,15.136],[47.251,15.122],[47.234,15.118],[47.218,15.117],[47.21,15.118],[47.205,15.125],[47.2,15.139],[47.197,15.156],[47.193,15.163],[47.185,15.165],[47.178,15.163],[47.169,15.158],[47.143,15.151],[47.097,15.127],[47.052,15.095],[47.081,15.048],[47.089,15.045],[47.118,15.04],[47.126,15.036],[47.143,15.007],[47.147,14.951],[47.146,14.941],[47.144,14.933],[47.146,14.925],[47.152,14.919],[47.178,14.915],[47.21,14.907],[47.217,14.904],[47.223,14.899],[47.242,14.873],[47.251,14.867],[47.258,14.865],[47.302,14.863],[47.335,14.855],[47.39,14.836],[47.404,14.829],[47.424,14.825],[47.426,14.834],[47.434,14.848],[47.444,14.861],[47.46,14.871],[47.511,14.893],[47.52,14.901],[47.527,14.91],[47.532,14.928],[47.537,14.937],[47.573,14.955],[47.612,14.983],[47.62,14.99],[47.641,15.004],[47.652,15.015],[47.661,15.038],[47.662,15.053],[47.659,15.06],[47.647,15.072],[47.628,15.087],[47.623,15.093],[47.619,15.1],[47.594,15.123],[47.59,15.124],[47.58,15.142],[47.576,15.154],[47.576,15.165],[47.582,15.181],[47.582,15.189],[47.586,15.205],[47.597,15.222],[47.603,15.237],[47.605,15.257],[47.617,15.268],[47.626,15.281],[47.615,15.293],[47.62,15.362]]]}},{"type":"Feature","properties":{"id":"jardan","name":"Jardan","gov":"YE-SH","km2":5430,"c":[14.985,46.971]},"geometry":{"type":"Polygon","coordinates":[[[46.944,14.758],[46.972,14.761],[46.996,14.759],[47.022,14.759],[47.047,14.756],[47.09,14.76],[47.116,14.76],[47.158,14.755],[47.166,14.753],[47.174,14.749],[47.188,14.747],[47.234,14.752],[47.261,14.758],[47.286,14.766],[47.295,14.772],[47.299,14.78],[47.301,14.796],[47.308,14.81],[47.305,14.818],[47.3,14.823],[47.298,14.832],[47.298,14.848],[47.302,14.863],[47.258,14.865],[47.251,14.867],[47.242,14.873],[47.223,14.899],[47.217,14.904],[47.21,14.907],[47.178,14.915],[47.152,14.919],[47.146,14.925],[47.144,14.933],[47.146,14.941],[47.147,14.951],[47.143,15.007],[47.126,15.036],[47.118,15.04],[47.089,15.045],[47.081,15.048],[47.052,15.095],[47.04,15.097],[47.032,15.099],[46.992,15.115],[46.976,15.103],[46.968,15.093],[46.952,15.089],[46.946,15.08],[46.904,15.126],[46.844,15.152],[46.846,15.166],[46.837,15.18],[46.824,15.193],[46.82,15.194],[46.655,15.405],[46.565,15.546],[46.53,15.631],[46.389,15.612],[46.307,15.606],[46.298,15.596],[46.164,15.507],[46.329,15.21],[46.346,15.186],[46.399,15.11],[46.44,15.019],[46.525,14.881],[46.598,14.828],[46.688,14.762],[46.707,14.749],[46.809,14.738],[46.944,14.758]]]}},{"type":"Feature","properties":{"id":"ayn","name":"Ayn","gov":"YE-SH","km2":755,"c":[14.918,45.579]},"geometry":{"type":"Polygon","coordinates":[[[45.601,14.721],[45.6,14.73],[45.604,14.762],[45.61,14.779],[45.62,14.8],[45.626,14.806],[45.642,14.81],[45.649,14.814],[45.669,14.828],[45.67,14.835],[45.66,14.847],[45.656,14.854],[45.656,14.863],[45.672,14.9],[45.683,14.938],[45.692,14.974],[45.694,15.017],[45.698,15.041],[45.703,15.057],[45.708,15.09],[45.707,15.115],[45.704,15.132],[45.695,15.164],[45.685,15.185],[45.601,15.128],[45.598,15.125],[45.594,15.113],[45.587,15.106],[45.582,15.093],[45.576,15.086],[45.576,15.079],[45.566,15.062],[45.566,15.054],[45.564,15.049],[45.553,15.039],[45.547,15.017],[45.542,15.01],[45.54,15.003],[45.525,14.988],[45.519,14.977],[45.518,14.959],[45.51,14.943],[45.507,14.931],[45.515,14.913],[45.517,14.896],[45.51,14.895],[45.508,14.897],[45.5,14.896],[45.5,14.892],[45.508,14.885],[45.509,14.883],[45.505,14.876],[45.504,14.869],[45.495,14.857],[45.486,14.843],[45.484,14.836],[45.483,14.8],[45.48,14.754],[45.479,14.734],[45.482,14.73],[45.487,14.725],[45.515,14.719],[45.525,14.714],[45.552,14.717],[45.583,14.722],[45.601,14.721]]]}},{"type":"Feature","properties":{"id":"bayhan","name":"Bayhan","gov":"YE-SH","km2":618,"c":[14.745,45.707]},"geometry":{"type":"Polygon","coordinates":[[[45.646,14.576],[45.686,14.577],[45.692,14.581],[45.703,14.581],[45.706,14.582],[45.718,14.589],[45.741,14.588],[45.756,14.611],[45.772,14.63],[45.785,14.649],[45.795,14.665],[45.806,14.687],[45.815,14.719],[45.818,14.736],[45.828,14.791],[45.829,14.807],[45.827,14.848],[45.822,14.874],[45.814,14.889],[45.809,14.895],[45.785,14.903],[45.778,14.908],[45.755,14.918],[45.749,14.914],[45.745,14.913],[45.733,14.922],[45.709,14.928],[45.683,14.938],[45.672,14.9],[45.656,14.863],[45.656,14.854],[45.66,14.847],[45.67,14.835],[45.669,14.828],[45.649,14.814],[45.642,14.81],[45.626,14.806],[45.62,14.8],[45.61,14.779],[45.604,14.762],[45.6,14.73],[45.601,14.721],[45.656,14.72],[45.678,14.71],[45.689,14.701],[45.693,14.696],[45.694,14.689],[45.692,14.687],[45.688,14.673],[45.675,14.657],[45.655,14.633],[45.655,14.619],[45.653,14.614],[45.65,14.609],[45.646,14.597],[45.646,14.576]]]}},{"type":"Feature","properties":{"id":"markhah-as-sufla","name":"Markhah As Sufla","gov":"YE-SH","km2":3436,"c":[14.489,46.109]},"geometry":{"type":"Polygon","coordinates":[[[46.219,14.305],[46.215,14.313],[46.211,14.329],[46.207,14.353],[46.208,14.361],[46.217,14.375],[46.218,14.382],[46.214,14.398],[46.214,14.423],[46.212,14.447],[46.215,14.488],[46.221,14.521],[46.224,14.528],[46.239,14.547],[46.245,14.562],[46.253,14.576],[46.258,14.583],[46.271,14.593],[46.29,14.612],[46.325,14.634],[46.347,14.646],[46.378,14.659],[46.427,14.671],[46.511,14.696],[46.546,14.723],[46.598,14.828],[46.525,14.881],[46.44,15.019],[46.399,15.11],[46.346,15.186],[46.208,15.041],[46.19,15.025],[46.169,15],[46.153,14.985],[46.171,14.957],[46.186,14.918],[46.186,14.88],[46.157,14.865],[46.036,14.845],[45.873,14.752],[45.818,14.736],[45.815,14.719],[45.806,14.687],[45.795,14.665],[45.785,14.649],[45.878,14.661],[45.912,14.66],[45.936,14.65],[45.967,14.643],[45.977,14.644],[45.995,14.644],[46.024,14.646],[46.052,14.64],[46.075,14.632],[46.083,14.624],[46.085,14.62],[46.083,14.613],[46.091,14.598],[46.088,14.579],[46.093,14.576],[46.091,14.551],[46.086,14.535],[46.059,14.5],[46.058,14.494],[46.065,14.476],[46.063,14.464],[46.05,14.439],[46.044,14.425],[46.041,14.421],[46.011,14.405],[45.964,14.375],[45.939,14.361],[45.948,14.349],[45.972,14.327],[45.974,14.32],[45.977,14.317],[45.976,14.314],[45.969,14.308],[45.971,14.306],[45.969,14.294],[45.969,14.291],[45.975,14.284],[45.975,14.28],[45.97,14.272],[45.971,14.269],[45.981,14.268],[45.983,14.265],[45.984,14.258],[45.986,14.255],[45.985,14.251],[45.98,14.243],[45.987,14.23],[45.997,14.225],[46.001,14.22],[46.005,14.219],[46.035,14.21],[46.043,14.206],[46.061,14.213],[46.068,14.214],[46.074,14.217],[46.089,14.226],[46.101,14.239],[46.116,14.25],[46.117,14.253],[46.117,14.26],[46.12,14.269],[46.125,14.282],[46.127,14.285],[46.137,14.28],[46.155,14.281],[46.164,14.271],[46.174,14.269],[46.178,14.27],[46.191,14.283],[46.201,14.289],[46.205,14.295],[46.212,14.297],[46.219,14.305]]]}},{"type":"Feature","properties":{"id":"nisab","name":"Nisab","gov":"YE-SH","km2":2250,"c":[14.416,46.448]},"geometry":{"type":"Polygon","coordinates":[[[46.316,14.24],[46.37,14.269],[46.379,14.278],[46.395,14.282],[46.412,14.278],[46.435,14.279],[46.46,14.289],[46.475,14.3],[46.486,14.303],[46.505,14.292],[46.516,14.289],[46.623,14.288],[46.628,14.282],[46.64,14.263],[46.653,14.251],[46.662,14.247],[46.674,14.246],[46.689,14.248],[46.725,14.258],[46.706,14.292],[46.701,14.308],[46.702,14.316],[46.712,14.356],[46.713,14.365],[46.71,14.381],[46.704,14.396],[46.696,14.408],[46.686,14.425],[46.679,14.44],[46.664,14.489],[46.659,14.514],[46.654,14.555],[46.655,14.59],[46.659,14.64],[46.683,14.718],[46.688,14.762],[46.598,14.828],[46.546,14.723],[46.511,14.696],[46.427,14.671],[46.378,14.659],[46.347,14.646],[46.325,14.634],[46.29,14.612],[46.271,14.593],[46.258,14.583],[46.253,14.576],[46.245,14.562],[46.239,14.547],[46.224,14.528],[46.221,14.521],[46.215,14.488],[46.212,14.447],[46.214,14.423],[46.214,14.398],[46.218,14.382],[46.217,14.375],[46.208,14.361],[46.207,14.353],[46.211,14.329],[46.215,14.313],[46.219,14.305],[46.226,14.313],[46.241,14.321],[46.262,14.326],[46.272,14.322],[46.276,14.316],[46.284,14.292],[46.294,14.273],[46.316,14.24]]]}},{"type":"Feature","properties":{"id":"razih","name":"Razih","gov":"YE-SD","km2":220,"c":[16.94,43.247]},"geometry":{"type":"Polygon","coordinates":[[[43.249,17.016],[43.24,17.024],[43.237,17.029],[43.231,17.03],[43.232,17.022],[43.227,17.021],[43.225,17.011],[43.215,17.022],[43.212,17.023],[43.207,17.021],[43.203,17.01],[43.198,17.014],[43.196,17.014],[43.191,17.016],[43.192,17.018],[43.19,17.025],[43.179,17.026],[43.179,17.017],[43.184,17.014],[43.18,17.009],[43.178,16.994],[43.185,16.989],[43.185,16.985],[43.188,16.981],[43.181,16.979],[43.18,16.977],[43.178,16.978],[43.178,16.968],[43.187,16.959],[43.195,16.955],[43.194,16.945],[43.199,16.942],[43.209,16.928],[43.208,16.914],[43.21,16.907],[43.216,16.906],[43.227,16.905],[43.228,16.891],[43.236,16.887],[43.236,16.884],[43.231,16.881],[43.231,16.872],[43.225,16.863],[43.225,16.851],[43.233,16.841],[43.233,16.834],[43.237,16.823],[43.24,16.822],[43.261,16.817],[43.283,16.82],[43.286,16.85],[43.295,16.854],[43.302,16.853],[43.305,16.858],[43.304,16.864],[43.306,16.869],[43.316,16.873],[43.319,16.879],[43.323,16.884],[43.323,16.887],[43.325,16.889],[43.324,16.891],[43.321,16.886],[43.317,16.891],[43.317,16.894],[43.322,16.904],[43.321,16.911],[43.316,16.916],[43.313,16.927],[43.306,16.928],[43.312,16.934],[43.309,16.955],[43.315,16.975],[43.312,16.979],[43.299,16.983],[43.298,16.985],[43.293,16.985],[43.279,17],[43.259,17.009],[43.249,17.016]]]}},{"type":"Feature","properties":{"id":"hatib","name":"Hatib","gov":"YE-SH","km2":831,"c":[14.176,46.501]},"geometry":{"type":"Polygon","coordinates":[[[46.763,14.175],[46.725,14.258],[46.689,14.248],[46.674,14.246],[46.662,14.247],[46.653,14.251],[46.64,14.263],[46.628,14.282],[46.623,14.288],[46.516,14.289],[46.505,14.292],[46.486,14.303],[46.475,14.3],[46.46,14.289],[46.435,14.279],[46.412,14.278],[46.395,14.282],[46.379,14.278],[46.37,14.269],[46.316,14.24],[46.334,14.213],[46.346,14.19],[46.347,14.158],[46.338,14.142],[46.279,14.083],[46.281,14.077],[46.296,14.058],[46.302,14.054],[46.313,14.054],[46.339,14.061],[46.374,14.076],[46.377,14.076],[46.384,14.069],[46.393,14.067],[46.407,14.065],[46.444,14.067],[46.479,14.072],[46.514,14.082],[46.551,14.094],[46.582,14.112],[46.588,14.116],[46.598,14.127],[46.61,14.151],[46.617,14.159],[46.627,14.165],[46.64,14.17],[46.674,14.177],[46.712,14.177],[46.752,14.176],[46.763,14.175]]]}},{"type":"Feature","properties":{"id":"shada-a","name":"Shada'a","gov":"YE-SD","km2":74,"c":[16.895,43.191]},"geometry":{"type":"Polygon","coordinates":[[[43.194,16.945],[43.19,16.942],[43.175,16.937],[43.172,16.931],[43.164,16.931],[43.16,16.928],[43.154,16.929],[43.147,16.925],[43.144,16.925],[43.142,16.918],[43.138,16.918],[43.138,16.907],[43.143,16.894],[43.144,16.889],[43.15,16.878],[43.157,16.877],[43.172,16.866],[43.18,16.849],[43.202,16.845],[43.202,16.85],[43.221,16.838],[43.223,16.829],[43.233,16.834],[43.233,16.841],[43.225,16.851],[43.225,16.863],[43.231,16.872],[43.231,16.881],[43.236,16.884],[43.236,16.887],[43.228,16.891],[43.227,16.905],[43.216,16.906],[43.21,16.907],[43.208,16.914],[43.209,16.928],[43.199,16.942],[43.194,16.945]]]}},{"type":"Feature","properties":{"id":"ar-rawdah","name":"Ar Rawdah","gov":"YE-SH","km2":2576,"c":[14.574,47.285]},"geometry":{"type":"Polygon","coordinates":[[[47.036,14.483],[47.119,14.489],[47.126,14.492],[47.151,14.49],[47.159,14.49],[47.174,14.496],[47.182,14.494],[47.202,14.469],[47.21,14.454],[47.214,14.439],[47.214,14.415],[47.21,14.381],[47.21,14.365],[47.214,14.324],[47.218,14.308],[47.229,14.286],[47.251,14.252],[47.263,14.243],[47.269,14.236],[47.271,14.218],[47.268,14.186],[47.269,14.154],[47.264,14.139],[47.291,14.146],[47.358,14.155],[47.417,14.156],[47.402,14.312],[47.405,14.322],[47.405,14.338],[47.401,14.353],[47.388,14.363],[47.355,14.376],[47.338,14.386],[47.325,14.397],[47.318,14.408],[47.324,14.417],[47.337,14.421],[47.366,14.423],[47.41,14.42],[47.419,14.427],[47.423,14.436],[47.419,14.451],[47.419,14.465],[47.424,14.492],[47.429,14.505],[47.44,14.52],[47.459,14.54],[47.49,14.559],[47.526,14.585],[47.551,14.596],[47.572,14.61],[47.595,14.633],[47.621,14.67],[47.588,14.693],[47.583,14.7],[47.573,14.73],[47.572,14.746],[47.566,14.761],[47.561,14.768],[47.555,14.773],[47.508,14.791],[47.477,14.804],[47.461,14.802],[47.439,14.806],[47.434,14.808],[47.425,14.818],[47.424,14.825],[47.404,14.829],[47.39,14.836],[47.335,14.855],[47.302,14.863],[47.298,14.848],[47.298,14.832],[47.3,14.823],[47.305,14.818],[47.308,14.81],[47.301,14.796],[47.299,14.78],[47.295,14.772],[47.286,14.766],[47.261,14.758],[47.234,14.752],[47.188,14.747],[47.174,14.749],[47.166,14.753],[47.158,14.755],[47.116,14.76],[47.09,14.76],[47.047,14.756],[47.022,14.759],[46.996,14.759],[46.972,14.761],[46.944,14.758],[46.954,14.746],[46.957,14.739],[46.959,14.73],[46.957,14.722],[46.949,14.699],[46.961,14.679],[46.97,14.669],[47.016,14.626],[47.043,14.589],[47.046,14.569],[47.044,14.535],[47.036,14.483]]]}},{"type":"Feature","properties":{"id":"adh-dhahir","name":"Adh Dhahir","gov":"YE-SD","km2":208,"c":[16.76,43.276]},"geometry":{"type":"Polygon","coordinates":[[[43.322,16.605],[43.321,16.644],[43.325,16.664],[43.323,16.689],[43.32,16.695],[43.311,16.701],[43.302,16.71],[43.294,16.738],[43.321,16.771],[43.331,16.775],[43.333,16.784],[43.335,16.788],[43.342,16.79],[43.338,16.806],[43.33,16.818],[43.331,16.822],[43.337,16.822],[43.34,16.826],[43.34,16.828],[43.339,16.849],[43.324,16.852],[43.321,16.868],[43.317,16.871],[43.316,16.873],[43.306,16.869],[43.304,16.864],[43.305,16.858],[43.302,16.853],[43.295,16.854],[43.286,16.85],[43.283,16.82],[43.261,16.817],[43.24,16.822],[43.237,16.823],[43.233,16.834],[43.223,16.829],[43.225,16.823],[43.233,16.807],[43.241,16.805],[43.246,16.808],[43.262,16.801],[43.267,16.795],[43.263,16.787],[43.257,16.786],[43.252,16.774],[43.251,16.769],[43.257,16.76],[43.261,16.759],[43.265,16.754],[43.252,16.747],[43.251,16.743],[43.248,16.744],[43.24,16.741],[43.235,16.744],[43.233,16.742],[43.226,16.746],[43.224,16.737],[43.231,16.731],[43.218,16.719],[43.212,16.71],[43.219,16.7],[43.228,16.702],[43.23,16.693],[43.233,16.685],[43.234,16.676],[43.236,16.667],[43.235,16.66],[43.235,16.643],[43.237,16.64],[43.246,16.637],[43.259,16.637],[43.274,16.634],[43.307,16.612],[43.322,16.605]]]}},{"type":"Feature","properties":{"id":"mayfa-ah","name":"Mayfa'ah","gov":"YE-SH","km2":2856,"c":[14.45,47.712]},"geometry":{"type":"Polygon","coordinates":[[[47.621,14.67],[47.595,14.633],[47.572,14.61],[47.551,14.596],[47.526,14.585],[47.49,14.559],[47.459,14.54],[47.44,14.52],[47.429,14.505],[47.424,14.492],[47.419,14.465],[47.419,14.451],[47.423,14.436],[47.419,14.427],[47.41,14.42],[47.366,14.423],[47.337,14.421],[47.324,14.417],[47.318,14.408],[47.325,14.397],[47.338,14.386],[47.355,14.376],[47.388,14.363],[47.401,14.353],[47.405,14.338],[47.405,14.322],[47.402,14.312],[47.417,14.156],[47.433,14.156],[47.475,14.161],[47.5,14.16],[47.524,14.165],[47.6,14.169],[47.672,14.184],[47.704,14.192],[47.709,14.203],[47.724,14.208],[47.743,14.206],[47.75,14.21],[47.824,14.259],[47.882,14.304],[47.931,14.331],[47.955,14.338],[48.011,14.349],[48.085,14.355],[48.146,14.356],[48.141,14.371],[48.131,14.383],[48.113,14.399],[48.109,14.415],[48.1,14.428],[48.066,14.464],[48.064,14.472],[48.062,14.504],[48.059,14.512],[48.053,14.517],[48.046,14.531],[48.036,14.543],[48.018,14.57],[48.012,14.574],[47.996,14.573],[47.988,14.575],[47.981,14.581],[47.941,14.585],[47.932,14.582],[47.917,14.574],[47.901,14.573],[47.885,14.576],[47.853,14.585],[47.836,14.586],[47.804,14.593],[47.771,14.598],[47.763,14.6],[47.735,14.618],[47.718,14.621],[47.711,14.625],[47.7,14.637],[47.694,14.642],[47.686,14.644],[47.67,14.642],[47.661,14.642],[47.621,14.67]]]}},{"type":"Feature","properties":{"id":"radum","name":"Radum","gov":"YE-SH","km2":5897,"c":[13.99,47.779]},"geometry":{"type":"MultiPolygon","coordinates":[[[[48.382,13.94],[48.378,13.941],[48.378,13.936],[48.387,13.934],[48.388,13.938],[48.387,13.94],[48.382,13.94]]],[[[48.461,13.985],[48.456,13.984],[48.456,13.982],[48.458,13.977],[48.461,13.976],[48.467,13.981],[48.466,13.984],[48.461,13.985]]],[[[48.325,13.996],[48.319,13.995],[48.318,13.991],[48.321,13.986],[48.323,13.986],[48.326,13.991],[48.325,13.996]]],[[[48.392,13.996],[48.39,13.998],[48.389,13.997],[48.39,13.995],[48.392,13.996]]],[[[47.196,13.961],[47.204,13.952],[47.207,13.946],[47.209,13.936],[47.214,13.927],[47.224,13.919],[47.231,13.906],[47.228,13.893],[47.222,13.893],[47.218,13.882],[47.197,13.863],[47.195,13.844],[47.184,13.83],[47.179,13.799],[47.179,13.788],[47.189,13.771],[47.19,13.756],[47.187,13.748],[47.187,13.746],[47.19,13.742],[47.208,13.727],[47.214,13.718],[47.217,13.712],[47.219,13.695],[47.218,13.674],[47.205,13.647],[47.191,13.609],[47.191,13.6],[47.214,13.603],[47.298,13.629],[47.324,13.641],[47.339,13.644],[47.372,13.647],[47.392,13.654],[47.459,13.702],[47.525,13.762],[47.543,13.776],[47.568,13.801],[47.581,13.811],[47.593,13.816],[47.615,13.845],[47.64,13.87],[47.649,13.875],[47.652,13.874],[47.66,13.882],[47.679,13.896],[47.694,13.905],[47.711,13.913],[47.729,13.919],[47.776,13.923],[47.808,13.935],[47.824,13.948],[47.884,13.993],[47.898,14.007],[47.92,14.025],[47.945,14.04],[47.968,14.048],[47.984,14.052],[47.999,14.055],[48.027,14.055],[48.046,14.053],[48.069,14.047],[48.09,14.04],[48.127,14.026],[48.168,14],[48.178,13.991],[48.176,13.979],[48.179,13.977],[48.177,13.975],[48.175,13.976],[48.177,13.975],[48.175,13.972],[48.183,13.97],[48.184,13.968],[48.188,13.975],[48.203,13.973],[48.213,13.975],[48.218,13.982],[48.218,13.985],[48.223,13.989],[48.226,13.989],[48.23,13.985],[48.233,13.986],[48.236,13.984],[48.242,13.986],[48.246,13.985],[48.247,13.984],[48.245,13.982],[48.247,13.98],[48.252,13.977],[48.258,13.981],[48.255,13.985],[48.256,13.988],[48.262,13.99],[48.265,13.988],[48.267,13.989],[48.271,13.988],[48.274,13.994],[48.278,13.994],[48.279,13.996],[48.284,13.989],[48.287,13.989],[48.288,13.986],[48.295,13.986],[48.297,13.99],[48.296,13.993],[48.297,13.995],[48.307,14],[48.313,13.999],[48.317,14.004],[48.321,14.006],[48.325,14.005],[48.325,14.008],[48.327,14.01],[48.322,14.013],[48.323,14.016],[48.328,14.022],[48.333,14.025],[48.342,14.024],[48.344,14.022],[48.348,14.022],[48.352,14.018],[48.354,14.017],[48.354,14.015],[48.355,14.013],[48.358,14.014],[48.36,14.016],[48.359,14.017],[48.361,14.019],[48.364,14.016],[48.371,14.018],[48.375,14.018],[48.381,14.014],[48.386,14.013],[48.394,14.016],[48.4,14.021],[48.405,14.022],[48.408,14.02],[48.414,14.02],[48.415,14.014],[48.419,14.017],[48.423,14.017],[48.425,14.017],[48.426,14.014],[48.427,14.019],[48.426,14.023],[48.428,14.025],[48.434,14.025],[48.439,14.022],[48.44,14.02],[48.443,14.019],[48.45,14.014],[48.451,14.013],[48.449,14.004],[48.45,13.999],[48.452,13.997],[48.458,13.995],[48.466,14.003],[48.473,14.008],[48.477,14.008],[48.483,14.005],[48.488,14.004],[48.498,14.014],[48.523,14.034],[48.546,14.043],[48.564,14.047],[48.597,14.049],[48.628,14.047],[48.635,14.05],[48.641,14.055],[48.643,14.063],[48.639,14.078],[48.637,14.094],[48.621,14.123],[48.606,14.131],[48.595,14.142],[48.595,14.15],[48.605,14.163],[48.609,14.17],[48.606,14.178],[48.587,14.204],[48.579,14.205],[48.574,14.212],[48.573,14.219],[48.575,14.227],[48.569,14.233],[48.565,14.24],[48.564,14.248],[48.558,14.254],[48.551,14.255],[48.544,14.251],[48.538,14.256],[48.53,14.259],[48.504,14.281],[48.494,14.282],[48.487,14.284],[48.451,14.303],[48.443,14.305],[48.426,14.302],[48.419,14.307],[48.411,14.31],[48.406,14.315],[48.39,14.318],[48.358,14.314],[48.325,14.317],[48.294,14.304],[48.263,14.315],[48.255,14.315],[48.248,14.312],[48.24,14.31],[48.232,14.31],[48.224,14.311],[48.219,14.317],[48.219,14.325],[48.213,14.33],[48.178,14.351],[48.17,14.355],[48.162,14.356],[48.154,14.354],[48.146,14.356],[48.085,14.355],[48.011,14.349],[47.955,14.338],[47.931,14.331],[47.882,14.304],[47.824,14.259],[47.75,14.21],[47.743,14.206],[47.724,14.208],[47.709,14.203],[47.704,14.192],[47.672,14.184],[47.6,14.169],[47.524,14.165],[47.5,14.16],[47.475,14.161],[47.433,14.156],[47.417,14.156],[47.358,14.155],[47.291,14.146],[47.264,14.139],[47.241,14.133],[47.224,14.13],[47.133,14.129],[47.109,14.121],[47.099,14.116],[47.103,14.111],[47.138,14.083],[47.162,14.059],[47.167,14.051],[47.186,14.037],[47.192,14.03],[47.195,14.017],[47.191,13.993],[47.19,13.968],[47.196,13.961]]]]}},{"type":"Feature","properties":{"id":"baqim","name":"Baqim","gov":"YE-SD","km2":866,"c":[17.414,43.407]},"geometry":{"type":"Polygon","coordinates":[[[43.423,17.248],[43.455,17.255],[43.493,17.221],[43.512,17.215],[43.514,17.24],[43.503,17.277],[43.506,17.287],[43.513,17.295],[43.568,17.306],[43.568,17.319],[43.683,17.334],[43.681,17.369],[43.618,17.426],[43.567,17.483],[43.527,17.514],[43.52,17.509],[43.506,17.524],[43.496,17.527],[43.485,17.545],[43.465,17.552],[43.445,17.55],[43.431,17.564],[43.42,17.566],[43.399,17.557],[43.379,17.555],[43.376,17.544],[43.355,17.556],[43.336,17.54],[43.31,17.528],[43.305,17.532],[43.303,17.528],[43.285,17.517],[43.26,17.49],[43.241,17.481],[43.256,17.458],[43.263,17.458],[43.263,17.457],[43.294,17.45],[43.294,17.443],[43.307,17.441],[43.31,17.446],[43.322,17.446],[43.334,17.451],[43.338,17.45],[43.346,17.426],[43.351,17.419],[43.358,17.41],[43.371,17.4],[43.34,17.395],[43.343,17.386],[43.344,17.366],[43.35,17.361],[43.362,17.355],[43.39,17.322],[43.404,17.323],[43.407,17.321],[43.403,17.315],[43.403,17.293],[43.405,17.29],[43.41,17.288],[43.417,17.27],[43.423,17.248]]]}},{"type":"Feature","properties":{"id":"hamdan","name":"Hamdan","gov":"YE-SN","km2":535,"c":[15.479,44.087]},"geometry":{"type":"Polygon","coordinates":[[[44.135,15.437],[44.133,15.443],[44.131,15.443],[44.125,15.44],[44.124,15.448],[44.121,15.454],[44.121,15.463],[44.124,15.466],[44.132,15.469],[44.152,15.481],[44.155,15.482],[44.155,15.481],[44.158,15.482],[44.164,15.474],[44.171,15.477],[44.171,15.476],[44.176,15.48],[44.178,15.479],[44.18,15.48],[44.181,15.479],[44.185,15.481],[44.187,15.478],[44.192,15.482],[44.194,15.486],[44.192,15.501],[44.204,15.501],[44.206,15.503],[44.196,15.512],[44.194,15.517],[44.195,15.521],[44.203,15.533],[44.205,15.542],[44.211,15.554],[44.195,15.562],[44.148,15.572],[44.129,15.583],[44.119,15.61],[44.113,15.614],[44.066,15.616],[44.06,15.616],[44.056,15.611],[44.046,15.596],[44.044,15.587],[44.038,15.583],[44.03,15.572],[44.016,15.571],[43.983,15.56],[43.964,15.559],[43.958,15.561],[43.939,15.578],[43.932,15.572],[43.919,15.565],[43.916,15.54],[43.945,15.537],[43.946,15.534],[43.943,15.527],[43.917,15.516],[43.918,15.513],[43.914,15.499],[43.922,15.499],[43.929,15.492],[43.944,15.488],[43.956,15.48],[43.962,15.47],[43.962,15.452],[43.955,15.432],[43.955,15.424],[43.959,15.421],[43.993,15.415],[44.02,15.401],[44.048,15.361],[44.053,15.349],[44.073,15.344],[44.086,15.346],[44.098,15.356],[44.149,15.355],[44.149,15.373],[44.145,15.388],[44.145,15.393],[44.138,15.393],[44.133,15.39],[44.115,15.387],[44.114,15.394],[44.108,15.395],[44.108,15.406],[44.112,15.408],[44.114,15.414],[44.117,15.417],[44.117,15.42],[44.12,15.422],[44.122,15.425],[44.122,15.429],[44.126,15.429],[44.128,15.435],[44.131,15.435],[44.135,15.437]]]}},{"type":"Feature","properties":{"id":"arhab","name":"Arhab","gov":"YE-SN","km2":1248,"c":[15.792,44.247]},"geometry":{"type":"Polygon","coordinates":[[[44.375,15.578],[44.382,15.588],[44.382,15.592],[44.361,15.62],[44.351,15.644],[44.352,15.656],[44.361,15.68],[44.389,15.719],[44.397,15.775],[44.397,15.838],[44.393,15.906],[44.391,15.992],[44.385,16.029],[44.383,16.03],[44.373,16.038],[44.357,16.047],[44.346,16.038],[44.34,16.039],[44.336,16.037],[44.332,16.039],[44.324,16.038],[44.302,16.04],[44.292,16.038],[44.289,16.034],[44.281,16.031],[44.269,16.029],[44.261,16.021],[44.255,16.017],[44.237,16.013],[44.234,16.01],[44.231,15.998],[44.224,15.991],[44.215,15.991],[44.211,15.993],[44.206,15.998],[44.189,15.996],[44.182,15.993],[44.167,15.992],[44.16,15.988],[44.151,15.988],[44.158,15.972],[44.156,15.951],[44.151,15.923],[44.151,15.914],[44.152,15.897],[44.156,15.87],[44.169,15.852],[44.181,15.824],[44.181,15.797],[44.18,15.773],[44.176,15.764],[44.171,15.757],[44.164,15.754],[44.154,15.752],[44.146,15.747],[44.094,15.745],[44.101,15.733],[44.101,15.728],[44.098,15.727],[44.096,15.724],[44.097,15.716],[44.119,15.658],[44.118,15.633],[44.113,15.614],[44.119,15.61],[44.129,15.583],[44.148,15.572],[44.195,15.562],[44.211,15.554],[44.223,15.558],[44.231,15.558],[44.234,15.566],[44.238,15.569],[44.249,15.571],[44.26,15.57],[44.262,15.571],[44.262,15.578],[44.267,15.584],[44.269,15.593],[44.274,15.6],[44.282,15.604],[44.288,15.605],[44.306,15.612],[44.319,15.612],[44.334,15.607],[44.351,15.599],[44.361,15.589],[44.368,15.589],[44.375,15.578]]]}},{"type":"Feature","properties":{"id":"haydan","name":"Haydan","gov":"YE-SD","km2":449,"c":[16.742,43.39]},"geometry":{"type":"Polygon","coordinates":[[[43.496,16.613],[43.498,16.678],[43.521,16.724],[43.507,16.751],[43.492,16.772],[43.465,16.795],[43.451,16.793],[43.446,16.796],[43.437,16.81],[43.439,16.82],[43.436,16.826],[43.421,16.823],[43.407,16.818],[43.402,16.827],[43.398,16.829],[43.398,16.837],[43.39,16.845],[43.385,16.847],[43.378,16.847],[43.376,16.839],[43.371,16.842],[43.354,16.832],[43.34,16.828],[43.34,16.826],[43.337,16.822],[43.331,16.822],[43.33,16.818],[43.338,16.806],[43.342,16.79],[43.335,16.788],[43.333,16.784],[43.331,16.775],[43.321,16.771],[43.294,16.738],[43.302,16.71],[43.311,16.701],[43.32,16.695],[43.323,16.689],[43.325,16.664],[43.321,16.644],[43.322,16.605],[43.331,16.6],[43.342,16.598],[43.407,16.604],[43.409,16.606],[43.413,16.612],[43.418,16.615],[43.429,16.619],[43.438,16.62],[43.446,16.62],[43.471,16.612],[43.496,16.613]]]}},{"type":"Feature","properties":{"id":"nihm","name":"Nihm","gov":"YE-SN","km2":1889,"c":[15.656,44.529]},"geometry":{"type":"Polygon","coordinates":[[[44.405,15.547],[44.431,15.527],[44.443,15.513],[44.457,15.509],[44.46,15.509],[44.46,15.515],[44.469,15.525],[44.474,15.524],[44.477,15.519],[44.49,15.511],[44.514,15.504],[44.52,15.504],[44.532,15.512],[44.532,15.499],[44.534,15.493],[44.532,15.488],[44.529,15.486],[44.529,15.473],[44.599,15.488],[44.645,15.496],[44.685,15.523],[44.698,15.527],[44.732,15.547],[44.754,15.566],[44.78,15.6],[44.791,15.615],[44.792,15.621],[44.79,15.626],[44.786,15.629],[44.763,15.639],[44.729,15.668],[44.685,15.79],[44.678,15.816],[44.672,15.866],[44.645,15.971],[44.641,15.978],[44.628,15.989],[44.575,16.002],[44.484,16.02],[44.427,16.032],[44.383,16.03],[44.385,16.029],[44.391,15.992],[44.393,15.906],[44.397,15.838],[44.397,15.775],[44.389,15.719],[44.361,15.68],[44.352,15.656],[44.351,15.644],[44.361,15.62],[44.382,15.592],[44.382,15.588],[44.375,15.578],[44.397,15.564],[44.412,15.56],[44.411,15.554],[44.405,15.547]]]}},{"type":"Feature","properties":{"id":"bani-hushaysh","name":"Bani Hushaysh","gov":"YE-SN","km2":350,"c":[15.47,44.37]},"geometry":{"type":"Polygon","coordinates":[[[44.246,15.363],[44.26,15.361],[44.285,15.359],[44.312,15.36],[44.344,15.369],[44.376,15.382],[44.381,15.381],[44.384,15.376],[44.392,15.385],[44.401,15.41],[44.418,15.443],[44.429,15.45],[44.445,15.457],[44.467,15.463],[44.479,15.463],[44.494,15.467],[44.496,15.479],[44.499,15.481],[44.502,15.48],[44.515,15.471],[44.529,15.473],[44.529,15.486],[44.532,15.488],[44.534,15.493],[44.532,15.499],[44.532,15.512],[44.52,15.504],[44.514,15.504],[44.49,15.511],[44.477,15.519],[44.474,15.524],[44.469,15.525],[44.46,15.515],[44.46,15.509],[44.457,15.509],[44.443,15.513],[44.431,15.527],[44.405,15.547],[44.404,15.543],[44.4,15.539],[44.388,15.534],[44.381,15.533],[44.37,15.535],[44.356,15.545],[44.348,15.544],[44.342,15.543],[44.339,15.54],[44.339,15.531],[44.342,15.523],[44.341,15.519],[44.338,15.516],[44.328,15.516],[44.319,15.518],[44.309,15.517],[44.296,15.517],[44.29,15.515],[44.291,15.512],[44.297,15.51],[44.292,15.506],[44.292,15.504],[44.295,15.498],[44.294,15.493],[44.289,15.492],[44.291,15.488],[44.269,15.458],[44.263,15.445],[44.259,15.446],[44.254,15.433],[44.244,15.42],[44.241,15.412],[44.236,15.406],[44.231,15.408],[44.24,15.397],[44.243,15.39],[44.245,15.375],[44.247,15.374],[44.249,15.37],[44.249,15.368],[44.246,15.363]]]}},{"type":"Feature","properties":{"id":"saqin","name":"Saqin","gov":"YE-SD","km2":643,"c":[16.843,43.468]},"geometry":{"type":"Polygon","coordinates":[[[43.324,16.891],[43.325,16.889],[43.323,16.887],[43.323,16.884],[43.319,16.879],[43.316,16.873],[43.317,16.871],[43.321,16.868],[43.324,16.852],[43.339,16.849],[43.34,16.828],[43.354,16.832],[43.371,16.842],[43.376,16.839],[43.378,16.847],[43.385,16.847],[43.39,16.845],[43.398,16.837],[43.398,16.829],[43.402,16.827],[43.407,16.818],[43.421,16.823],[43.436,16.826],[43.439,16.82],[43.437,16.81],[43.446,16.796],[43.451,16.793],[43.465,16.795],[43.492,16.772],[43.507,16.751],[43.521,16.724],[43.498,16.678],[43.496,16.613],[43.5,16.612],[43.658,16.65],[43.658,16.659],[43.655,16.668],[43.646,16.675],[43.641,16.684],[43.634,16.709],[43.635,16.713],[43.638,16.717],[43.654,16.723],[43.657,16.727],[43.659,16.737],[43.658,16.742],[43.656,16.745],[43.645,16.748],[43.626,16.746],[43.618,16.748],[43.598,16.758],[43.582,16.773],[43.572,16.789],[43.563,16.817],[43.556,16.828],[43.557,16.85],[43.553,16.864],[43.545,16.874],[43.532,16.885],[43.53,16.891],[43.533,16.902],[43.54,16.904],[43.546,16.908],[43.552,16.916],[43.548,16.932],[43.548,16.958],[43.532,16.971],[43.51,16.985],[43.49,16.983],[43.471,16.966],[43.452,16.958],[43.441,16.959],[43.418,16.97],[43.412,16.98],[43.4,16.978],[43.397,16.984],[43.389,16.982],[43.372,16.975],[43.367,16.975],[43.364,16.961],[43.371,16.959],[43.372,16.957],[43.367,16.952],[43.366,16.937],[43.362,16.923],[43.354,16.911],[43.346,16.905],[43.343,16.903],[43.333,16.902],[43.327,16.898],[43.324,16.891]]]}},{"type":"Feature","properties":{"id":"bani-matar","name":"Bani Matar","gov":"YE-SN","km2":1107,"c":[15.238,44.051]},"geometry":{"type":"Polygon","coordinates":[[[44.178,15.325],[44.177,15.329],[44.159,15.34],[44.157,15.342],[44.156,15.339],[44.154,15.337],[44.152,15.338],[44.152,15.342],[44.149,15.342],[44.149,15.355],[44.098,15.356],[44.086,15.346],[44.073,15.344],[44.053,15.349],[44.048,15.361],[44.02,15.401],[43.993,15.415],[43.959,15.421],[43.955,15.424],[43.955,15.432],[43.962,15.452],[43.962,15.47],[43.956,15.48],[43.944,15.488],[43.929,15.492],[43.922,15.499],[43.914,15.499],[43.921,15.489],[43.921,15.48],[43.91,15.471],[43.907,15.473],[43.903,15.471],[43.9,15.468],[43.899,15.459],[43.915,15.433],[43.913,15.421],[43.91,15.418],[43.901,15.415],[43.899,15.412],[43.892,15.408],[43.872,15.405],[43.864,15.393],[43.87,15.386],[43.876,15.372],[43.885,15.363],[43.903,15.361],[43.909,15.362],[43.917,15.363],[43.928,15.373],[43.94,15.378],[43.949,15.374],[43.961,15.352],[43.963,15.342],[43.954,15.298],[43.949,15.263],[43.95,15.258],[43.961,15.246],[43.971,15.239],[43.97,15.224],[43.962,15.213],[43.975,15.207],[43.978,15.204],[43.978,15.2],[43.977,15.192],[43.97,15.18],[43.968,15.17],[43.969,15.165],[43.972,15.167],[43.975,15.166],[43.974,15.16],[43.972,15.156],[43.967,15.153],[43.962,15.143],[43.964,15.133],[43.969,15.126],[43.978,15.119],[43.982,15.108],[43.975,15.1],[43.971,15.087],[43.952,15.065],[43.95,15.057],[43.948,15.023],[43.954,15.003],[43.951,14.98],[43.947,14.96],[43.949,14.953],[43.97,14.941],[43.973,14.932],[43.977,14.932],[43.986,14.939],[43.988,14.944],[43.99,14.947],[43.994,14.947],[44.002,14.954],[44.005,14.954],[44.012,14.962],[44.018,14.962],[44.019,14.964],[44.016,14.966],[44.017,14.969],[44.022,14.971],[44.022,14.979],[44.032,14.993],[44.049,14.999],[44.092,14.999],[44.124,15.003],[44.136,15.002],[44.14,15.015],[44.162,15.046],[44.169,15.062],[44.173,15.077],[44.174,15.11],[44.176,15.117],[44.212,15.139],[44.223,15.143],[44.228,15.148],[44.23,15.155],[44.228,15.183],[44.213,15.181],[44.211,15.184],[44.215,15.201],[44.209,15.21],[44.201,15.23],[44.195,15.233],[44.192,15.231],[44.186,15.222],[44.171,15.223],[44.17,15.228],[44.17,15.237],[44.176,15.245],[44.193,15.259],[44.203,15.27],[44.2,15.277],[44.197,15.278],[44.198,15.281],[44.196,15.282],[44.192,15.284],[44.189,15.282],[44.183,15.288],[44.179,15.283],[44.173,15.283],[44.172,15.286],[44.17,15.287],[44.164,15.286],[44.161,15.287],[44.156,15.296],[44.154,15.295],[44.14,15.295],[44.14,15.304],[44.15,15.306],[44.147,15.309],[44.15,15.311],[44.146,15.315],[44.151,15.317],[44.158,15.312],[44.16,15.316],[44.163,15.316],[44.167,15.313],[44.17,15.314],[44.174,15.322],[44.176,15.325],[44.178,15.325]]]}},{"type":"Feature","properties":{"id":"raghwan","name":"Raghwan","gov":"YE-MA","km2":479,"c":[15.778,45.014]},"geometry":{"type":"Polygon","coordinates":[[[45.06,15.881],[45.05,15.874],[45.028,15.864],[45.025,15.85],[45.02,15.841],[45.006,15.828],[45,15.82],[44.986,15.814],[44.977,15.808],[44.974,15.802],[44.964,15.79],[44.951,15.789],[44.927,15.78],[44.919,15.779],[44.913,15.775],[44.909,15.766],[44.905,15.743],[44.899,15.722],[44.929,15.728],[44.961,15.727],[44.99,15.719],[45.018,15.705],[45.094,15.698],[45.114,15.681],[45.219,15.668],[45.231,15.705],[45.251,15.754],[45.06,15.881]]]}},{"type":"Feature","properties":{"id":"majz","name":"Majz","gov":"YE-SD","km2":1092,"c":[17.117,43.511]},"geometry":{"type":"Polygon","coordinates":[[[43.4,17.216],[43.383,17.211],[43.338,17.202],[43.328,17.206],[43.318,17.207],[43.323,17.192],[43.328,17.182],[43.332,17.166],[43.334,17.158],[43.331,17.15],[43.331,17.134],[43.337,17.12],[43.336,17.09],[43.333,17.081],[43.335,17.066],[43.335,17.056],[43.329,17.035],[43.337,17.023],[43.342,17.02],[43.366,17.012],[43.38,17.002],[43.385,16.996],[43.389,16.982],[43.397,16.984],[43.4,16.978],[43.412,16.98],[43.418,16.97],[43.441,16.959],[43.452,16.958],[43.471,16.966],[43.49,16.983],[43.51,16.985],[43.532,16.971],[43.548,16.958],[43.555,16.964],[43.579,16.966],[43.588,16.97],[43.605,16.991],[43.61,17.005],[43.617,17.007],[43.614,17.02],[43.607,17.039],[43.61,17.048],[43.618,17.055],[43.619,17.058],[43.617,17.072],[43.61,17.077],[43.608,17.082],[43.609,17.093],[43.612,17.098],[43.618,17.101],[43.625,17.102],[43.634,17.1],[43.641,17.101],[43.644,17.105],[43.646,17.115],[43.651,17.119],[43.674,17.128],[43.702,17.133],[43.704,17.135],[43.704,17.14],[43.685,17.19],[43.682,17.212],[43.682,17.24],[43.683,17.255],[43.681,17.278],[43.678,17.292],[43.68,17.303],[43.686,17.308],[43.683,17.334],[43.568,17.319],[43.568,17.306],[43.513,17.295],[43.506,17.287],[43.503,17.277],[43.514,17.24],[43.512,17.215],[43.493,17.221],[43.455,17.255],[43.423,17.248],[43.425,17.226],[43.417,17.201],[43.4,17.216]]]}},{"type":"Feature","properties":{"id":"sahar","name":"Sahar","gov":"YE-SD","km2":924,"c":[16.938,43.699]},"geometry":{"type":"Polygon","coordinates":[[[43.658,16.65],[43.668,16.653],[43.678,16.661],[43.688,16.671],[43.698,16.677],[43.708,16.685],[43.708,16.755],[43.71,16.759],[43.715,16.762],[43.725,16.76],[43.729,16.758],[43.733,16.745],[43.738,16.739],[43.746,16.735],[43.773,16.737],[43.773,16.75],[43.775,16.766],[43.773,16.788],[43.773,16.801],[43.778,16.81],[43.785,16.811],[43.794,16.847],[43.789,16.853],[43.786,16.854],[43.777,16.863],[43.763,16.862],[43.762,16.865],[43.767,16.882],[43.737,16.894],[43.746,16.918],[43.744,16.923],[43.733,16.925],[43.728,16.918],[43.72,16.922],[43.718,16.92],[43.704,16.917],[43.7,16.928],[43.701,16.93],[43.699,16.932],[43.701,16.935],[43.703,16.936],[43.713,16.933],[43.715,16.933],[43.713,16.939],[43.704,16.944],[43.703,16.949],[43.707,16.95],[43.71,16.947],[43.716,16.948],[43.718,16.956],[43.717,16.963],[43.73,16.967],[43.741,16.97],[43.755,16.977],[43.765,16.977],[43.764,16.963],[43.766,16.96],[43.77,16.957],[43.77,16.973],[43.772,16.977],[43.779,16.979],[43.792,17],[43.792,17.008],[43.785,17.01],[43.784,17.023],[43.787,17.029],[43.785,17.034],[43.791,17.039],[43.791,17.047],[43.793,17.047],[43.795,17.051],[43.783,17.063],[43.784,17.094],[43.786,17.097],[43.793,17.099],[43.802,17.093],[43.809,17.092],[43.812,17.093],[43.813,17.098],[43.81,17.101],[43.801,17.1],[43.798,17.103],[43.799,17.118],[43.803,17.123],[43.8,17.128],[43.796,17.129],[43.784,17.129],[43.78,17.128],[43.778,17.126],[43.778,17.1],[43.775,17.095],[43.738,17.094],[43.73,17.11],[43.733,17.15],[43.735,17.189],[43.734,17.213],[43.682,17.212],[43.685,17.19],[43.704,17.14],[43.704,17.135],[43.702,17.133],[43.674,17.128],[43.651,17.119],[43.646,17.115],[43.644,17.105],[43.641,17.101],[43.634,17.1],[43.625,17.102],[43.618,17.101],[43.612,17.098],[43.609,17.093],[43.608,17.082],[43.61,17.077],[43.617,17.072],[43.619,17.058],[43.618,17.055],[43.61,17.048],[43.607,17.039],[43.614,17.02],[43.617,17.007],[43.61,17.005],[43.605,16.991],[43.588,16.97],[43.579,16.966],[43.555,16.964],[43.548,16.958],[43.548,16.932],[43.552,16.916],[43.546,16.908],[43.54,16.904],[43.533,16.902],[43.53,16.891],[43.532,16.885],[43.545,16.874],[43.553,16.864],[43.557,16.85],[43.556,16.828],[43.563,16.817],[43.572,16.789],[43.582,16.773],[43.598,16.758],[43.618,16.748],[43.626,16.746],[43.645,16.748],[43.656,16.745],[43.658,16.742],[43.659,16.737],[43.657,16.727],[43.654,16.723],[43.638,16.717],[43.635,16.713],[43.634,16.709],[43.641,16.684],[43.646,16.675],[43.655,16.668],[43.658,16.659],[43.658,16.65]]]}},{"type":"Feature","properties":{"id":"as-safra","name":"As Safra","gov":"YE-SD","km2":1535,"c":[16.952,43.817]},"geometry":{"type":"MultiPolygon","coordinates":[[[[43.72,16.922],[43.729,16.934],[43.738,16.937],[43.738,16.941],[43.73,16.946],[43.73,16.967],[43.717,16.963],[43.718,16.956],[43.716,16.948],[43.71,16.947],[43.707,16.95],[43.703,16.949],[43.704,16.944],[43.713,16.939],[43.715,16.933],[43.713,16.933],[43.703,16.936],[43.701,16.935],[43.699,16.932],[43.701,16.93],[43.7,16.928],[43.704,16.917],[43.718,16.92],[43.72,16.922]]],[[[44.121,16.74],[44.056,16.747],[43.981,16.77],[43.922,16.785],[43.912,16.79],[43.907,16.797],[43.904,16.807],[43.904,16.818],[43.908,16.841],[43.908,16.866],[43.904,16.888],[43.897,16.899],[43.873,16.909],[43.821,16.927],[43.815,16.937],[43.811,16.95],[43.908,16.951],[43.908,16.987],[43.83,17.001],[43.846,17.024],[43.85,17.039],[43.862,17.052],[43.887,17.069],[43.897,17.08],[43.907,17.099],[43.906,17.318],[43.908,17.341],[43.832,17.339],[43.806,17.357],[43.789,17.375],[43.768,17.374],[43.683,17.367],[43.681,17.369],[43.683,17.334],[43.686,17.308],[43.68,17.303],[43.678,17.292],[43.681,17.278],[43.683,17.255],[43.682,17.24],[43.682,17.212],[43.734,17.213],[43.735,17.189],[43.733,17.15],[43.73,17.11],[43.738,17.094],[43.775,17.095],[43.778,17.1],[43.778,17.126],[43.78,17.128],[43.784,17.129],[43.796,17.129],[43.8,17.128],[43.803,17.123],[43.799,17.118],[43.798,17.103],[43.801,17.1],[43.81,17.101],[43.813,17.098],[43.812,17.093],[43.809,17.092],[43.802,17.093],[43.793,17.099],[43.786,17.097],[43.784,17.094],[43.783,17.063],[43.795,17.051],[43.793,17.047],[43.791,17.047],[43.791,17.039],[43.785,17.034],[43.787,17.029],[43.784,17.023],[43.785,17.01],[43.792,17.008],[43.792,17],[43.779,16.979],[43.772,16.977],[43.77,16.973],[43.77,16.957],[43.774,16.955],[43.775,16.952],[43.776,16.942],[43.781,16.942],[43.787,16.939],[43.79,16.933],[43.786,16.899],[43.781,16.897],[43.78,16.893],[43.767,16.882],[43.762,16.865],[43.763,16.862],[43.777,16.863],[43.786,16.854],[43.789,16.853],[43.794,16.847],[43.785,16.811],[43.778,16.81],[43.773,16.801],[43.773,16.788],[43.775,16.766],[43.773,16.75],[43.773,16.737],[43.746,16.735],[43.738,16.739],[43.733,16.745],[43.729,16.758],[43.725,16.76],[43.715,16.762],[43.71,16.759],[43.708,16.755],[43.708,16.685],[43.714,16.688],[43.732,16.693],[43.75,16.7],[43.754,16.699],[43.772,16.686],[43.778,16.684],[43.787,16.683],[43.798,16.688],[43.896,16.652],[43.926,16.631],[43.948,16.62],[43.975,16.615],[44.021,16.616],[44.053,16.623],[44.062,16.628],[44.076,16.637],[44.092,16.64],[44.102,16.645],[44.121,16.72],[44.121,16.74]],[[43.817,16.863],[43.824,16.865],[43.834,16.862],[43.854,16.833],[43.828,16.835],[43.82,16.838],[43.808,16.855],[43.817,16.863]]]]}},{"type":"Feature","properties":{"id":"al-hashwah","name":"Al Hashwah","gov":"YE-SD","km2":404,"c":[16.92,44.277]},"geometry":{"type":"Polygon","coordinates":[[[44.424,17.022],[44.359,17.069],[44.336,17.062],[44.332,17.059],[44.325,17.054],[44.316,17.041],[44.312,17.033],[44.311,17.023],[44.311,16.975],[44.304,16.964],[44.292,16.96],[44.276,16.962],[44.266,16.954],[44.243,16.95],[44.216,16.949],[44.199,16.947],[44.195,16.945],[44.191,16.941],[44.186,16.928],[44.189,16.919],[44.184,16.912],[44.166,16.897],[44.152,16.888],[44.155,16.879],[44.159,16.874],[44.125,16.849],[44.116,16.837],[44.109,16.78],[44.109,16.763],[44.148,16.781],[44.167,16.794],[44.185,16.794],[44.243,16.805],[44.251,16.809],[44.274,16.845],[44.28,16.849],[44.287,16.864],[44.289,16.88],[44.292,16.881],[44.304,16.868],[44.313,16.866],[44.317,16.87],[44.314,16.888],[44.317,16.892],[44.33,16.892],[44.331,16.895],[44.328,16.902],[44.329,16.912],[44.333,16.918],[44.338,16.92],[44.343,16.917],[44.347,16.917],[44.357,16.931],[44.374,16.947],[44.378,16.955],[44.378,16.963],[44.392,16.985],[44.402,17.007],[44.404,17.009],[44.424,17.022]]]}},{"type":"Feature","properties":{"id":"kitaf-wa-al-boqa","name":"Kitaf wa Al Boqa'","gov":"YE-SD","km2":5385,"c":[17.066,44.247]},"geometry":{"type":"MultiPolygon","coordinates":[[[[43.817,16.863],[43.808,16.855],[43.82,16.838],[43.828,16.835],[43.854,16.833],[43.834,16.862],[43.824,16.865],[43.817,16.863]]],[[[44.953,17.434],[44.65,17.433],[44.567,17.406],[44.467,17.433],[44.366,17.433],[44.227,17.418],[44.208,17.414],[44.179,17.414],[44.138,17.409],[44.131,17.384],[44.111,17.366],[44.101,17.366],[44.067,17.406],[44.05,17.405],[44.023,17.391],[44.011,17.402],[43.967,17.331],[43.908,17.341],[43.906,17.318],[43.907,17.099],[43.897,17.08],[43.887,17.069],[43.862,17.052],[43.85,17.039],[43.846,17.024],[43.83,17.001],[43.908,16.987],[43.908,16.951],[43.811,16.95],[43.815,16.937],[43.821,16.927],[43.873,16.909],[43.897,16.899],[43.904,16.888],[43.908,16.866],[43.908,16.841],[43.904,16.818],[43.904,16.807],[43.907,16.797],[43.912,16.79],[43.922,16.785],[43.981,16.77],[44.056,16.747],[44.121,16.74],[44.109,16.763],[44.109,16.78],[44.116,16.837],[44.125,16.849],[44.159,16.874],[44.155,16.879],[44.152,16.888],[44.166,16.897],[44.184,16.912],[44.189,16.919],[44.186,16.928],[44.191,16.941],[44.195,16.945],[44.199,16.947],[44.216,16.949],[44.243,16.95],[44.266,16.954],[44.276,16.962],[44.292,16.96],[44.304,16.964],[44.311,16.975],[44.311,17.023],[44.312,17.033],[44.316,17.041],[44.325,17.054],[44.332,17.059],[44.336,17.062],[44.359,17.069],[44.424,17.022],[44.48,17.055],[44.502,17.06],[44.519,17.077],[44.532,17.096],[44.543,17.103],[44.554,17.108],[44.646,17.104],[44.749,17.103],[44.781,17.1],[44.799,17.095],[44.835,17.072],[44.845,17.066],[44.857,17.063],[44.909,17.055],[44.953,17.053],[44.953,17.23],[44.951,17.233],[44.953,17.233],[44.953,17.434]]]]}},{"type":"Feature","properties":{"id":"sa-dah","name":"Sa'dah","gov":"YE-SD","km2":46,"c":[16.937,43.756]},"geometry":{"type":"Polygon","coordinates":[[[43.73,16.967],[43.73,16.946],[43.738,16.941],[43.738,16.937],[43.729,16.934],[43.72,16.922],[43.728,16.918],[43.733,16.925],[43.744,16.923],[43.746,16.918],[43.737,16.894],[43.767,16.882],[43.78,16.893],[43.781,16.897],[43.786,16.899],[43.79,16.933],[43.787,16.939],[43.781,16.942],[43.776,16.942],[43.775,16.952],[43.774,16.955],[43.77,16.957],[43.766,16.96],[43.764,16.963],[43.765,16.977],[43.755,16.977],[43.741,16.97],[43.73,16.967]]]}},{"type":"Feature","properties":{"id":"sanhan-wa-bani-bahlul","name":"Sanhan wa Bani Bahlul","gov":"YE-SN","km2":560,"c":[15.24,44.287]},"geometry":{"type":"Polygon","coordinates":[[[44.431,15.327],[44.436,15.337],[44.45,15.354],[44.452,15.372],[44.443,15.38],[44.433,15.377],[44.41,15.364],[44.39,15.364],[44.384,15.376],[44.381,15.381],[44.376,15.382],[44.344,15.369],[44.312,15.36],[44.285,15.359],[44.26,15.361],[44.263,15.344],[44.265,15.334],[44.266,15.329],[44.272,15.324],[44.274,15.326],[44.279,15.327],[44.282,15.324],[44.283,15.308],[44.279,15.276],[44.282,15.254],[44.27,15.249],[44.271,15.246],[44.265,15.243],[44.266,15.24],[44.264,15.236],[44.259,15.235],[44.255,15.231],[44.261,15.226],[44.255,15.224],[44.256,15.22],[44.252,15.217],[44.249,15.217],[44.248,15.208],[44.245,15.206],[44.239,15.206],[44.236,15.209],[44.237,15.215],[44.239,15.217],[44.245,15.217],[44.249,15.225],[44.246,15.228],[44.244,15.227],[44.24,15.231],[44.24,15.233],[44.246,15.236],[44.242,15.241],[44.244,15.243],[44.232,15.258],[44.226,15.258],[44.219,15.262],[44.219,15.264],[44.211,15.27],[44.209,15.269],[44.209,15.268],[44.207,15.267],[44.203,15.27],[44.193,15.259],[44.176,15.245],[44.17,15.237],[44.17,15.228],[44.171,15.223],[44.186,15.222],[44.192,15.231],[44.195,15.233],[44.201,15.23],[44.209,15.21],[44.215,15.201],[44.211,15.184],[44.213,15.181],[44.228,15.183],[44.23,15.155],[44.228,15.148],[44.223,15.143],[44.225,15.138],[44.244,15.127],[44.249,15.115],[44.262,15.114],[44.27,15.119],[44.281,15.123],[44.29,15.123],[44.296,15.119],[44.314,15.089],[44.341,15.073],[44.369,15.07],[44.418,15.098],[44.432,15.104],[44.427,15.129],[44.427,15.148],[44.411,15.149],[44.397,15.152],[44.388,15.171],[44.393,15.222],[44.409,15.24],[44.414,15.266],[44.421,15.289],[44.415,15.3],[44.424,15.312],[44.431,15.327]]]}},{"type":"Feature","properties":{"id":"bilad-ar-rus","name":"Bilad Ar Rus","gov":"YE-SN","km2":397,"c":[15.043,44.262]},"geometry":{"type":"Polygon","coordinates":[[[44.367,14.984],[44.363,14.998],[44.361,15.019],[44.369,15.07],[44.341,15.073],[44.314,15.089],[44.296,15.119],[44.29,15.123],[44.281,15.123],[44.27,15.119],[44.262,15.114],[44.249,15.115],[44.244,15.127],[44.225,15.138],[44.223,15.143],[44.212,15.139],[44.176,15.117],[44.174,15.11],[44.173,15.077],[44.169,15.062],[44.162,15.046],[44.14,15.015],[44.136,15.002],[44.15,14.999],[44.177,14.991],[44.19,14.985],[44.214,14.962],[44.226,14.927],[44.299,14.928],[44.351,14.928],[44.355,14.951],[44.349,14.958],[44.345,14.971],[44.354,14.986],[44.367,14.984]]]}},{"type":"Feature","properties":{"id":"al-haymah-ad-dakhiliyah","name":"Al Haymah Ad Dakhiliyah","gov":"YE-SN","km2":469,"c":[15.283,43.824]},"geometry":{"type":"Polygon","coordinates":[[[43.864,15.393],[43.86,15.39],[43.857,15.39],[43.849,15.382],[43.847,15.38],[43.848,15.378],[43.841,15.374],[43.837,15.375],[43.834,15.374],[43.827,15.376],[43.818,15.373],[43.815,15.375],[43.807,15.374],[43.805,15.372],[43.805,15.363],[43.8,15.364],[43.791,15.354],[43.787,15.354],[43.786,15.349],[43.782,15.345],[43.775,15.335],[43.765,15.329],[43.76,15.324],[43.749,15.327],[43.748,15.322],[43.746,15.32],[43.748,15.315],[43.741,15.31],[43.737,15.309],[43.735,15.296],[43.728,15.294],[43.726,15.286],[43.723,15.285],[43.723,15.282],[43.717,15.278],[43.717,15.272],[43.713,15.27],[43.711,15.262],[43.72,15.251],[43.722,15.252],[43.724,15.242],[43.723,15.237],[43.726,15.231],[43.73,15.231],[43.736,15.225],[43.74,15.227],[43.747,15.217],[43.749,15.204],[43.775,15.181],[43.786,15.181],[43.795,15.186],[43.803,15.191],[43.808,15.199],[43.811,15.2],[43.813,15.198],[43.82,15.204],[43.822,15.195],[43.83,15.195],[43.832,15.199],[43.835,15.199],[43.85,15.194],[43.854,15.185],[43.853,15.182],[43.851,15.18],[43.841,15.178],[43.835,15.169],[43.84,15.162],[43.849,15.158],[43.865,15.16],[43.897,15.173],[43.923,15.193],[43.94,15.213],[43.958,15.214],[43.962,15.213],[43.97,15.224],[43.971,15.239],[43.961,15.246],[43.95,15.258],[43.949,15.263],[43.954,15.298],[43.963,15.342],[43.961,15.352],[43.949,15.374],[43.94,15.378],[43.928,15.373],[43.917,15.363],[43.909,15.362],[43.903,15.361],[43.885,15.363],[43.876,15.372],[43.87,15.386],[43.864,15.393]]]}},{"type":"Feature","properties":{"id":"al-haymah-al-kharijiyah","name":"Al Haymah Al Kharijiyah","gov":"YE-SN","km2":683,"c":[15.027,43.855]},"geometry":{"type":"Polygon","coordinates":[[[43.898,14.858],[43.909,14.883],[43.915,14.89],[43.913,14.898],[43.917,14.9],[43.915,14.902],[43.92,14.906],[43.922,14.905],[43.931,14.909],[43.947,14.909],[43.952,14.913],[43.967,14.928],[43.973,14.932],[43.97,14.941],[43.949,14.953],[43.947,14.96],[43.951,14.98],[43.954,15.003],[43.948,15.023],[43.95,15.057],[43.952,15.065],[43.971,15.087],[43.975,15.1],[43.982,15.108],[43.978,15.119],[43.969,15.126],[43.964,15.133],[43.962,15.143],[43.967,15.153],[43.972,15.156],[43.974,15.16],[43.975,15.166],[43.972,15.167],[43.969,15.165],[43.968,15.17],[43.97,15.18],[43.977,15.192],[43.978,15.2],[43.978,15.204],[43.975,15.207],[43.962,15.213],[43.958,15.214],[43.94,15.213],[43.923,15.193],[43.897,15.173],[43.865,15.16],[43.849,15.158],[43.84,15.162],[43.835,15.169],[43.841,15.178],[43.851,15.18],[43.853,15.182],[43.854,15.185],[43.85,15.194],[43.835,15.199],[43.832,15.199],[43.83,15.195],[43.822,15.195],[43.82,15.204],[43.813,15.198],[43.811,15.2],[43.808,15.199],[43.803,15.191],[43.795,15.186],[43.792,15.169],[43.801,15.149],[43.798,15.128],[43.8,15.122],[43.798,15.116],[43.794,15.109],[43.791,15.098],[43.795,15.079],[43.799,15.074],[43.805,15.071],[43.813,15.069],[43.819,15.074],[43.829,15.07],[43.829,15.06],[43.825,15.036],[43.825,15.02],[43.822,15.009],[43.814,15.006],[43.791,15.007],[43.779,15.002],[43.76,14.981],[43.755,14.979],[43.745,14.973],[43.742,14.95],[43.742,14.944],[43.745,14.934],[43.735,14.886],[43.725,14.871],[43.716,14.861],[43.72,14.853],[43.724,14.852],[43.727,14.856],[43.733,14.857],[43.738,14.856],[43.742,14.852],[43.745,14.853],[43.747,14.856],[43.749,14.855],[43.751,14.861],[43.754,14.862],[43.758,14.859],[43.763,14.862],[43.768,14.868],[43.772,14.868],[43.775,14.872],[43.783,14.876],[43.788,14.874],[43.792,14.871],[43.795,14.871],[43.802,14.864],[43.81,14.861],[43.85,14.854],[43.861,14.848],[43.868,14.848],[43.888,14.857],[43.898,14.858]]]}},{"type":"Feature","properties":{"id":"manakhah","name":"Manakhah","gov":"YE-SN","km2":689,"c":[15.125,43.676]},"geometry":{"type":"Polygon","coordinates":[[[43.644,14.926],[43.659,14.91],[43.666,14.896],[43.672,14.888],[43.679,14.884],[43.705,14.873],[43.716,14.861],[43.725,14.871],[43.735,14.886],[43.745,14.934],[43.742,14.944],[43.742,14.95],[43.745,14.973],[43.755,14.979],[43.76,14.981],[43.779,15.002],[43.791,15.007],[43.814,15.006],[43.822,15.009],[43.825,15.02],[43.825,15.036],[43.829,15.06],[43.829,15.07],[43.819,15.074],[43.813,15.069],[43.805,15.071],[43.799,15.074],[43.795,15.079],[43.791,15.098],[43.794,15.109],[43.798,15.116],[43.8,15.122],[43.798,15.128],[43.801,15.149],[43.792,15.169],[43.795,15.186],[43.786,15.181],[43.775,15.181],[43.749,15.204],[43.747,15.217],[43.74,15.227],[43.736,15.225],[43.73,15.231],[43.726,15.231],[43.723,15.237],[43.724,15.242],[43.722,15.252],[43.72,15.251],[43.711,15.262],[43.713,15.27],[43.71,15.272],[43.707,15.272],[43.706,15.274],[43.702,15.274],[43.702,15.278],[43.695,15.277],[43.692,15.278],[43.691,15.281],[43.683,15.28],[43.674,15.276],[43.667,15.27],[43.661,15.273],[43.656,15.27],[43.65,15.273],[43.643,15.27],[43.643,15.267],[43.641,15.266],[43.645,15.261],[43.643,15.255],[43.636,15.253],[43.63,15.256],[43.629,15.256],[43.63,15.251],[43.626,15.247],[43.626,15.244],[43.619,15.243],[43.616,15.238],[43.613,15.24],[43.605,15.236],[43.599,15.238],[43.592,15.235],[43.589,15.238],[43.586,15.236],[43.58,15.236],[43.578,15.233],[43.579,15.229],[43.575,15.228],[43.574,15.225],[43.569,15.225],[43.56,15.215],[43.561,15.21],[43.557,15.208],[43.555,15.204],[43.549,15.18],[43.55,15.16],[43.556,15.146],[43.565,15.149],[43.57,15.148],[43.572,15.144],[43.576,15.144],[43.577,15.148],[43.584,15.147],[43.591,15.152],[43.596,15.151],[43.609,15.136],[43.615,15.128],[43.617,15.121],[43.626,15.113],[43.627,15.099],[43.632,15.095],[43.639,15.094],[43.641,15.091],[43.641,15.087],[43.651,15.086],[43.656,15.083],[43.657,15.08],[43.656,15.069],[43.659,15.064],[43.659,15.054],[43.65,15.032],[43.646,15.029],[43.647,15.025],[43.642,15.017],[43.643,15.008],[43.643,15],[43.645,14.994],[43.65,14.988],[43.66,14.983],[43.663,14.979],[43.666,14.972],[43.665,14.968],[43.663,14.967],[43.66,14.968],[43.656,14.964],[43.649,14.946],[43.651,14.936],[43.644,14.926]]]}},{"type":"Feature","properties":{"id":"sa-fan","name":"Sa'fan","gov":"YE-SN","km2":173,"c":[15.076,43.593]},"geometry":{"type":"Polygon","coordinates":[[[43.643,15.008],[43.642,15.017],[43.647,15.025],[43.646,15.029],[43.65,15.032],[43.659,15.054],[43.659,15.064],[43.656,15.069],[43.657,15.08],[43.656,15.083],[43.651,15.086],[43.641,15.087],[43.641,15.091],[43.639,15.094],[43.632,15.095],[43.627,15.099],[43.626,15.113],[43.617,15.121],[43.615,15.128],[43.609,15.136],[43.596,15.151],[43.591,15.152],[43.584,15.147],[43.577,15.148],[43.576,15.144],[43.572,15.144],[43.57,15.148],[43.565,15.149],[43.556,15.146],[43.564,15.121],[43.563,15.114],[43.556,15.111],[43.553,15.101],[43.548,15.095],[43.54,15.095],[43.531,15.088],[43.529,15.084],[43.529,15.074],[43.525,15.06],[43.519,15.052],[43.512,15.048],[43.514,15.036],[43.522,15.028],[43.53,15.023],[43.546,15.021],[43.568,15.008],[43.574,15.002],[43.583,14.998],[43.593,14.992],[43.622,14.993],[43.628,15.007],[43.633,15.009],[43.643,15.008]]]}},{"type":"Feature","properties":{"id":"khawlan","name":"Khawlan","gov":"YE-SN","km2":581,"c":[15.281,44.725]},"geometry":{"type":"Polygon","coordinates":[[[44.655,15.174],[44.661,15.153],[44.663,15.134],[44.686,15.135],[44.734,15.155],[44.758,15.159],[44.771,15.178],[44.765,15.216],[44.757,15.242],[44.765,15.266],[44.785,15.283],[44.818,15.265],[44.844,15.254],[44.874,15.254],[44.906,15.271],[44.933,15.3],[44.952,15.325],[44.958,15.34],[44.935,15.347],[44.917,15.357],[44.872,15.394],[44.837,15.411],[44.807,15.415],[44.803,15.345],[44.798,15.336],[44.79,15.327],[44.779,15.323],[44.757,15.322],[44.745,15.317],[44.722,15.323],[44.706,15.332],[44.694,15.351],[44.694,15.357],[44.677,15.349],[44.666,15.341],[44.644,15.346],[44.609,15.351],[44.606,15.341],[44.606,15.333],[44.593,15.311],[44.591,15.296],[44.59,15.286],[44.598,15.28],[44.598,15.267],[44.581,15.251],[44.573,15.251],[44.57,15.24],[44.573,15.227],[44.595,15.207],[44.619,15.199],[44.635,15.19],[44.655,15.174]]]}},{"type":"Feature","properties":{"id":"at-tyal","name":"At Tyal","gov":"YE-SN","km2":431,"c":[15.396,44.538]},"geometry":{"type":"MultiPolygon","coordinates":[[[[44.627,15.059],[44.644,15.065],[44.648,15.084],[44.661,15.096],[44.665,15.123],[44.663,15.134],[44.661,15.153],[44.655,15.174],[44.578,15.158],[44.596,15.142],[44.614,15.112],[44.618,15.084],[44.627,15.059]]],[[[44.591,15.296],[44.593,15.311],[44.606,15.333],[44.606,15.341],[44.609,15.351],[44.644,15.346],[44.666,15.341],[44.677,15.349],[44.694,15.357],[44.695,15.385],[44.686,15.408],[44.681,15.419],[44.675,15.426],[44.665,15.431],[44.652,15.429],[44.613,15.41],[44.596,15.406],[44.562,15.406],[44.555,15.408],[44.548,15.42],[44.535,15.436],[44.536,15.439],[44.543,15.44],[44.541,15.457],[44.529,15.464],[44.529,15.473],[44.515,15.471],[44.502,15.48],[44.499,15.481],[44.496,15.479],[44.494,15.467],[44.479,15.463],[44.467,15.463],[44.445,15.457],[44.429,15.45],[44.418,15.443],[44.401,15.41],[44.392,15.385],[44.384,15.376],[44.39,15.364],[44.41,15.364],[44.433,15.377],[44.443,15.38],[44.452,15.372],[44.45,15.354],[44.436,15.337],[44.431,15.327],[44.515,15.311],[44.556,15.307],[44.585,15.296],[44.591,15.296]]]]}},{"type":"Feature","properties":{"id":"bani-dabyan","name":"Bani Dabyan","gov":"YE-SN","km2":1778,"c":[15.07,44.847]},"geometry":{"type":"Polygon","coordinates":[[[44.962,14.806],[44.958,14.839],[44.937,14.939],[44.937,14.946],[44.945,14.964],[44.962,14.99],[44.979,15.009],[45.013,15.063],[45.02,15.075],[45.026,15.08],[45.044,15.085],[45.058,15.095],[45.069,15.109],[45.08,15.122],[45.105,15.266],[45.106,15.283],[45.034,15.315],[44.958,15.34],[44.952,15.325],[44.933,15.3],[44.906,15.271],[44.874,15.254],[44.844,15.254],[44.818,15.265],[44.785,15.283],[44.765,15.266],[44.757,15.242],[44.765,15.216],[44.771,15.178],[44.758,15.159],[44.734,15.155],[44.686,15.135],[44.663,15.134],[44.665,15.123],[44.661,15.096],[44.648,15.084],[44.644,15.065],[44.627,15.059],[44.648,15.014],[44.681,15.018],[44.69,15.016],[44.697,15.012],[44.701,15.008],[44.702,15.002],[44.706,14.93],[44.714,14.862],[44.75,14.858],[44.765,14.836],[44.795,14.813],[44.829,14.76],[44.886,14.79],[44.931,14.802],[44.962,14.806]]]}},{"type":"Feature","properties":{"id":"al-hissn","name":"Al Hissn","gov":"YE-SN","km2":366,"c":[15.03,44.471]},"geometry":{"type":"Polygon","coordinates":[[[44.432,15.104],[44.418,15.098],[44.369,15.07],[44.361,15.019],[44.363,14.998],[44.367,14.984],[44.371,14.982],[44.378,14.97],[44.391,14.958],[44.438,14.935],[44.46,14.939],[44.511,14.955],[44.536,14.971],[44.544,14.981],[44.632,15.012],[44.648,15.014],[44.627,15.059],[44.611,15.057],[44.531,15.09],[44.507,15.095],[44.487,15.076],[44.469,15.073],[44.448,15.104],[44.437,15.106],[44.432,15.104]]]}},{"type":"Feature","properties":{"id":"dar-sa-d","name":"Dar Sa'd","gov":"YE-AD","km2":90,"c":[12.908,44.982]},"geometry":{"type":"Polygon","coordinates":[[[45.043,12.943],[44.963,12.951],[44.956,12.95],[44.897,12.923],[44.926,12.88],[44.97,12.879],[44.978,12.883],[44.98,12.882],[44.979,12.879],[44.987,12.885],[45,12.888],[45.047,12.923],[45.043,12.943]]]}},{"type":"Feature","properties":{"id":"melhan","name":"Melhan","gov":"YE-MW","km2":331,"c":[15.328,43.34]},"geometry":{"type":"Polygon","coordinates":[[[43.273,15.293],[43.282,15.275],[43.304,15.248],[43.311,15.236],[43.323,15.234],[43.335,15.223],[43.344,15.219],[43.359,15.218],[43.369,15.209],[43.37,15.202],[43.374,15.198],[43.376,15.196],[43.385,15.193],[43.391,15.198],[43.394,15.207],[43.394,15.219],[43.397,15.229],[43.398,15.241],[43.397,15.253],[43.4,15.258],[43.414,15.26],[43.422,15.274],[43.402,15.279],[43.397,15.305],[43.397,15.324],[43.391,15.347],[43.392,15.356],[43.388,15.373],[43.389,15.381],[43.385,15.39],[43.386,15.396],[43.39,15.397],[43.387,15.405],[43.381,15.412],[43.366,15.415],[43.361,15.419],[43.356,15.419],[43.352,15.424],[43.356,15.425],[43.355,15.429],[43.344,15.447],[43.337,15.454],[43.315,15.448],[43.303,15.442],[43.27,15.434],[43.257,15.435],[43.244,15.438],[43.24,15.431],[43.251,15.418],[43.257,15.391],[43.256,15.39],[43.252,15.371],[43.252,15.362],[43.248,15.354],[43.25,15.33],[43.252,15.322],[43.263,15.305],[43.273,15.293]]]}},{"type":"Feature","properties":{"id":"ash-shaykh-othman","name":"Ash Shaykh Othman","gov":"YE-AD","km2":28,"c":[12.882,45.013]},"geometry":{"type":"Polygon","coordinates":[[[45.047,12.923],[45,12.888],[44.987,12.885],[44.979,12.879],[44.985,12.872],[44.99,12.869],[44.99,12.865],[44.999,12.867],[45.009,12.865],[45.022,12.848],[45.031,12.848],[45.048,12.909],[45.049,12.913],[45.047,12.923]]]}},{"type":"Feature","properties":{"id":"yafi","name":"Yafi'","gov":"YE-LA","km2":241,"c":[13.851,45.226]},"geometry":{"type":"Polygon","coordinates":[[[45.331,13.92],[45.324,13.925],[45.298,13.923],[45.286,13.924],[45.269,13.927],[45.25,13.928],[45.236,13.927],[45.228,13.924],[45.198,13.902],[45.183,13.894],[45.172,13.887],[45.159,13.881],[45.157,13.878],[45.147,13.871],[45.127,13.852],[45.105,13.843],[45.096,13.85],[45.087,13.83],[45.101,13.831],[45.109,13.83],[45.127,13.835],[45.142,13.833],[45.16,13.834],[45.167,13.833],[45.188,13.819],[45.191,13.813],[45.195,13.802],[45.202,13.795],[45.216,13.793],[45.232,13.809],[45.236,13.81],[45.243,13.809],[45.252,13.8],[45.256,13.803],[45.27,13.798],[45.294,13.799],[45.299,13.8],[45.311,13.808],[45.323,13.812],[45.335,13.812],[45.343,13.815],[45.34,13.83],[45.324,13.862],[45.325,13.899],[45.331,13.92]]]}},{"type":"Feature","properties":{"id":"al-mu-alla","name":"Al Mu'alla","gov":"YE-AD","km2":4,"c":[12.792,45.012]},"geometry":{"type":"MultiPolygon","coordinates":[[[[45.025,12.804],[45.021,12.796],[45.023,12.795],[45.021,12.793],[45.019,12.795],[45.018,12.793],[45.013,12.794],[45.002,12.799],[45.003,12.797],[45,12.797],[45.001,12.793],[44.998,12.796],[44.997,12.794],[44.998,12.792],[44.999,12.792],[44.999,12.787],[45.005,12.787],[45.006,12.778],[45.009,12.779],[45.015,12.782],[45.017,12.785],[45.026,12.788],[45.027,12.794],[45.024,12.797],[45.025,12.804]]],[[[45.011,12.802],[45.011,12.804],[45.009,12.802],[45.011,12.802]]]]}},{"type":"Feature","properties":{"id":"al-mansurah","name":"Al Mansurah","gov":"YE-AD","km2":36,"c":[12.862,44.963]},"geometry":{"type":"Polygon","coordinates":[[[45.001,12.844],[44.992,12.849],[44.992,12.853],[45,12.851],[44.999,12.847],[45.005,12.848],[45.007,12.849],[45.006,12.848],[45.009,12.847],[45.01,12.845],[45.015,12.845],[45.018,12.844],[45.019,12.845],[45.022,12.848],[45.009,12.865],[44.999,12.867],[44.99,12.865],[44.99,12.869],[44.985,12.872],[44.979,12.879],[44.98,12.882],[44.978,12.883],[44.97,12.879],[44.926,12.88],[44.961,12.827],[44.968,12.827],[44.978,12.828],[44.988,12.825],[44.989,12.813],[44.985,12.812],[44.983,12.808],[44.977,12.806],[44.974,12.801],[44.974,12.799],[44.983,12.803],[44.987,12.802],[44.999,12.806],[44.997,12.81],[44.993,12.809],[44.99,12.811],[44.988,12.836],[44.99,12.839],[44.988,12.839],[44.988,12.842],[44.99,12.849],[45.001,12.844],[45.001,12.844]]]}},{"type":"Feature","properties":{"id":"al-burayqah","name":"Al Burayqah","gov":"YE-AD","km2":562,"c":[12.829,44.891]},"geometry":{"type":"Polygon","coordinates":[[[44.897,12.923],[44.884,12.917],[44.828,12.883],[44.673,12.868],[44.484,12.85],[44.447,12.789],[44.437,12.763],[44.406,12.681],[44.415,12.678],[44.417,12.673],[44.415,12.67],[44.419,12.67],[44.451,12.714],[44.484,12.754],[44.497,12.767],[44.509,12.779],[44.532,12.795],[44.553,12.806],[44.569,12.812],[44.596,12.817],[44.625,12.816],[44.662,12.809],[44.685,12.8],[44.708,12.784],[44.724,12.767],[44.721,12.772],[44.724,12.771],[44.725,12.773],[44.726,12.773],[44.727,12.774],[44.727,12.774],[44.729,12.776],[44.733,12.77],[44.734,12.77],[44.738,12.766],[44.738,12.763],[44.736,12.762],[44.732,12.757],[44.731,12.759],[44.728,12.759],[44.724,12.767],[44.728,12.753],[44.724,12.751],[44.721,12.752],[44.722,12.75],[44.72,12.748],[44.717,12.749],[44.721,12.746],[44.721,12.741],[44.723,12.739],[44.73,12.745],[44.737,12.749],[44.735,12.75],[44.735,12.753],[44.737,12.754],[44.738,12.752],[44.74,12.756],[44.742,12.756],[44.743,12.755],[44.743,12.75],[44.745,12.752],[44.745,12.755],[44.743,12.756],[44.744,12.758],[44.759,12.767],[44.78,12.773],[44.793,12.773],[44.806,12.771],[44.816,12.767],[44.827,12.758],[44.828,12.756],[44.826,12.754],[44.827,12.749],[44.825,12.748],[44.825,12.746],[44.823,12.747],[44.822,12.744],[44.822,12.739],[44.826,12.737],[44.826,12.735],[44.833,12.734],[44.839,12.732],[44.842,12.728],[44.84,12.725],[44.844,12.723],[44.853,12.729],[44.857,12.73],[44.859,12.728],[44.866,12.731],[44.873,12.73],[44.874,12.725],[44.875,12.725],[44.874,12.726],[44.876,12.728],[44.874,12.732],[44.876,12.735],[44.876,12.736],[44.879,12.737],[44.885,12.734],[44.883,12.731],[44.884,12.728],[44.884,12.729],[44.887,12.729],[44.885,12.733],[44.887,12.735],[44.893,12.729],[44.889,12.734],[44.891,12.735],[44.884,12.741],[44.885,12.742],[44.888,12.742],[44.886,12.743],[44.887,12.743],[44.886,12.744],[44.888,12.746],[44.889,12.745],[44.888,12.747],[44.89,12.745],[44.89,12.748],[44.892,12.75],[44.9,12.751],[44.902,12.75],[44.902,12.744],[44.906,12.742],[44.907,12.746],[44.91,12.746],[44.912,12.743],[44.913,12.742],[44.913,12.745],[44.914,12.746],[44.917,12.746],[44.918,12.747],[44.913,12.752],[44.913,12.754],[44.915,12.756],[44.917,12.755],[44.919,12.755],[44.915,12.757],[44.915,12.759],[44.922,12.765],[44.915,12.762],[44.913,12.763],[44.915,12.765],[44.913,12.764],[44.911,12.767],[44.905,12.766],[44.891,12.767],[44.891,12.765],[44.89,12.767],[44.884,12.766],[44.881,12.768],[44.878,12.768],[44.875,12.77],[44.869,12.776],[44.862,12.774],[44.857,12.777],[44.856,12.776],[44.852,12.775],[44.85,12.772],[44.846,12.774],[44.844,12.773],[44.842,12.77],[44.838,12.778],[44.841,12.781],[44.84,12.785],[44.843,12.788],[44.841,12.778],[44.851,12.799],[44.857,12.799],[44.861,12.803],[44.869,12.799],[44.868,12.789],[44.878,12.782],[44.883,12.776],[44.883,12.773],[44.886,12.771],[44.89,12.773],[44.889,12.769],[44.891,12.768],[44.892,12.77],[44.891,12.775],[44.894,12.779],[44.895,12.789],[44.9,12.799],[44.907,12.81],[44.916,12.819],[44.923,12.822],[44.924,12.819],[44.923,12.824],[44.924,12.825],[44.925,12.819],[44.925,12.822],[44.936,12.825],[44.961,12.827],[44.926,12.88],[44.897,12.923]]]}},{"type":"Feature","properties":{"id":"at-tawahi","name":"At Tawahi","gov":"YE-AD","km2":9,"c":[12.779,44.988]},"geometry":{"type":"Polygon","coordinates":[[[44.998,12.796],[44.995,12.796],[44.995,12.793],[44.994,12.792],[44.988,12.794],[44.985,12.791],[44.981,12.792],[44.977,12.789],[44.977,12.791],[44.976,12.787],[44.975,12.789],[44.973,12.789],[44.97,12.79],[44.973,12.788],[44.972,12.786],[44.974,12.782],[44.972,12.78],[44.971,12.781],[44.97,12.778],[44.974,12.776],[44.976,12.777],[44.978,12.777],[44.983,12.773],[44.984,12.775],[44.987,12.773],[44.988,12.772],[44.986,12.769],[44.988,12.77],[44.99,12.767],[44.989,12.765],[44.986,12.765],[44.987,12.763],[44.992,12.766],[44.995,12.766],[44.996,12.765],[44.995,12.764],[45,12.762],[44.998,12.759],[45,12.756],[45.003,12.759],[45.005,12.759],[45.009,12.779],[45.006,12.778],[45.005,12.787],[44.999,12.787],[44.999,12.792],[44.998,12.792],[44.997,12.794],[44.998,12.796]]]}},{"type":"Feature","properties":{"id":"kritar-sirah","name":"Kritar - Sirah","gov":"YE-AD","km2":14,"c":[12.771,45.035]},"geometry":{"type":"Polygon","coordinates":[[[45.027,12.794],[45.026,12.788],[45.017,12.785],[45.015,12.782],[45.009,12.779],[45.005,12.759],[45.009,12.755],[45.01,12.756],[45.015,12.754],[45.016,12.756],[45.024,12.754],[45.026,12.755],[45.028,12.751],[45.03,12.754],[45.034,12.755],[45.036,12.754],[45.037,12.755],[45.04,12.758],[45.038,12.76],[45.039,12.762],[45.044,12.766],[45.049,12.766],[45.054,12.761],[45.055,12.766],[45.047,12.768],[45.046,12.771],[45.046,12.775],[45.048,12.775],[45.046,12.777],[45.048,12.778],[45.049,12.777],[45.052,12.78],[45.049,12.782],[45.047,12.778],[45.046,12.778],[45.044,12.781],[45.045,12.782],[45.043,12.781],[45.044,12.783],[45.043,12.786],[45.04,12.79],[45.034,12.787],[45.031,12.792],[45.027,12.794]]]}},{"type":"Feature","properties":{"id":"al-had","name":"Al Had","gov":"YE-LA","km2":308,"c":[13.945,45.215]},"geometry":{"type":"Polygon","coordinates":[[[45.381,13.911],[45.377,13.923],[45.376,13.929],[45.383,13.972],[45.383,13.986],[45.382,14.001],[45.381,14.008],[45.371,14.027],[45.37,14.034],[45.373,14.048],[45.369,14.054],[45.362,14.057],[45.355,14.058],[45.334,14.053],[45.317,14.041],[45.29,14.026],[45.26,13.995],[45.249,13.989],[45.234,13.983],[45.214,13.981],[45.192,13.973],[45.184,13.973],[45.18,13.978],[45.173,13.98],[45.163,13.982],[45.156,13.977],[45.152,13.98],[45.147,13.981],[45.143,13.979],[45.142,13.976],[45.138,13.977],[45.139,13.971],[45.132,13.974],[45.129,13.969],[45.13,13.967],[45.134,13.966],[45.13,13.952],[45.129,13.933],[45.122,13.909],[45.122,13.908],[45.119,13.908],[45.119,13.907],[45.12,13.905],[45.125,13.903],[45.123,13.9],[45.12,13.899],[45.119,13.897],[45.116,13.897],[45.11,13.889],[45.109,13.883],[45.103,13.875],[45.104,13.866],[45.099,13.863],[45.096,13.85],[45.105,13.843],[45.127,13.852],[45.147,13.871],[45.157,13.878],[45.159,13.881],[45.172,13.887],[45.183,13.894],[45.198,13.902],[45.228,13.924],[45.236,13.927],[45.25,13.928],[45.269,13.927],[45.286,13.924],[45.298,13.923],[45.324,13.925],[45.331,13.92],[45.345,13.914],[45.381,13.911]]]}},{"type":"Feature","properties":{"id":"al-maflahi","name":"Al Maflahi","gov":"YE-LA","km2":112,"c":[13.785,45.123]},"geometry":{"type":"Polygon","coordinates":[[[45.087,13.83],[45.082,13.826],[45.079,13.813],[45.074,13.809],[45.074,13.806],[45.072,13.802],[45.074,13.797],[45.069,13.79],[45.073,13.786],[45.083,13.781],[45.092,13.773],[45.103,13.769],[45.104,13.764],[45.099,13.759],[45.085,13.75],[45.061,13.731],[45.079,13.732],[45.091,13.735],[45.101,13.739],[45.119,13.75],[45.134,13.753],[45.141,13.753],[45.153,13.75],[45.168,13.756],[45.18,13.757],[45.187,13.756],[45.191,13.757],[45.198,13.763],[45.198,13.775],[45.202,13.795],[45.195,13.802],[45.191,13.813],[45.188,13.819],[45.167,13.833],[45.16,13.834],[45.142,13.833],[45.127,13.835],[45.109,13.83],[45.101,13.831],[45.087,13.83]]]}},{"type":"Feature","properties":{"id":"yahr","name":"Yahr","gov":"YE-LA","km2":223,"c":[13.729,45.175]},"geometry":{"type":"Polygon","coordinates":[[[45.252,13.8],[45.243,13.809],[45.236,13.81],[45.232,13.809],[45.216,13.793],[45.202,13.795],[45.198,13.775],[45.198,13.763],[45.191,13.757],[45.187,13.756],[45.18,13.757],[45.168,13.756],[45.153,13.75],[45.141,13.753],[45.134,13.753],[45.119,13.75],[45.101,13.739],[45.091,13.735],[45.079,13.732],[45.061,13.731],[45.032,13.707],[45.023,13.702],[45.051,13.669],[45.072,13.655],[45.098,13.646],[45.115,13.642],[45.133,13.635],[45.142,13.641],[45.16,13.646],[45.175,13.653],[45.173,13.659],[45.174,13.673],[45.173,13.684],[45.178,13.689],[45.19,13.692],[45.224,13.705],[45.243,13.706],[45.254,13.715],[45.255,13.722],[45.248,13.734],[45.246,13.741],[45.246,13.748],[45.243,13.754],[45.239,13.76],[45.237,13.767],[45.245,13.793],[45.252,13.8]]]}},{"type":"Feature","properties":{"id":"al-malah","name":"Al Malah","gov":"YE-LA","km2":1025,"c":[13.427,44.875]},"geometry":{"type":"Polygon","coordinates":[[[45.144,13.39],[45.122,13.404],[45.115,13.405],[45.07,13.41],[45.041,13.408],[45.036,13.413],[45.028,13.425],[45.016,13.437],[45.002,13.438],[44.987,13.436],[44.98,13.434],[44.968,13.426],[44.961,13.425],[44.94,13.431],[44.912,13.473],[44.907,13.479],[44.885,13.484],[44.856,13.484],[44.833,13.487],[44.813,13.496],[44.807,13.5],[44.798,13.511],[44.778,13.522],[44.758,13.53],[44.728,13.535],[44.721,13.537],[44.712,13.548],[44.709,13.554],[44.709,13.561],[44.713,13.575],[44.709,13.576],[44.702,13.575],[44.694,13.573],[44.687,13.569],[44.666,13.567],[44.663,13.567],[44.655,13.559],[44.676,13.549],[44.694,13.537],[44.699,13.532],[44.704,13.519],[44.707,13.505],[44.72,13.488],[44.716,13.48],[44.716,13.471],[44.723,13.46],[44.733,13.454],[44.733,13.45],[44.736,13.448],[44.737,13.444],[44.737,13.44],[44.729,13.428],[44.729,13.398],[44.736,13.383],[44.742,13.345],[44.749,13.322],[44.75,13.299],[44.835,13.3],[44.879,13.293],[44.926,13.278],[44.959,13.254],[44.997,13.232],[45.031,13.216],[45.071,13.198],[45.107,13.186],[45.11,13.199],[45.128,13.227],[45.156,13.256],[45.168,13.276],[45.171,13.287],[45.171,13.308],[45.157,13.33],[45.147,13.343],[45.144,13.355],[45.144,13.39]]]}},{"type":"Feature","properties":{"id":"tur-al-bahah","name":"Tur Al Bahah","gov":"YE-LA","km2":1832,"c":[13.124,44.408]},"geometry":{"type":"Polygon","coordinates":[[[44.291,13.209],[44.29,13.203],[44.285,13.198],[44.285,13.184],[44.294,13.173],[44.292,13.166],[44.276,13.151],[44.272,13.145],[44.269,13.138],[44.26,13.128],[44.255,13.114],[44.251,13.109],[44.244,13.106],[44.23,13.105],[44.224,13.102],[44.22,13.081],[44.225,13.077],[44.226,13.07],[44.212,13.064],[44.208,13.043],[44.203,13.041],[44.264,12.993],[44.268,12.982],[44.259,12.972],[44.26,12.964],[44.277,12.931],[44.344,12.856],[44.437,12.763],[44.447,12.789],[44.484,12.85],[44.673,12.868],[44.677,12.877],[44.69,12.923],[44.701,12.972],[44.71,13.023],[44.718,13.099],[44.719,13.144],[44.718,13.167],[44.692,13.167],[44.664,13.161],[44.629,13.162],[44.606,13.166],[44.586,13.162],[44.565,13.166],[44.521,13.162],[44.517,13.168],[44.518,13.189],[44.516,13.196],[44.501,13.197],[44.487,13.199],[44.481,13.203],[44.477,13.208],[44.474,13.215],[44.467,13.217],[44.446,13.213],[44.445,13.214],[44.434,13.213],[44.425,13.215],[44.422,13.212],[44.409,13.208],[44.397,13.2],[44.39,13.199],[44.383,13.202],[44.38,13.209],[44.377,13.222],[44.38,13.229],[44.379,13.236],[44.373,13.24],[44.366,13.239],[44.36,13.235],[44.357,13.229],[44.318,13.21],[44.311,13.208],[44.305,13.212],[44.291,13.209]]]}},{"type":"Feature","properties":{"id":"habil-jabr","name":"Habil Jabr","gov":"YE-LA","km2":527,"c":[13.612,45.102]},"geometry":{"type":"Polygon","coordinates":[[[45.175,13.653],[45.16,13.646],[45.142,13.641],[45.133,13.635],[45.115,13.642],[45.098,13.646],[45.072,13.655],[45.051,13.669],[45.023,13.702],[45.006,13.696],[44.989,13.695],[44.97,13.689],[44.943,13.674],[44.924,13.647],[44.912,13.634],[44.903,13.629],[44.885,13.62],[44.879,13.615],[44.87,13.596],[44.869,13.583],[44.881,13.574],[44.91,13.573],[44.925,13.564],[44.955,13.552],[44.966,13.534],[44.971,13.534],[44.987,13.537],[44.992,13.532],[45,13.516],[45.011,13.504],[45.016,13.502],[45.043,13.506],[45.05,13.509],[45.057,13.519],[45.064,13.523],[45.093,13.53],[45.117,13.541],[45.135,13.547],[45.152,13.55],[45.16,13.55],[45.183,13.542],[45.219,13.579],[45.235,13.592],[45.26,13.607],[45.274,13.631],[45.284,13.645],[45.283,13.648],[45.276,13.648],[45.273,13.647],[45.267,13.647],[45.266,13.651],[45.267,13.655],[45.258,13.659],[45.252,13.657],[45.24,13.661],[45.241,13.664],[45.255,13.673],[45.255,13.676],[45.252,13.677],[45.236,13.673],[45.224,13.663],[45.209,13.654],[45.19,13.649],[45.181,13.65],[45.175,13.653]]]}},{"type":"Feature","properties":{"id":"halmin","name":"Halmin","gov":"YE-LA","km2":306,"c":[13.717,44.941]},"geometry":{"type":"Polygon","coordinates":[[[45.074,13.809],[45.053,13.808],[45.045,13.804],[45.017,13.798],[44.995,13.792],[44.979,13.776],[44.96,13.768],[44.956,13.756],[44.953,13.752],[44.948,13.746],[44.942,13.744],[44.937,13.741],[44.929,13.743],[44.919,13.744],[44.903,13.736],[44.894,13.734],[44.889,13.731],[44.883,13.717],[44.872,13.712],[44.867,13.712],[44.861,13.715],[44.848,13.728],[44.838,13.734],[44.833,13.736],[44.825,13.737],[44.811,13.733],[44.807,13.73],[44.81,13.713],[44.817,13.706],[44.821,13.696],[44.821,13.685],[44.824,13.65],[44.835,13.617],[44.833,13.608],[44.835,13.598],[44.832,13.594],[44.842,13.589],[44.864,13.587],[44.869,13.583],[44.87,13.596],[44.879,13.615],[44.885,13.62],[44.903,13.629],[44.912,13.634],[44.924,13.647],[44.943,13.674],[44.97,13.689],[44.989,13.695],[45.006,13.696],[45.023,13.702],[45.032,13.707],[45.061,13.731],[45.085,13.75],[45.099,13.759],[45.104,13.764],[45.103,13.769],[45.092,13.773],[45.083,13.781],[45.073,13.786],[45.069,13.79],[45.074,13.797],[45.072,13.802],[45.074,13.806],[45.074,13.809]]]}},{"type":"Feature","properties":{"id":"radfan","name":"Radfan","gov":"YE-LA","km2":608,"c":[13.494,45.009]},"geometry":{"type":"Polygon","coordinates":[[[45.242,13.416],[45.233,13.417],[45.229,13.423],[45.229,13.43],[45.231,13.433],[45.229,13.435],[45.223,13.436],[45.212,13.432],[45.205,13.435],[45.201,13.44],[45.182,13.451],[45.185,13.457],[45.178,13.477],[45.183,13.482],[45.182,13.489],[45.177,13.494],[45.177,13.501],[45.171,13.505],[45.169,13.519],[45.169,13.526],[45.183,13.542],[45.16,13.55],[45.152,13.55],[45.135,13.547],[45.117,13.541],[45.093,13.53],[45.064,13.523],[45.057,13.519],[45.05,13.509],[45.043,13.506],[45.016,13.502],[45.011,13.504],[45,13.516],[44.992,13.532],[44.987,13.537],[44.971,13.534],[44.966,13.534],[44.955,13.552],[44.925,13.564],[44.91,13.573],[44.881,13.574],[44.869,13.583],[44.864,13.587],[44.842,13.589],[44.832,13.594],[44.828,13.589],[44.823,13.586],[44.807,13.584],[44.767,13.596],[44.759,13.599],[44.753,13.599],[44.749,13.597],[44.745,13.584],[44.739,13.579],[44.731,13.576],[44.713,13.575],[44.709,13.561],[44.709,13.554],[44.712,13.548],[44.721,13.537],[44.728,13.535],[44.758,13.53],[44.778,13.522],[44.798,13.511],[44.807,13.5],[44.813,13.496],[44.833,13.487],[44.856,13.484],[44.885,13.484],[44.907,13.479],[44.912,13.473],[44.94,13.431],[44.961,13.425],[44.968,13.426],[44.98,13.434],[44.987,13.436],[45.002,13.438],[45.016,13.437],[45.028,13.425],[45.036,13.413],[45.041,13.408],[45.07,13.41],[45.115,13.405],[45.122,13.404],[45.144,13.39],[45.233,13.38],[45.255,13.38],[45.258,13.382],[45.258,13.386],[45.254,13.391],[45.248,13.404],[45.241,13.407],[45.242,13.416]]]}},{"type":"Feature","properties":{"id":"hufash","name":"Hufash","gov":"YE-MW","km2":146,"c":[15.383,43.422]},"geometry":{"type":"Polygon","coordinates":[[[43.422,15.274],[43.426,15.278],[43.426,15.285],[43.431,15.293],[43.437,15.313],[43.445,15.311],[43.454,15.314],[43.455,15.316],[43.461,15.319],[43.474,15.321],[43.48,15.326],[43.481,15.345],[43.478,15.368],[43.477,15.379],[43.466,15.382],[43.461,15.391],[43.463,15.404],[43.461,15.406],[43.457,15.432],[43.451,15.436],[43.436,15.431],[43.433,15.429],[43.428,15.43],[43.425,15.432],[43.419,15.443],[43.415,15.446],[43.415,15.449],[43.411,15.455],[43.408,15.467],[43.404,15.476],[43.384,15.475],[43.376,15.47],[43.372,15.464],[43.373,15.457],[43.378,15.454],[43.384,15.445],[43.381,15.412],[43.387,15.405],[43.39,15.397],[43.386,15.396],[43.385,15.39],[43.389,15.381],[43.388,15.373],[43.392,15.356],[43.391,15.347],[43.397,15.324],[43.397,15.305],[43.402,15.279],[43.422,15.274]]]}},{"type":"Feature","properties":{"id":"bani-sa-d","name":"Bani Sa'd","gov":"YE-MW","km2":556,"c":[15.237,43.526]},"geometry":{"type":"Polygon","coordinates":[[[43.512,15.048],[43.519,15.052],[43.525,15.06],[43.529,15.074],[43.529,15.084],[43.531,15.088],[43.54,15.095],[43.548,15.095],[43.553,15.101],[43.556,15.111],[43.563,15.114],[43.564,15.121],[43.556,15.146],[43.55,15.16],[43.549,15.18],[43.555,15.204],[43.557,15.208],[43.561,15.21],[43.56,15.215],[43.569,15.225],[43.574,15.225],[43.575,15.228],[43.579,15.229],[43.578,15.233],[43.58,15.236],[43.586,15.236],[43.589,15.238],[43.592,15.235],[43.599,15.238],[43.605,15.236],[43.613,15.24],[43.616,15.238],[43.619,15.243],[43.626,15.244],[43.626,15.247],[43.63,15.251],[43.629,15.256],[43.63,15.256],[43.636,15.253],[43.643,15.255],[43.645,15.261],[43.641,15.266],[43.643,15.267],[43.643,15.27],[43.643,15.28],[43.619,15.307],[43.616,15.315],[43.607,15.323],[43.602,15.326],[43.6,15.328],[43.569,15.322],[43.565,15.324],[43.562,15.328],[43.556,15.327],[43.555,15.335],[43.557,15.338],[43.553,15.346],[43.542,15.345],[43.542,15.357],[43.539,15.359],[43.538,15.389],[43.519,15.409],[43.519,15.414],[43.499,15.421],[43.495,15.424],[43.494,15.42],[43.491,15.418],[43.491,15.399],[43.484,15.381],[43.489,15.371],[43.478,15.368],[43.481,15.345],[43.48,15.326],[43.474,15.321],[43.461,15.319],[43.455,15.316],[43.454,15.314],[43.445,15.311],[43.437,15.313],[43.431,15.293],[43.426,15.285],[43.426,15.278],[43.422,15.274],[43.414,15.26],[43.4,15.258],[43.397,15.253],[43.398,15.241],[43.397,15.229],[43.394,15.219],[43.394,15.207],[43.391,15.198],[43.385,15.193],[43.402,15.173],[43.421,15.147],[43.43,15.131],[43.434,15.116],[43.437,15.097],[43.44,15.089],[43.446,15.082],[43.457,15.074],[43.476,15.068],[43.48,15.065],[43.487,15.054],[43.496,15.048],[43.507,15.047],[43.512,15.048]]]}},{"type":"Feature","properties":{"id":"al-musaymir","name":"Al Musaymir","gov":"YE-LA","km2":558,"c":[13.47,44.6]},"geometry":{"type":"Polygon","coordinates":[[[44.419,13.498],[44.435,13.485],[44.448,13.478],[44.455,13.477],[44.47,13.478],[44.478,13.477],[44.516,13.456],[44.607,13.4],[44.61,13.398],[44.639,13.373],[44.641,13.366],[44.642,13.345],[44.646,13.331],[44.651,13.317],[44.664,13.299],[44.681,13.287],[44.724,13.272],[44.725,13.278],[44.732,13.29],[44.746,13.299],[44.75,13.299],[44.749,13.322],[44.742,13.345],[44.736,13.383],[44.729,13.398],[44.729,13.428],[44.737,13.44],[44.737,13.444],[44.736,13.448],[44.733,13.45],[44.733,13.454],[44.723,13.46],[44.716,13.471],[44.716,13.48],[44.72,13.488],[44.707,13.505],[44.704,13.519],[44.699,13.532],[44.694,13.537],[44.676,13.549],[44.655,13.559],[44.652,13.556],[44.628,13.545],[44.604,13.545],[44.584,13.551],[44.557,13.567],[44.551,13.574],[44.548,13.574],[44.549,13.581],[44.546,13.584],[44.544,13.583],[44.541,13.585],[44.512,13.588],[44.51,13.572],[44.505,13.562],[44.491,13.55],[44.48,13.551],[44.476,13.55],[44.474,13.546],[44.47,13.543],[44.471,13.535],[44.466,13.53],[44.451,13.526],[44.426,13.526],[44.423,13.522],[44.426,13.505],[44.423,13.501],[44.419,13.498]]]}},{"type":"Feature","properties":{"id":"al-mahwit-city","name":"Al Mahwit City","gov":"YE-MW","km2":15,"c":[15.462,43.552]},"geometry":{"type":"Polygon","coordinates":[[[43.564,15.452],[43.563,15.456],[43.564,15.465],[43.559,15.477],[43.559,15.486],[43.552,15.495],[43.537,15.486],[43.535,15.469],[43.527,15.467],[43.527,15.464],[43.542,15.454],[43.558,15.432],[43.564,15.433],[43.565,15.448],[43.564,15.452]]]}},{"type":"Feature","properties":{"id":"al-qubaytah","name":"Al Qubaytah","gov":"YE-LA","km2":1039,"c":[13.322,44.427]},"geometry":{"type":"Polygon","coordinates":[[[44.333,13.458],[44.331,13.451],[44.341,13.44],[44.347,13.439],[44.361,13.444],[44.374,13.444],[44.411,13.422],[44.431,13.4],[44.438,13.379],[44.436,13.376],[44.429,13.373],[44.411,13.38],[44.383,13.381],[44.376,13.381],[44.366,13.385],[44.349,13.385],[44.333,13.384],[44.33,13.382],[44.325,13.373],[44.31,13.368],[44.293,13.368],[44.294,13.357],[44.297,13.356],[44.301,13.357],[44.306,13.363],[44.318,13.36],[44.322,13.355],[44.329,13.354],[44.338,13.344],[44.338,13.338],[44.336,13.332],[44.328,13.316],[44.326,13.303],[44.326,13.298],[44.333,13.288],[44.341,13.268],[44.336,13.253],[44.337,13.24],[44.334,13.234],[44.313,13.223],[44.309,13.219],[44.307,13.213],[44.305,13.212],[44.311,13.208],[44.318,13.21],[44.357,13.229],[44.36,13.235],[44.366,13.239],[44.373,13.24],[44.379,13.236],[44.38,13.229],[44.377,13.222],[44.38,13.209],[44.383,13.202],[44.39,13.199],[44.397,13.2],[44.409,13.208],[44.422,13.212],[44.425,13.215],[44.434,13.213],[44.445,13.214],[44.446,13.213],[44.467,13.217],[44.474,13.215],[44.477,13.208],[44.481,13.203],[44.487,13.199],[44.501,13.197],[44.516,13.196],[44.518,13.189],[44.517,13.168],[44.521,13.162],[44.565,13.166],[44.586,13.162],[44.606,13.166],[44.629,13.162],[44.664,13.161],[44.692,13.167],[44.718,13.167],[44.721,13.225],[44.724,13.242],[44.724,13.272],[44.681,13.287],[44.664,13.299],[44.651,13.317],[44.646,13.331],[44.642,13.345],[44.641,13.366],[44.639,13.373],[44.61,13.398],[44.607,13.4],[44.516,13.456],[44.478,13.477],[44.47,13.478],[44.455,13.477],[44.448,13.478],[44.435,13.485],[44.419,13.498],[44.413,13.495],[44.401,13.497],[44.387,13.496],[44.382,13.494],[44.376,13.482],[44.363,13.485],[44.358,13.478],[44.351,13.477],[44.345,13.48],[44.342,13.48],[44.336,13.475],[44.336,13.465],[44.333,13.458]]]}},{"type":"Feature","properties":{"id":"tuban","name":"Tuban","gov":"YE-LA","km2":1633,"c":[13.099,44.863]},"geometry":{"type":"Polygon","coordinates":[[[45.096,12.936],[45.095,12.956],[45.107,13.186],[45.071,13.198],[45.031,13.216],[44.997,13.232],[44.959,13.254],[44.926,13.278],[44.879,13.293],[44.835,13.3],[44.75,13.299],[44.746,13.299],[44.732,13.29],[44.725,13.278],[44.724,13.272],[44.724,13.242],[44.721,13.225],[44.718,13.167],[44.719,13.144],[44.718,13.099],[44.71,13.023],[44.701,12.972],[44.69,12.923],[44.677,12.877],[44.673,12.868],[44.828,12.883],[44.884,12.917],[44.897,12.923],[44.956,12.95],[44.963,12.951],[45.043,12.943],[45.084,12.939],[45.096,12.936]],[[44.865,13.054],[44.865,13.075],[44.876,13.077],[44.885,13.076],[44.892,13.068],[44.888,13.048],[44.873,13.046],[44.865,13.054]]]}},{"type":"Feature","properties":{"id":"majzar","name":"Majzar","gov":"YE-MA","km2":1319,"c":[15.759,44.856]},"geometry":{"type":"Polygon","coordinates":[[[44.847,16.023],[44.838,16.029],[44.715,16.029],[44.593,16.028],[44.575,16.002],[44.628,15.989],[44.641,15.978],[44.645,15.971],[44.672,15.866],[44.678,15.816],[44.685,15.79],[44.729,15.668],[44.763,15.639],[44.786,15.629],[44.79,15.626],[44.792,15.621],[44.791,15.615],[44.78,15.6],[44.838,15.556],[44.849,15.557],[44.869,15.569],[44.874,15.571],[44.886,15.572],[44.901,15.568],[44.911,15.569],[44.903,15.582],[44.89,15.592],[44.877,15.604],[44.874,15.614],[44.876,15.623],[44.886,15.636],[44.889,15.696],[44.892,15.708],[44.899,15.722],[44.905,15.743],[44.909,15.766],[44.913,15.775],[44.919,15.779],[44.927,15.78],[44.951,15.789],[44.964,15.79],[44.974,15.802],[44.977,15.808],[44.986,15.814],[45,15.82],[45.006,15.828],[45.02,15.841],[45.025,15.85],[45.028,15.864],[45.05,15.874],[45.06,15.881],[44.847,16.023]]]}},{"type":"Feature","properties":{"id":"al-maqatirah","name":"Al Maqatirah","gov":"YE-LA","km2":414,"c":[13.134,44.147]},"geometry":{"type":"Polygon","coordinates":[[[43.973,13.052],[44,13.039],[44.021,13.036],[44.04,13.025],[44.047,13.028],[44.048,13.035],[44.053,13.039],[44.061,13.039],[44.078,13.016],[44.084,13.011],[44.09,13.008],[44.097,13.009],[44.11,13.016],[44.117,13.017],[44.124,13.017],[44.14,13.031],[44.146,13.034],[44.153,13.034],[44.166,13.028],[44.172,13.031],[44.177,13.037],[44.196,13.045],[44.202,13.04],[44.203,13.041],[44.208,13.043],[44.212,13.064],[44.226,13.07],[44.225,13.077],[44.22,13.081],[44.224,13.102],[44.23,13.105],[44.244,13.106],[44.251,13.109],[44.255,13.114],[44.26,13.128],[44.269,13.138],[44.272,13.145],[44.276,13.151],[44.292,13.166],[44.294,13.173],[44.285,13.184],[44.285,13.198],[44.29,13.203],[44.291,13.209],[44.279,13.204],[44.275,13.213],[44.271,13.215],[44.265,13.214],[44.231,13.216],[44.219,13.214],[44.205,13.218],[44.196,13.218],[44.189,13.22],[44.184,13.22],[44.18,13.223],[44.18,13.227],[44.184,13.242],[44.175,13.246],[44.171,13.251],[44.165,13.242],[44.165,13.238],[44.168,13.236],[44.176,13.237],[44.177,13.235],[44.173,13.235],[44.169,13.232],[44.166,13.232],[44.165,13.229],[44.167,13.226],[44.166,13.223],[44.172,13.21],[44.176,13.206],[44.17,13.204],[44.162,13.206],[44.158,13.205],[44.138,13.203],[44.132,13.201],[44.13,13.198],[44.129,13.195],[44.132,13.188],[44.155,13.16],[44.155,13.151],[44.103,13.153],[44.095,13.161],[44.091,13.162],[44.089,13.158],[44.084,13.155],[44.085,13.152],[44.082,13.124],[44.085,13.104],[44.084,13.099],[44.082,13.095],[44.078,13.091],[44.072,13.089],[44.051,13.09],[44.04,13.095],[44.025,13.107],[44.01,13.126],[44,13.132],[43.998,13.135],[43.996,13.121],[43.989,13.104],[44.01,13.088],[44.008,13.078],[44.001,13.071],[43.973,13.052]]]}},{"type":"Feature","properties":{"id":"al-madaribah-wa-al-aarah","name":"Al Madaribah Wa Al Aarah","gov":"YE-LA","km2":3466,"c":[12.773,43.958]},"geometry":{"type":"Polygon","coordinates":[[[43.517,12.686],[43.522,12.686],[43.523,12.682],[43.526,12.683],[43.551,12.715],[43.565,12.73],[43.585,12.744],[43.595,12.748],[43.6,12.749],[43.613,12.743],[43.616,12.739],[43.615,12.736],[43.616,12.739],[43.616,12.738],[43.618,12.739],[43.622,12.739],[43.629,12.734],[43.633,12.734],[43.634,12.73],[43.633,12.734],[43.637,12.735],[43.65,12.73],[43.656,12.726],[43.667,12.727],[43.679,12.724],[43.689,12.724],[43.696,12.718],[43.703,12.715],[43.722,12.712],[43.746,12.704],[43.751,12.7],[43.753,12.697],[43.758,12.696],[43.76,12.693],[43.767,12.694],[43.771,12.69],[43.789,12.693],[43.799,12.69],[43.817,12.678],[43.822,12.677],[43.825,12.675],[43.833,12.672],[43.837,12.667],[43.844,12.665],[43.849,12.66],[43.856,12.66],[43.863,12.658],[43.866,12.656],[43.871,12.657],[43.878,12.656],[43.883,12.654],[43.885,12.651],[43.907,12.645],[43.912,12.641],[43.915,12.634],[43.916,12.625],[43.915,12.611],[43.916,12.607],[43.927,12.598],[43.939,12.597],[43.946,12.594],[43.954,12.596],[43.961,12.594],[43.967,12.595],[43.971,12.595],[43.988,12.603],[43.998,12.602],[44.002,12.603],[44.008,12.601],[44.017,12.604],[44.03,12.604],[44.035,12.606],[44.046,12.603],[44.061,12.611],[44.066,12.611],[44.069,12.615],[44.076,12.618],[44.079,12.618],[44.086,12.621],[44.09,12.62],[44.096,12.623],[44.097,12.623],[44.104,12.629],[44.107,12.629],[44.108,12.631],[44.114,12.636],[44.123,12.64],[44.126,12.644],[44.134,12.648],[44.138,12.648],[44.15,12.653],[44.149,12.654],[44.153,12.657],[44.156,12.654],[44.166,12.65],[44.175,12.649],[44.178,12.646],[44.183,12.646],[44.185,12.642],[44.189,12.639],[44.19,12.636],[44.19,12.626],[44.188,12.62],[44.169,12.617],[44.16,12.622],[44.158,12.626],[44.154,12.623],[44.151,12.626],[44.148,12.625],[44.146,12.625],[44.142,12.633],[44.141,12.632],[44.129,12.636],[44.125,12.635],[44.124,12.633],[44.142,12.623],[44.15,12.622],[44.169,12.616],[44.187,12.619],[44.19,12.616],[44.195,12.621],[44.207,12.628],[44.224,12.634],[44.235,12.633],[44.241,12.629],[44.255,12.625],[44.262,12.628],[44.272,12.63],[44.279,12.63],[44.284,12.628],[44.289,12.629],[44.304,12.64],[44.319,12.646],[44.324,12.65],[44.363,12.67],[44.39,12.678],[44.406,12.681],[44.437,12.763],[44.344,12.856],[44.277,12.931],[44.26,12.964],[44.259,12.972],[44.268,12.982],[44.264,12.993],[44.203,13.041],[44.202,13.04],[44.196,13.045],[44.177,13.037],[44.172,13.031],[44.166,13.028],[44.153,13.034],[44.146,13.034],[44.14,13.031],[44.124,13.017],[44.117,13.017],[44.11,13.016],[44.097,13.009],[44.09,13.008],[44.084,13.011],[44.078,13.016],[44.061,13.039],[44.053,13.039],[44.048,13.035],[44.047,13.028],[44.04,13.025],[44.021,13.036],[44,13.039],[43.973,13.052],[43.946,13.066],[43.936,13.088],[43.925,13.088],[43.909,13.097],[43.894,13.101],[43.885,13.098],[43.878,13.103],[43.865,13.119],[43.839,13.121],[43.823,13.112],[43.81,13.113],[43.802,13.107],[43.79,13.093],[43.766,13.08],[43.766,13.077],[43.754,13.069],[43.747,13.069],[43.74,13.071],[43.736,13.076],[43.716,13.075],[43.702,13.065],[43.699,13.061],[43.702,13.037],[43.707,13.032],[43.72,13.028],[43.729,13.014],[43.732,13.002],[43.731,12.986],[43.711,12.971],[43.71,12.95],[43.649,12.936],[43.644,12.932],[43.514,12.706],[43.526,12.698],[43.517,12.686]]]}},{"type":"Feature","properties":{"id":"al-hawtah","name":"Al Hawtah","gov":"YE-LA","km2":8,"c":[13.062,44.876]},"geometry":{"type":"Polygon","coordinates":[[[44.865,13.054],[44.873,13.046],[44.888,13.048],[44.892,13.068],[44.885,13.076],[44.876,13.077],[44.865,13.075],[44.865,13.054]]]}},{"type":"Feature","properties":{"id":"madghal-al-jid-an","name":"Madghal Al Jid'an","gov":"YE-MA","km2":534,"c":[15.627,45.024]},"geometry":{"type":"Polygon","coordinates":[[[44.899,15.722],[44.892,15.708],[44.889,15.696],[44.886,15.636],[44.876,15.623],[44.874,15.614],[44.877,15.604],[44.89,15.592],[44.903,15.582],[44.911,15.569],[44.934,15.575],[44.943,15.575],[44.985,15.574],[45.012,15.575],[45.121,15.551],[45.172,15.544],[45.198,15.536],[45.217,15.529],[45.211,15.551],[45.208,15.568],[45.209,15.598],[45.207,15.628],[45.209,15.641],[45.219,15.668],[45.114,15.681],[45.094,15.698],[45.018,15.705],[44.99,15.719],[44.961,15.727],[44.929,15.728],[44.899,15.722]]]}},{"type":"Feature","properties":{"id":"harib-al-qaramish","name":"Harib Al Qaramish","gov":"YE-MA","km2":162,"c":[15.462,44.629]},"geometry":{"type":"Polygon","coordinates":[[[44.728,15.475],[44.723,15.496],[44.721,15.518],[44.716,15.52],[44.7,15.519],[44.698,15.527],[44.685,15.523],[44.645,15.496],[44.599,15.488],[44.529,15.473],[44.529,15.464],[44.541,15.457],[44.543,15.44],[44.536,15.439],[44.535,15.436],[44.548,15.42],[44.555,15.408],[44.562,15.406],[44.596,15.406],[44.613,15.41],[44.652,15.429],[44.665,15.431],[44.675,15.426],[44.702,15.456],[44.728,15.475]]]}},{"type":"Feature","properties":{"id":"sirwah","name":"Sirwah","gov":"YE-MA","km2":1313,"c":[15.456,44.98]},"geometry":{"type":"Polygon","coordinates":[[[44.807,15.415],[44.837,15.411],[44.872,15.394],[44.917,15.357],[44.935,15.347],[44.958,15.34],[45.034,15.315],[45.106,15.283],[45.125,15.281],[45.141,15.293],[45.145,15.294],[45.189,15.299],[45.231,15.308],[45.24,15.312],[45.251,15.32],[45.287,15.334],[45.301,15.347],[45.289,15.361],[45.265,15.381],[45.24,15.396],[45.243,15.44],[45.24,15.462],[45.234,15.486],[45.231,15.496],[45.223,15.513],[45.217,15.529],[45.198,15.536],[45.172,15.544],[45.121,15.551],[45.012,15.575],[44.985,15.574],[44.943,15.575],[44.934,15.575],[44.911,15.569],[44.901,15.568],[44.886,15.572],[44.874,15.571],[44.869,15.569],[44.849,15.557],[44.838,15.556],[44.78,15.6],[44.754,15.566],[44.732,15.547],[44.698,15.527],[44.7,15.519],[44.716,15.52],[44.721,15.518],[44.723,15.496],[44.728,15.475],[44.748,15.488],[44.753,15.488],[44.764,15.466],[44.778,15.455],[44.79,15.447],[44.797,15.44],[44.804,15.426],[44.807,15.415]]]}},{"type":"Feature","properties":{"id":"al-jubah","name":"Al Jubah","gov":"YE-MA","km2":1178,"c":[15.158,45.277]},"geometry":{"type":"Polygon","coordinates":[[[45.069,15.109],[45.106,15.107],[45.106,15.106],[45.216,15.106],[45.219,15.102],[45.221,15.093],[45.224,15.074],[45.237,15.063],[45.24,15.056],[45.247,15.006],[45.251,14.99],[45.255,14.975],[45.272,14.932],[45.316,14.958],[45.37,14.996],[45.422,15.054],[45.43,15.059],[45.449,15.065],[45.474,15.093],[45.481,15.115],[45.487,15.134],[45.482,15.141],[45.474,15.193],[45.46,15.225],[45.45,15.242],[45.408,15.286],[45.384,15.305],[45.352,15.324],[45.301,15.347],[45.287,15.334],[45.251,15.32],[45.24,15.312],[45.231,15.308],[45.189,15.299],[45.145,15.294],[45.141,15.293],[45.125,15.281],[45.106,15.283],[45.105,15.266],[45.08,15.122],[45.069,15.109]]]}},{"type":"Feature","properties":{"id":"rahabah","name":"Rahabah","gov":"YE-MA","km2":720,"c":[14.96,45.1]},"geometry":{"type":"Polygon","coordinates":[[[45.062,14.807],[45.087,14.809],[45.106,14.814],[45.139,14.834],[45.156,14.842],[45.164,14.848],[45.171,14.867],[45.178,14.877],[45.186,14.884],[45.231,14.913],[45.272,14.932],[45.255,14.975],[45.251,14.99],[45.202,14.985],[45.19,14.986],[45.18,14.992],[45.169,14.995],[45.158,14.996],[45.155,15.003],[45.129,15.027],[45.135,15.032],[45.141,15.041],[45.142,15.049],[45.14,15.063],[45.134,15.073],[45.103,15.094],[45.106,15.106],[45.106,15.107],[45.069,15.109],[45.058,15.095],[45.044,15.085],[45.026,15.08],[45.02,15.075],[45.013,15.063],[44.979,15.009],[44.962,14.99],[44.945,14.964],[44.937,14.946],[44.937,14.939],[44.958,14.839],[44.962,14.806],[45.021,14.821],[45.031,14.816],[45.044,14.817],[45.062,14.807]]]}},{"type":"Feature","properties":{"id":"jabal-eyal-yazid","name":"Jabal Eyal Yazid","gov":"YE-AM","km2":460,"c":[15.77,43.888]},"geometry":{"type":"Polygon","coordinates":[[[43.907,15.892],[43.888,15.885],[43.88,15.894],[43.871,15.896],[43.865,15.897],[43.859,15.893],[43.851,15.892],[43.843,15.895],[43.834,15.911],[43.83,15.922],[43.813,15.912],[43.809,15.908],[43.802,15.906],[43.804,15.883],[43.814,15.856],[43.815,15.842],[43.817,15.835],[43.815,15.822],[43.818,15.808],[43.823,15.805],[43.829,15.794],[43.836,15.787],[43.837,15.777],[43.843,15.769],[43.839,15.759],[43.818,15.755],[43.805,15.763],[43.798,15.762],[43.778,15.748],[43.765,15.742],[43.761,15.731],[43.763,15.728],[43.774,15.726],[43.78,15.722],[43.782,15.719],[43.786,15.694],[43.795,15.671],[43.796,15.665],[43.8,15.655],[43.803,15.642],[43.807,15.637],[43.812,15.633],[43.815,15.632],[43.841,15.63],[43.857,15.622],[43.872,15.618],[43.877,15.636],[43.883,15.647],[43.897,15.662],[43.913,15.667],[43.914,15.671],[43.913,15.681],[43.916,15.686],[43.933,15.7],[43.937,15.707],[43.94,15.71],[43.947,15.727],[43.952,15.728],[43.966,15.727],[43.972,15.722],[43.98,15.718],[43.984,15.721],[43.989,15.725],[43.991,15.73],[44.001,15.738],[44.006,15.738],[44.013,15.749],[44.019,15.754],[44.026,15.757],[44.029,15.769],[44.028,15.772],[44.034,15.777],[44.036,15.783],[44.032,15.797],[44.029,15.799],[44.024,15.8],[43.994,15.798],[43.975,15.793],[43.965,15.788],[43.944,15.811],[43.935,15.824],[43.936,15.831],[43.93,15.852],[43.929,15.874],[43.922,15.875],[43.915,15.879],[43.907,15.892]]]}},{"type":"Feature","properties":{"id":"harib","name":"Harib","gov":"YE-MA","km2":807,"c":[14.903,45.402]},"geometry":{"type":"Polygon","coordinates":[[[45.594,15.113],[45.481,15.115],[45.474,15.093],[45.449,15.065],[45.43,15.059],[45.422,15.054],[45.37,14.996],[45.316,14.958],[45.272,14.932],[45.231,14.913],[45.186,14.884],[45.178,14.877],[45.171,14.867],[45.164,14.848],[45.173,14.837],[45.175,14.827],[45.178,14.818],[45.199,14.774],[45.209,14.761],[45.225,14.745],[45.242,14.722],[45.247,14.727],[45.256,14.738],[45.261,14.747],[45.271,14.746],[45.282,14.749],[45.307,14.762],[45.323,14.768],[45.325,14.775],[45.322,14.786],[45.316,14.8],[45.316,14.805],[45.327,14.811],[45.331,14.811],[45.348,14.825],[45.355,14.828],[45.363,14.836],[45.367,14.839],[45.379,14.844],[45.413,14.849],[45.43,14.854],[45.454,14.857],[45.485,14.858],[45.495,14.857],[45.504,14.869],[45.505,14.876],[45.509,14.883],[45.508,14.885],[45.5,14.892],[45.5,14.896],[45.508,14.897],[45.51,14.895],[45.517,14.896],[45.515,14.913],[45.507,14.931],[45.51,14.943],[45.518,14.959],[45.519,14.977],[45.525,14.988],[45.54,15.003],[45.542,15.01],[45.547,15.017],[45.553,15.039],[45.564,15.049],[45.566,15.054],[45.566,15.062],[45.576,15.079],[45.576,15.086],[45.582,15.093],[45.587,15.106],[45.594,15.113]]]}},{"type":"Feature","properties":{"id":"mahliyah","name":"Mahliyah","gov":"YE-MA","km2":598,"c":[14.651,45.198]},"geometry":{"type":"Polygon","coordinates":[[[45.315,14.555],[45.309,14.558],[45.307,14.557],[45.304,14.56],[45.303,14.558],[45.299,14.557],[45.281,14.574],[45.278,14.58],[45.28,14.586],[45.278,14.588],[45.279,14.594],[45.267,14.617],[45.255,14.632],[45.259,14.649],[45.265,14.659],[45.274,14.669],[45.283,14.674],[45.301,14.678],[45.294,14.69],[45.279,14.706],[45.271,14.722],[45.262,14.731],[45.258,14.737],[45.256,14.738],[45.247,14.727],[45.242,14.722],[45.225,14.745],[45.209,14.761],[45.199,14.774],[45.178,14.818],[45.175,14.827],[45.173,14.837],[45.164,14.848],[45.156,14.842],[45.139,14.834],[45.106,14.814],[45.087,14.809],[45.062,14.807],[45.074,14.791],[45.078,14.782],[45.074,14.767],[45.062,14.747],[45.061,14.739],[45.083,14.664],[45.087,14.657],[45.09,14.648],[45.098,14.642],[45.096,14.637],[45.096,14.628],[45.106,14.604],[45.109,14.59],[45.106,14.583],[45.106,14.575],[45.103,14.563],[45.112,14.542],[45.121,14.526],[45.125,14.514],[45.131,14.487],[45.166,14.5],[45.187,14.504],[45.192,14.521],[45.195,14.529],[45.213,14.55],[45.238,14.559],[45.248,14.56],[45.257,14.558],[45.297,14.535],[45.316,14.53],[45.315,14.555]]]}},{"type":"Feature","properties":{"id":"al-abdiyah","name":"Al Abdiyah","gov":"YE-MA","km2":591,"c":[14.697,45.4]},"geometry":{"type":"Polygon","coordinates":[[[45.461,14.596],[45.476,14.596],[45.486,14.6],[45.489,14.602],[45.494,14.611],[45.495,14.624],[45.493,14.627],[45.488,14.631],[45.472,14.638],[45.456,14.649],[45.451,14.655],[45.449,14.662],[45.448,14.669],[45.45,14.673],[45.46,14.682],[45.468,14.692],[45.474,14.693],[45.487,14.683],[45.482,14.676],[45.482,14.673],[45.494,14.656],[45.499,14.654],[45.511,14.658],[45.523,14.666],[45.529,14.678],[45.529,14.706],[45.527,14.711],[45.525,14.714],[45.515,14.719],[45.487,14.725],[45.482,14.73],[45.479,14.734],[45.48,14.754],[45.483,14.8],[45.484,14.836],[45.486,14.843],[45.495,14.857],[45.485,14.858],[45.454,14.857],[45.43,14.854],[45.413,14.849],[45.379,14.844],[45.367,14.839],[45.363,14.836],[45.355,14.828],[45.348,14.825],[45.331,14.811],[45.327,14.811],[45.316,14.805],[45.316,14.8],[45.322,14.786],[45.325,14.775],[45.323,14.768],[45.307,14.762],[45.282,14.749],[45.271,14.746],[45.261,14.747],[45.256,14.738],[45.258,14.737],[45.262,14.731],[45.271,14.722],[45.279,14.706],[45.294,14.69],[45.301,14.678],[45.283,14.674],[45.274,14.669],[45.265,14.659],[45.259,14.649],[45.255,14.632],[45.267,14.617],[45.279,14.594],[45.278,14.588],[45.28,14.586],[45.292,14.589],[45.318,14.577],[45.354,14.577],[45.365,14.578],[45.373,14.581],[45.384,14.596],[45.399,14.629],[45.404,14.635],[45.412,14.635],[45.419,14.63],[45.432,14.608],[45.439,14.602],[45.45,14.598],[45.461,14.596]]]}},{"type":"Feature","properties":{"id":"ma-rib-city","name":"Ma'rib City","gov":"YE-MA","km2":164,"c":[15.431,45.334]},"geometry":{"type":"Polygon","coordinates":[[[45.301,15.347],[45.321,15.369],[45.323,15.375],[45.323,15.386],[45.325,15.389],[45.328,15.391],[45.331,15.388],[45.333,15.388],[45.335,15.393],[45.335,15.399],[45.338,15.401],[45.34,15.399],[45.341,15.402],[45.344,15.403],[45.349,15.411],[45.356,15.413],[45.357,15.417],[45.354,15.42],[45.354,15.424],[45.365,15.422],[45.372,15.424],[45.374,15.421],[45.376,15.421],[45.384,15.43],[45.382,15.44],[45.377,15.444],[45.372,15.452],[45.373,15.462],[45.377,15.466],[45.371,15.467],[45.369,15.461],[45.365,15.461],[45.363,15.463],[45.361,15.471],[45.358,15.471],[45.354,15.468],[45.35,15.469],[45.344,15.478],[45.343,15.481],[45.336,15.489],[45.33,15.493],[45.308,15.501],[45.3,15.501],[45.279,15.491],[45.265,15.488],[45.234,15.486],[45.24,15.462],[45.243,15.44],[45.24,15.396],[45.265,15.381],[45.289,15.361],[45.301,15.347]]]}},{"type":"Feature","properties":{"id":"hat","name":"Hat","gov":"YE-MR","km2":13635,"c":[17.351,51.654]},"geometry":{"type":"Polygon","coordinates":[[[51.126,17.036],[51.253,17.082],[51.271,17.088],[51.292,17.088],[51.332,17.083],[51.412,17.066],[51.432,17.065],[51.452,17.061],[51.486,17.047],[51.518,17.019],[51.538,16.994],[51.567,16.948],[51.661,16.809],[51.703,16.759],[51.777,16.685],[51.837,16.641],[51.902,16.607],[51.907,16.614],[51.932,16.644],[51.953,16.678],[52.018,16.751],[52.036,16.767],[52.057,16.782],[52.104,16.819],[52.126,16.833],[52.201,16.888],[52.213,16.964],[52.218,17.052],[52.211,17.178],[52.211,17.298],[52.209,17.458],[52.191,17.647],[52.183,17.808],[52.169,17.869],[52.145,17.963],[52.144,17.972],[52.145,17.987],[52.169,18.148],[52.044,18.151],[51.907,18.09],[51.797,18.154],[51.692,18.226],[51.617,18.249],[51.552,18.254],[51.457,18.257],[51.453,18.226],[51.45,18.056],[51.442,17.925],[51.433,17.829],[51.422,17.779],[51.387,17.688],[51.356,17.626],[51.328,17.567],[51.319,17.538],[51.302,17.5],[51.289,17.457],[51.26,17.4],[51.236,17.362],[51.226,17.35],[51.206,17.321],[51.193,17.295],[51.165,17.234],[51.147,17.172],[51.141,17.148],[51.133,17.097],[51.126,17.036]]]}},{"type":"Feature","properties":{"id":"ma-rib","name":"Ma'rib","gov":"YE-MA","km2":9068,"c":[15.516,45.481]},"geometry":{"type":"Polygon","coordinates":[[[45.251,15.754],[45.231,15.705],[45.219,15.668],[45.209,15.641],[45.207,15.628],[45.209,15.598],[45.208,15.568],[45.211,15.551],[45.217,15.529],[45.223,15.513],[45.231,15.496],[45.234,15.486],[45.265,15.488],[45.279,15.491],[45.3,15.501],[45.308,15.501],[45.33,15.493],[45.336,15.489],[45.343,15.481],[45.344,15.478],[45.35,15.469],[45.354,15.468],[45.358,15.471],[45.361,15.471],[45.363,15.463],[45.365,15.461],[45.369,15.461],[45.371,15.467],[45.377,15.466],[45.373,15.462],[45.372,15.452],[45.377,15.444],[45.382,15.44],[45.384,15.43],[45.376,15.421],[45.374,15.421],[45.372,15.424],[45.365,15.422],[45.354,15.424],[45.354,15.42],[45.357,15.417],[45.356,15.413],[45.349,15.411],[45.344,15.403],[45.341,15.402],[45.34,15.399],[45.338,15.401],[45.335,15.399],[45.335,15.393],[45.333,15.388],[45.331,15.388],[45.328,15.391],[45.325,15.389],[45.323,15.386],[45.323,15.375],[45.321,15.369],[45.301,15.347],[45.352,15.324],[45.384,15.305],[45.408,15.286],[45.45,15.242],[45.46,15.225],[45.474,15.193],[45.482,15.141],[45.487,15.134],[45.481,15.115],[45.594,15.113],[45.598,15.125],[45.601,15.128],[45.685,15.185],[45.794,15.26],[46.164,15.507],[46.298,15.596],[46.307,15.606],[46.368,15.678],[46.618,15.965],[46.811,16.162],[46.446,16.113],[46.003,16.04],[45.822,16.012],[45.784,16.001],[45.74,15.984],[45.71,15.97],[45.673,15.949],[45.634,15.922],[45.591,15.88],[45.547,15.815],[45.534,15.799],[45.504,15.769],[45.489,15.758],[45.481,15.754],[45.251,15.754]]]}},{"type":"Feature","properties":{"id":"hawf","name":"Hawf","gov":"YE-MR","km2":1445,"c":[16.676,52.813]},"geometry":{"type":"Polygon","coordinates":[[[53.044,16.79],[53.002,16.791],[52.947,16.798],[52.906,16.814],[52.882,16.821],[52.828,16.827],[52.776,16.841],[52.708,16.85],[52.695,16.855],[52.657,16.862],[52.633,16.869],[52.615,16.87],[52.579,16.87],[52.565,16.855],[52.552,16.845],[52.549,16.835],[52.558,16.803],[52.561,16.779],[52.582,16.748],[52.584,16.741],[52.581,16.735],[52.576,16.73],[52.547,16.712],[52.545,16.709],[52.544,16.703],[52.546,16.693],[52.554,16.682],[52.568,16.67],[52.577,16.656],[52.593,16.644],[52.614,16.632],[52.624,16.623],[52.644,16.598],[52.666,16.567],[52.68,16.56],[52.693,16.542],[52.702,16.538],[52.708,16.537],[52.73,16.542],[52.743,16.532],[52.799,16.552],[52.822,16.557],[52.834,16.564],[52.838,16.565],[52.839,16.569],[52.845,16.573],[52.882,16.587],[52.886,16.587],[52.898,16.592],[52.902,16.591],[52.917,16.598],[52.932,16.6],[52.94,16.607],[52.944,16.61],[52.946,16.609],[52.946,16.612],[52.949,16.613],[52.971,16.62],[52.988,16.622],[53.037,16.633],[53.041,16.632],[53.063,16.637],[53.068,16.64],[53.075,16.64],[53.079,16.642],[53.08,16.644],[53.085,16.646],[53.088,16.645],[53.089,16.646],[53.1,16.648],[53.103,16.647],[53.105,16.648],[53.106,16.651],[53.108,16.65],[53.044,16.79]]]}},{"type":"Feature","properties":{"id":"al-ghaydhah","name":"Al Ghaydhah","gov":"YE-MR","km2":7157,"c":[16.168,52.164]},"geometry":{"type":"Polygon","coordinates":[[[51.902,16.607],[51.882,16.554],[51.873,16.512],[51.872,16.491],[51.864,16.445],[51.858,16.427],[51.852,16.419],[51.833,16.394],[51.795,16.361],[51.765,16.326],[51.754,16.3],[51.742,16.28],[51.725,16.253],[51.711,16.238],[51.703,16.232],[51.696,16.23],[51.653,16.229],[51.643,16.227],[51.625,16.221],[51.602,16.207],[51.59,16.192],[51.578,16.17],[51.567,16.129],[51.567,16.085],[51.572,16.065],[51.575,16.056],[51.602,16.018],[51.614,15.997],[51.617,15.988],[51.618,15.972],[51.622,15.958],[51.647,15.957],[51.687,15.951],[51.704,15.95],[51.746,15.943],[51.801,15.939],[51.838,15.931],[51.906,15.928],[51.932,15.924],[51.938,15.921],[51.967,15.902],[51.991,15.869],[52.023,15.842],[52.042,15.823],[52.052,15.815],[52.079,15.801],[52.105,15.784],[52.113,15.777],[52.121,15.768],[52.138,15.74],[52.151,15.714],[52.158,15.693],[52.169,15.669],[52.196,15.647],[52.222,15.632],[52.225,15.633],[52.224,15.638],[52.217,15.649],[52.217,15.66],[52.212,15.667],[52.212,15.672],[52.209,15.684],[52.207,15.685],[52.205,15.699],[52.196,15.719],[52.197,15.727],[52.195,15.729],[52.195,15.736],[52.194,15.737],[52.194,15.742],[52.191,15.746],[52.191,15.747],[52.195,15.748],[52.193,15.749],[52.192,15.755],[52.188,15.76],[52.191,15.775],[52.195,15.778],[52.195,15.78],[52.203,15.782],[52.203,15.784],[52.197,15.784],[52.194,15.788],[52.196,15.789],[52.195,15.791],[52.199,15.8],[52.196,15.802],[52.193,15.813],[52.19,15.817],[52.193,15.82],[52.197,15.821],[52.198,15.82],[52.196,15.819],[52.198,15.82],[52.203,15.818],[52.196,15.825],[52.195,15.829],[52.19,15.835],[52.189,15.839],[52.181,15.843],[52.173,15.844],[52.165,15.85],[52.16,15.857],[52.161,15.87],[52.16,15.876],[52.161,15.881],[52.162,15.882],[52.163,15.896],[52.162,15.897],[52.164,15.898],[52.162,15.902],[52.164,15.907],[52.167,15.91],[52.169,15.921],[52.163,15.921],[52.161,15.916],[52.151,15.908],[52.16,15.916],[52.162,15.921],[52.17,15.924],[52.162,15.926],[52.159,15.931],[52.159,15.936],[52.156,15.935],[52.151,15.939],[52.147,15.967],[52.15,15.986],[52.154,15.994],[52.167,16.02],[52.182,16.057],[52.195,16.075],[52.2,16.086],[52.204,16.102],[52.203,16.12],[52.205,16.132],[52.209,16.143],[52.219,16.157],[52.238,16.202],[52.269,16.242],[52.28,16.258],[52.303,16.281],[52.349,16.335],[52.377,16.362],[52.429,16.404],[52.472,16.429],[52.523,16.451],[52.604,16.481],[52.705,16.515],[52.734,16.529],[52.743,16.532],[52.73,16.542],[52.708,16.537],[52.702,16.538],[52.693,16.542],[52.68,16.56],[52.666,16.567],[52.644,16.598],[52.624,16.623],[52.614,16.632],[52.593,16.644],[52.577,16.656],[52.568,16.67],[52.554,16.682],[52.546,16.693],[52.544,16.703],[52.545,16.709],[52.547,16.712],[52.576,16.73],[52.581,16.735],[52.584,16.741],[52.582,16.748],[52.561,16.779],[52.558,16.803],[52.549,16.835],[52.552,16.845],[52.565,16.855],[52.579,16.87],[52.463,16.872],[52.446,16.872],[52.436,16.869],[52.423,16.871],[52.416,16.871],[52.401,16.873],[52.391,16.875],[52.341,16.88],[52.294,16.89],[52.242,16.893],[52.228,16.895],[52.221,16.895],[52.215,16.894],[52.201,16.888],[52.126,16.833],[52.104,16.819],[52.057,16.782],[52.036,16.767],[52.018,16.751],[51.953,16.678],[51.932,16.644],[51.907,16.614],[51.902,16.607]]]}},{"type":"Feature","properties":{"id":"jabal-murad","name":"Jabal Murad","gov":"YE-MA","km2":143,"c":[15.045,45.176]},"geometry":{"type":"Polygon","coordinates":[[[45.106,15.106],[45.103,15.094],[45.134,15.073],[45.14,15.063],[45.142,15.049],[45.141,15.041],[45.135,15.032],[45.129,15.027],[45.155,15.003],[45.158,14.996],[45.169,14.995],[45.18,14.992],[45.19,14.986],[45.202,14.985],[45.251,14.99],[45.247,15.006],[45.24,15.056],[45.237,15.063],[45.224,15.074],[45.221,15.093],[45.219,15.102],[45.216,15.106],[45.106,15.106]]]}},{"type":"Feature","properties":{"id":"man-ar","name":"Man'ar","gov":"YE-MR","km2":16842,"c":[16.388,50.799]},"geometry":{"type":"Polygon","coordinates":[[[50.218,16.655],[50.219,16.65],[50.226,16.643],[50.244,16.633],[50.247,16.623],[50.256,16.618],[50.259,16.614],[50.26,16.609],[50.239,16.593],[50.237,16.583],[50.234,16.578],[50.217,16.558],[50.215,16.553],[50.216,16.549],[50.22,16.546],[50.236,16.542],[50.245,16.538],[50.257,16.529],[50.261,16.52],[50.27,16.515],[50.267,16.511],[50.262,16.509],[50.259,16.506],[50.258,16.5],[50.26,16.496],[50.261,16.491],[50.26,16.486],[50.251,16.473],[50.249,16.452],[50.244,16.444],[50.238,16.43],[50.237,16.42],[50.239,16.41],[50.215,16.374],[50.213,16.37],[50.212,16.317],[50.211,16.312],[50.199,16.289],[50.2,16.274],[50.198,16.263],[50.193,16.254],[50.182,16.243],[50.174,16.237],[50.168,16.228],[50.166,16.218],[50.164,16.182],[50.161,16.172],[50.159,16.168],[50.158,16.155],[50.194,16.142],[50.207,16.134],[50.214,16.127],[50.224,16.124],[50.228,16.121],[50.244,16.094],[50.257,16.087],[50.261,16.083],[50.263,16.079],[50.263,16.074],[50.26,16.069],[50.23,16.033],[50.226,16.026],[50.265,16.016],[50.298,16.006],[50.319,15.997],[50.329,15.995],[50.385,15.986],[50.408,15.981],[50.429,15.98],[50.453,15.976],[50.476,15.964],[50.483,15.956],[50.492,15.937],[50.502,15.93],[50.528,15.918],[50.557,15.909],[50.579,15.904],[50.614,15.893],[50.623,15.888],[50.643,15.868],[50.653,15.863],[50.673,15.859],[50.687,15.853],[50.717,15.844],[50.776,15.83],[50.82,15.822],[50.844,15.817],[50.87,15.816],[50.877,15.816],[50.893,15.821],[50.914,15.831],[50.954,15.867],[50.964,15.877],[51.008,15.944],[51.029,15.966],[51.05,15.981],[51.072,15.991],[51.099,16.001],[51.131,16.008],[51.151,16.009],[51.2,16.011],[51.33,15.997],[51.361,15.992],[51.39,15.99],[51.418,15.985],[51.457,15.981],[51.473,15.977],[51.49,15.977],[51.536,15.971],[51.622,15.958],[51.618,15.972],[51.617,15.988],[51.614,15.997],[51.602,16.018],[51.575,16.056],[51.572,16.065],[51.567,16.085],[51.567,16.129],[51.578,16.17],[51.59,16.192],[51.602,16.207],[51.625,16.221],[51.643,16.227],[51.653,16.229],[51.696,16.23],[51.703,16.232],[51.711,16.238],[51.725,16.253],[51.742,16.28],[51.754,16.3],[51.765,16.326],[51.795,16.361],[51.833,16.394],[51.852,16.419],[51.858,16.427],[51.864,16.445],[51.872,16.491],[51.873,16.512],[51.882,16.554],[51.902,16.607],[51.837,16.641],[51.777,16.685],[51.703,16.759],[51.661,16.809],[51.567,16.948],[51.538,16.994],[51.518,17.019],[51.486,17.047],[51.452,17.061],[51.432,17.065],[51.412,17.066],[51.332,17.083],[51.292,17.088],[51.271,17.088],[51.253,17.082],[51.126,17.036],[51.12,17.03],[51.11,17.026],[51.085,17.016],[51.072,17.004],[51.024,16.976],[50.999,16.956],[50.971,16.929],[50.95,16.913],[50.897,16.89],[50.868,16.882],[50.864,16.879],[50.853,16.876],[50.81,16.872],[50.766,16.872],[50.755,16.874],[50.739,16.874],[50.716,16.878],[50.684,16.879],[50.658,16.875],[50.644,16.87],[50.638,16.862],[50.633,16.846],[50.631,16.828],[50.632,16.819],[50.63,16.81],[50.619,16.781],[50.596,16.742],[50.586,16.73],[50.544,16.694],[50.523,16.677],[50.509,16.67],[50.504,16.669],[50.489,16.669],[50.455,16.673],[50.385,16.677],[50.323,16.667],[50.28,16.666],[50.26,16.663],[50.223,16.663],[50.219,16.66],[50.218,16.655]]]}},{"type":"Feature","properties":{"id":"al-masilah","name":"Al Masilah","gov":"YE-MR","km2":6593,"c":[15.536,50.466]},"geometry":{"type":"Polygon","coordinates":[[[50.185,15.429],[50.189,15.42],[50.185,15.401],[50.185,15.39],[50.199,15.368],[50.206,15.362],[50.216,15.361],[50.224,15.355],[50.229,15.355],[50.231,15.351],[50.253,15.337],[50.262,15.333],[50.272,15.332],[50.303,15.335],[50.329,15.334],[50.354,15.337],[50.374,15.342],[50.395,15.341],[50.416,15.343],[50.426,15.346],[50.438,15.356],[50.443,15.358],[50.448,15.359],[50.457,15.357],[50.478,15.359],[50.513,15.368],[50.518,15.368],[50.532,15.363],[50.543,15.362],[50.548,15.36],[50.554,15.353],[50.559,15.343],[50.564,15.342],[50.568,15.345],[50.573,15.344],[50.575,15.335],[50.579,15.332],[50.588,15.338],[50.594,15.338],[50.607,15.33],[50.611,15.332],[50.615,15.336],[50.63,15.34],[50.644,15.334],[50.653,15.338],[50.657,15.335],[50.66,15.325],[50.667,15.312],[50.681,15.292],[50.681,15.282],[50.684,15.277],[50.689,15.276],[50.693,15.273],[50.695,15.268],[50.697,15.258],[50.696,15.248],[50.7,15.239],[50.698,15.229],[50.7,15.224],[50.709,15.219],[50.713,15.215],[50.717,15.206],[50.732,15.192],[50.731,15.182],[50.726,15.173],[50.728,15.163],[50.745,15.144],[50.767,15.11],[50.768,15.105],[50.757,15.087],[50.756,15.079],[50.806,15.091],[50.813,15.09],[50.819,15.091],[50.896,15.115],[50.906,15.117],[50.917,15.117],[50.953,15.129],[51.053,15.152],[51.061,15.156],[51.12,15.165],[51.13,15.17],[51.131,15.169],[51.136,15.169],[51.162,15.177],[51.144,15.282],[51.127,15.334],[51.101,15.396],[51.068,15.448],[51.022,15.504],[51.018,15.511],[50.97,15.679],[50.944,15.723],[50.892,15.792],[50.87,15.816],[50.844,15.817],[50.82,15.822],[50.776,15.83],[50.717,15.844],[50.687,15.853],[50.673,15.859],[50.653,15.863],[50.643,15.868],[50.623,15.888],[50.614,15.893],[50.579,15.904],[50.557,15.909],[50.528,15.918],[50.502,15.93],[50.492,15.937],[50.483,15.956],[50.476,15.964],[50.453,15.976],[50.429,15.98],[50.408,15.981],[50.385,15.986],[50.329,15.995],[50.319,15.997],[50.298,16.006],[50.265,16.016],[50.226,16.026],[50.224,16.013],[50.22,16.004],[50.205,15.983],[50.205,15.967],[50.205,15.962],[50.202,15.957],[50.19,15.947],[50.184,15.938],[50.16,15.926],[50.15,15.916],[50.153,15.906],[50.161,15.9],[50.163,15.895],[50.157,15.886],[50.165,15.879],[50.167,15.875],[50.167,15.87],[50.163,15.866],[50.149,15.861],[50.14,15.835],[50.138,15.814],[50.139,15.809],[50.154,15.789],[50.156,15.784],[50.156,15.763],[50.153,15.754],[50.15,15.75],[50.14,15.749],[50.137,15.745],[50.134,15.736],[50.13,15.732],[50.128,15.727],[50.134,15.713],[50.13,15.699],[50.131,15.688],[50.129,15.684],[50.121,15.676],[50.117,15.668],[50.117,15.663],[50.117,15.653],[50.126,15.641],[50.131,15.627],[50.134,15.622],[50.142,15.615],[50.151,15.611],[50.166,15.608],[50.197,15.612],[50.207,15.612],[50.235,15.596],[50.27,15.589],[50.263,15.582],[50.272,15.575],[50.273,15.569],[50.268,15.554],[50.271,15.539],[50.267,15.518],[50.256,15.507],[50.252,15.506],[50.242,15.509],[50.238,15.506],[50.236,15.502],[50.236,15.486],[50.23,15.472],[50.221,15.46],[50.188,15.434],[50.184,15.43],[50.185,15.429]]]}},{"type":"Feature","properties":{"id":"shibam-kawkaban","name":"Shibam Kawkaban","gov":"YE-MW","km2":165,"c":[15.478,43.858]},"geometry":{"type":"Polygon","coordinates":[[[43.917,15.516],[43.914,15.518],[43.907,15.517],[43.895,15.517],[43.881,15.53],[43.87,15.535],[43.863,15.536],[43.853,15.544],[43.832,15.549],[43.828,15.559],[43.815,15.569],[43.813,15.569],[43.81,15.552],[43.8,15.53],[43.783,15.508],[43.777,15.506],[43.773,15.502],[43.77,15.492],[43.776,15.483],[43.784,15.477],[43.787,15.472],[43.788,15.464],[43.804,15.451],[43.815,15.451],[43.831,15.46],[43.837,15.461],[43.841,15.46],[43.846,15.456],[43.849,15.443],[43.848,15.421],[43.849,15.382],[43.857,15.39],[43.86,15.39],[43.864,15.393],[43.872,15.405],[43.892,15.408],[43.899,15.412],[43.901,15.415],[43.91,15.418],[43.913,15.421],[43.915,15.433],[43.899,15.459],[43.9,15.468],[43.903,15.471],[43.907,15.473],[43.91,15.471],[43.921,15.48],[43.921,15.489],[43.914,15.499],[43.918,15.513],[43.917,15.516]]]}},{"type":"Feature","properties":{"id":"harf-sufyan","name":"Harf Sufyan","gov":"YE-AM","km2":2706,"c":[16.395,43.987]},"geometry":{"type":"Polygon","coordinates":[[[44.262,16.489],[44.263,16.529],[44.27,16.542],[44.254,16.546],[44.254,16.55],[44.243,16.562],[44.236,16.564],[44.229,16.564],[44.22,16.569],[44.211,16.571],[44.19,16.588],[44.173,16.607],[44.154,16.61],[44.121,16.629],[44.107,16.642],[44.102,16.645],[44.092,16.64],[44.076,16.637],[44.062,16.628],[44.053,16.623],[44.021,16.616],[43.975,16.615],[43.948,16.62],[43.926,16.631],[43.896,16.652],[43.798,16.688],[43.787,16.683],[43.778,16.684],[43.772,16.686],[43.754,16.699],[43.75,16.7],[43.732,16.693],[43.714,16.688],[43.708,16.685],[43.698,16.677],[43.688,16.671],[43.678,16.661],[43.668,16.653],[43.658,16.65],[43.5,16.612],[43.496,16.613],[43.501,16.436],[43.502,16.418],[43.506,16.413],[43.509,16.404],[43.51,16.38],[43.515,16.367],[43.515,16.361],[43.521,16.355],[43.517,16.344],[43.518,16.336],[43.522,16.321],[43.528,16.308],[43.539,16.311],[43.563,16.337],[43.571,16.361],[43.584,16.38],[43.61,16.425],[43.618,16.446],[43.619,16.458],[43.622,16.471],[43.628,16.478],[43.655,16.505],[43.668,16.516],[43.672,16.521],[43.676,16.533],[43.683,16.54],[43.688,16.539],[43.704,16.538],[43.707,16.54],[43.708,16.55],[43.715,16.557],[43.724,16.562],[43.73,16.567],[43.733,16.566],[43.739,16.569],[43.745,16.567],[43.752,16.578],[43.756,16.579],[43.771,16.563],[43.791,16.534],[43.794,16.529],[43.799,16.505],[43.804,16.496],[43.812,16.491],[43.868,16.485],[43.878,16.477],[43.888,16.463],[43.895,16.443],[43.911,16.413],[43.911,16.398],[43.905,16.361],[43.968,16.349],[44.007,16.336],[44.064,16.331],[44.07,16.334],[44.075,16.328],[44.08,16.314],[44.083,16.284],[44.082,16.278],[44.086,16.271],[44.091,16.265],[44.09,16.255],[44.093,16.238],[44.089,16.233],[44.092,16.196],[44.091,16.189],[44.077,16.144],[44.073,16.124],[44.068,16.112],[44.074,16.112],[44.078,16.107],[44.089,16.102],[44.165,16.102],[44.167,16.099],[44.17,16.089],[44.181,16.074],[44.203,16.049],[44.212,16.046],[44.247,16.044],[44.288,16.051],[44.308,16.053],[44.321,16.06],[44.325,16.064],[44.319,16.079],[44.307,16.098],[44.295,16.114],[44.281,16.123],[44.279,16.129],[44.277,16.131],[44.276,16.134],[44.278,16.139],[44.287,16.148],[44.286,16.154],[44.289,16.162],[44.288,16.168],[44.288,16.174],[44.29,16.179],[44.291,16.186],[44.284,16.202],[44.266,16.208],[44.264,16.21],[44.265,16.214],[44.295,16.251],[44.297,16.266],[44.302,16.272],[44.303,16.277],[44.302,16.291],[44.296,16.296],[44.287,16.295],[44.282,16.298],[44.279,16.303],[44.274,16.303],[44.277,16.312],[44.286,16.325],[44.292,16.34],[44.294,16.35],[44.294,16.371],[44.293,16.375],[44.29,16.377],[44.268,16.389],[44.259,16.399],[44.258,16.405],[44.262,16.44],[44.262,16.489]]]}},{"type":"Feature","properties":{"id":"at-tawilah","name":"At Tawilah","gov":"YE-MW","km2":225,"c":[15.468,43.761]},"geometry":{"type":"Polygon","coordinates":[[[43.849,15.382],[43.848,15.421],[43.849,15.443],[43.846,15.456],[43.841,15.46],[43.837,15.461],[43.831,15.46],[43.815,15.451],[43.804,15.451],[43.788,15.464],[43.787,15.472],[43.784,15.477],[43.776,15.483],[43.77,15.492],[43.773,15.502],[43.777,15.506],[43.783,15.508],[43.8,15.53],[43.81,15.552],[43.813,15.569],[43.807,15.576],[43.802,15.58],[43.791,15.581],[43.784,15.576],[43.773,15.551],[43.765,15.548],[43.763,15.545],[43.756,15.541],[43.752,15.539],[43.748,15.541],[43.737,15.544],[43.735,15.542],[43.733,15.536],[43.728,15.533],[43.727,15.529],[43.716,15.528],[43.707,15.533],[43.7,15.539],[43.698,15.542],[43.69,15.549],[43.68,15.553],[43.672,15.549],[43.664,15.54],[43.652,15.534],[43.652,15.528],[43.66,15.516],[43.661,15.508],[43.672,15.497],[43.689,15.488],[43.691,15.485],[43.693,15.475],[43.697,15.472],[43.705,15.472],[43.706,15.465],[43.71,15.464],[43.712,15.459],[43.719,15.459],[43.721,15.458],[43.727,15.458],[43.736,15.465],[43.738,15.466],[43.742,15.466],[43.745,15.461],[43.747,15.446],[43.747,15.439],[43.744,15.436],[43.745,15.434],[43.749,15.433],[43.748,15.43],[43.741,15.428],[43.746,15.411],[43.756,15.405],[43.764,15.366],[43.772,15.354],[43.782,15.345],[43.786,15.349],[43.787,15.354],[43.791,15.354],[43.8,15.364],[43.805,15.363],[43.805,15.372],[43.807,15.374],[43.815,15.375],[43.818,15.373],[43.827,15.376],[43.834,15.374],[43.837,15.375],[43.841,15.374],[43.848,15.378],[43.847,15.38],[43.849,15.382]]]}},{"type":"Feature","properties":{"id":"ar-rujum","name":"Ar Rujum","gov":"YE-MW","km2":348,"c":[15.423,43.666]},"geometry":{"type":"Polygon","coordinates":[[[43.574,15.542],[43.574,15.533],[43.565,15.527],[43.564,15.528],[43.559,15.526],[43.56,15.52],[43.556,15.503],[43.553,15.503],[43.552,15.501],[43.552,15.495],[43.559,15.486],[43.559,15.477],[43.564,15.465],[43.563,15.456],[43.564,15.452],[43.567,15.45],[43.573,15.45],[43.583,15.457],[43.59,15.454],[43.594,15.439],[43.605,15.404],[43.617,15.396],[43.636,15.378],[43.652,15.371],[43.668,15.361],[43.67,15.358],[43.669,15.352],[43.667,15.349],[43.67,15.34],[43.669,15.332],[43.676,15.328],[43.681,15.319],[43.682,15.31],[43.68,15.286],[43.683,15.28],[43.691,15.281],[43.692,15.278],[43.695,15.277],[43.702,15.278],[43.702,15.274],[43.706,15.274],[43.707,15.272],[43.71,15.272],[43.713,15.27],[43.717,15.272],[43.717,15.278],[43.723,15.282],[43.723,15.285],[43.726,15.286],[43.728,15.294],[43.735,15.296],[43.737,15.309],[43.741,15.31],[43.748,15.315],[43.746,15.32],[43.748,15.322],[43.749,15.327],[43.76,15.324],[43.765,15.329],[43.775,15.335],[43.782,15.345],[43.772,15.354],[43.764,15.366],[43.756,15.405],[43.746,15.411],[43.741,15.428],[43.748,15.43],[43.749,15.433],[43.745,15.434],[43.744,15.436],[43.747,15.439],[43.747,15.446],[43.745,15.461],[43.742,15.466],[43.738,15.466],[43.736,15.465],[43.727,15.458],[43.721,15.458],[43.719,15.459],[43.712,15.459],[43.71,15.464],[43.706,15.465],[43.705,15.472],[43.697,15.472],[43.693,15.475],[43.691,15.485],[43.689,15.488],[43.672,15.497],[43.661,15.508],[43.66,15.516],[43.652,15.528],[43.652,15.534],[43.639,15.534],[43.629,15.533],[43.623,15.531],[43.617,15.535],[43.614,15.539],[43.611,15.539],[43.609,15.541],[43.607,15.54],[43.603,15.542],[43.602,15.541],[43.595,15.541],[43.592,15.543],[43.589,15.541],[43.586,15.543],[43.584,15.538],[43.582,15.537],[43.58,15.541],[43.574,15.542]]]}},{"type":"Feature","properties":{"id":"al-khabt","name":"Al Khabt","gov":"YE-MW","km2":260,"c":[15.481,43.397]},"geometry":{"type":"Polygon","coordinates":[[[43.245,15.509],[43.247,15.494],[43.246,15.472],[43.25,15.464],[43.251,15.458],[43.251,15.452],[43.244,15.438],[43.257,15.435],[43.27,15.434],[43.303,15.442],[43.315,15.448],[43.337,15.454],[43.344,15.447],[43.355,15.429],[43.356,15.425],[43.352,15.424],[43.356,15.419],[43.361,15.419],[43.366,15.415],[43.381,15.412],[43.384,15.445],[43.378,15.454],[43.373,15.457],[43.372,15.464],[43.376,15.47],[43.384,15.475],[43.404,15.476],[43.408,15.467],[43.411,15.455],[43.415,15.449],[43.415,15.446],[43.419,15.443],[43.425,15.432],[43.428,15.43],[43.433,15.429],[43.436,15.431],[43.451,15.436],[43.451,15.44],[43.453,15.439],[43.456,15.442],[43.455,15.443],[43.46,15.446],[43.463,15.451],[43.462,15.452],[43.462,15.462],[43.465,15.473],[43.481,15.485],[43.476,15.49],[43.478,15.494],[43.477,15.497],[43.492,15.501],[43.488,15.514],[43.49,15.529],[43.485,15.533],[43.484,15.547],[43.48,15.548],[43.478,15.55],[43.473,15.55],[43.469,15.553],[43.465,15.549],[43.462,15.549],[43.461,15.551],[43.464,15.557],[43.46,15.559],[43.454,15.556],[43.453,15.552],[43.447,15.547],[43.437,15.547],[43.415,15.548],[43.378,15.541],[43.363,15.536],[43.315,15.534],[43.301,15.529],[43.288,15.528],[43.245,15.509]]]}},{"type":"Feature","properties":{"id":"huth","name":"Huth","gov":"YE-AM","km2":338,"c":[16.261,43.976]},"geometry":{"type":"Polygon","coordinates":[[[43.905,16.361],[43.895,16.32],[43.885,16.285],[43.884,16.279],[43.874,16.262],[43.871,16.252],[43.867,16.249],[43.864,16.248],[43.863,16.246],[43.863,16.241],[43.867,16.231],[43.872,16.224],[43.881,16.215],[43.89,16.2],[43.906,16.203],[43.919,16.203],[43.949,16.206],[44.001,16.208],[44.024,16.205],[44.079,16.189],[44.091,16.189],[44.092,16.196],[44.089,16.233],[44.093,16.238],[44.09,16.255],[44.091,16.265],[44.086,16.271],[44.082,16.278],[44.083,16.284],[44.08,16.314],[44.075,16.328],[44.07,16.334],[44.064,16.331],[44.007,16.336],[43.968,16.349],[43.905,16.361]]]}},{"type":"Feature","properties":{"id":"al-ashah","name":"Al Ashah","gov":"YE-AM","km2":623,"c":[16.312,43.796]},"geometry":{"type":"Polygon","coordinates":[[[43.628,16.478],[43.641,16.468],[43.644,16.468],[43.659,16.462],[43.692,16.442],[43.725,16.429],[43.739,16.421],[43.744,16.416],[43.765,16.385],[43.771,16.372],[43.779,16.333],[43.779,16.314],[43.782,16.301],[43.786,16.293],[43.796,16.28],[43.812,16.265],[43.825,16.257],[43.831,16.249],[43.841,16.249],[43.842,16.243],[43.838,16.24],[43.834,16.24],[43.819,16.231],[43.816,16.222],[43.804,16.22],[43.8,16.216],[43.8,16.204],[43.804,16.2],[43.807,16.195],[43.801,16.182],[43.794,16.179],[43.793,16.173],[43.796,16.158],[43.801,16.148],[43.79,16.129],[43.78,16.118],[43.77,16.102],[43.77,16.097],[43.778,16.091],[43.788,16.096],[43.797,16.107],[43.796,16.123],[43.798,16.128],[43.801,16.133],[43.808,16.135],[43.806,16.125],[43.809,16.118],[43.81,16.107],[43.814,16.1],[43.818,16.101],[43.827,16.109],[43.838,16.123],[43.842,16.13],[43.856,16.138],[43.865,16.146],[43.868,16.151],[43.873,16.155],[43.878,16.166],[43.878,16.182],[43.886,16.192],[43.89,16.2],[43.881,16.215],[43.872,16.224],[43.867,16.231],[43.863,16.241],[43.863,16.246],[43.864,16.248],[43.867,16.249],[43.871,16.252],[43.874,16.262],[43.884,16.279],[43.885,16.285],[43.895,16.32],[43.905,16.361],[43.911,16.398],[43.911,16.413],[43.895,16.443],[43.888,16.463],[43.878,16.477],[43.868,16.485],[43.812,16.491],[43.804,16.496],[43.799,16.505],[43.794,16.529],[43.791,16.534],[43.771,16.563],[43.756,16.579],[43.752,16.578],[43.745,16.567],[43.739,16.569],[43.733,16.566],[43.73,16.567],[43.724,16.562],[43.715,16.557],[43.708,16.55],[43.707,16.54],[43.704,16.538],[43.688,16.539],[43.683,16.54],[43.676,16.533],[43.672,16.521],[43.668,16.516],[43.655,16.505],[43.628,16.478]]]}},{"type":"Feature","properties":{"id":"qaflat-odhar","name":"Qaflat Odhar","gov":"YE-AM","km2":578,"c":[16.286,43.686]},"geometry":{"type":"Polygon","coordinates":[[[43.561,16.193],[43.57,16.189],[43.582,16.179],[43.586,16.177],[43.59,16.177],[43.597,16.182],[43.606,16.185],[43.606,16.19],[43.603,16.197],[43.6,16.2],[43.596,16.218],[43.597,16.227],[43.605,16.248],[43.603,16.261],[43.598,16.281],[43.599,16.293],[43.602,16.301],[43.607,16.306],[43.613,16.308],[43.62,16.308],[43.636,16.295],[43.639,16.294],[43.641,16.289],[43.655,16.274],[43.663,16.273],[43.665,16.27],[43.671,16.271],[43.682,16.28],[43.708,16.271],[43.719,16.266],[43.722,16.261],[43.724,16.251],[43.731,16.247],[43.743,16.244],[43.749,16.24],[43.756,16.23],[43.759,16.218],[43.761,16.199],[43.757,16.173],[43.762,16.159],[43.762,16.154],[43.758,16.142],[43.757,16.127],[43.756,16.121],[43.749,16.112],[43.751,16.105],[43.754,16.102],[43.758,16.101],[43.77,16.102],[43.78,16.118],[43.79,16.129],[43.801,16.148],[43.796,16.158],[43.793,16.173],[43.794,16.179],[43.801,16.182],[43.807,16.195],[43.804,16.2],[43.8,16.204],[43.8,16.216],[43.804,16.22],[43.816,16.222],[43.819,16.231],[43.834,16.24],[43.838,16.24],[43.842,16.243],[43.841,16.249],[43.831,16.249],[43.825,16.257],[43.812,16.265],[43.796,16.28],[43.786,16.293],[43.782,16.301],[43.779,16.314],[43.779,16.333],[43.771,16.372],[43.765,16.385],[43.744,16.416],[43.739,16.421],[43.725,16.429],[43.692,16.442],[43.659,16.462],[43.644,16.468],[43.641,16.468],[43.628,16.478],[43.622,16.471],[43.619,16.458],[43.618,16.446],[43.61,16.425],[43.584,16.38],[43.571,16.361],[43.563,16.337],[43.539,16.311],[43.528,16.308],[43.53,16.303],[43.528,16.297],[43.529,16.29],[43.527,16.289],[43.521,16.293],[43.518,16.291],[43.518,16.285],[43.524,16.278],[43.522,16.273],[43.517,16.269],[43.515,16.266],[43.514,16.258],[43.517,16.248],[43.514,16.246],[43.513,16.243],[43.518,16.241],[43.522,16.243],[43.523,16.242],[43.52,16.234],[43.523,16.234],[43.529,16.239],[43.53,16.238],[43.528,16.233],[43.518,16.225],[43.518,16.224],[43.523,16.221],[43.519,16.219],[43.519,16.217],[43.525,16.217],[43.525,16.216],[43.524,16.214],[43.515,16.213],[43.52,16.207],[43.515,16.206],[43.514,16.204],[43.518,16.203],[43.521,16.205],[43.561,16.193]]]}},{"type":"Feature","properties":{"id":"al-mahwit","name":"Al Mahwit","gov":"YE-MW","km2":296,"c":[15.429,43.549]},"geometry":{"type":"Polygon","coordinates":[[[43.484,15.547],[43.485,15.533],[43.49,15.529],[43.488,15.514],[43.492,15.501],[43.477,15.497],[43.478,15.494],[43.476,15.49],[43.481,15.485],[43.465,15.473],[43.462,15.462],[43.462,15.452],[43.463,15.451],[43.46,15.446],[43.455,15.443],[43.456,15.442],[43.453,15.439],[43.451,15.44],[43.451,15.436],[43.457,15.432],[43.461,15.406],[43.463,15.404],[43.461,15.391],[43.466,15.382],[43.477,15.379],[43.478,15.368],[43.489,15.371],[43.484,15.381],[43.491,15.399],[43.491,15.418],[43.494,15.42],[43.495,15.424],[43.499,15.421],[43.519,15.414],[43.519,15.409],[43.538,15.389],[43.539,15.359],[43.542,15.357],[43.542,15.345],[43.553,15.346],[43.557,15.338],[43.555,15.335],[43.556,15.327],[43.562,15.328],[43.565,15.324],[43.569,15.322],[43.6,15.328],[43.602,15.326],[43.607,15.323],[43.616,15.315],[43.619,15.307],[43.643,15.28],[43.643,15.27],[43.65,15.273],[43.656,15.27],[43.661,15.273],[43.667,15.27],[43.674,15.276],[43.683,15.28],[43.68,15.286],[43.682,15.31],[43.681,15.319],[43.676,15.328],[43.669,15.332],[43.67,15.34],[43.667,15.349],[43.669,15.352],[43.67,15.358],[43.668,15.361],[43.652,15.371],[43.636,15.378],[43.617,15.396],[43.605,15.404],[43.594,15.439],[43.59,15.454],[43.583,15.457],[43.573,15.45],[43.567,15.45],[43.564,15.452],[43.565,15.448],[43.564,15.433],[43.558,15.432],[43.542,15.454],[43.527,15.464],[43.527,15.467],[43.535,15.469],[43.537,15.486],[43.552,15.495],[43.552,15.501],[43.553,15.503],[43.556,15.503],[43.56,15.52],[43.559,15.526],[43.564,15.528],[43.565,15.527],[43.574,15.533],[43.574,15.542],[43.561,15.541],[43.554,15.546],[43.549,15.547],[43.541,15.546],[43.54,15.548],[43.538,15.547],[43.535,15.549],[43.531,15.547],[43.53,15.549],[43.527,15.55],[43.518,15.548],[43.514,15.552],[43.508,15.552],[43.506,15.548],[43.5,15.547],[43.499,15.544],[43.489,15.547],[43.484,15.547]]]}},{"type":"Feature","properties":{"id":"shahin","name":"Shahin","gov":"YE-MR","km2":13610,"c":[17.534,52.234]},"geometry":{"type":"Polygon","coordinates":[[[51.457,18.257],[51.552,18.254],[51.617,18.249],[51.692,18.226],[51.797,18.154],[51.907,18.09],[52.044,18.151],[52.169,18.148],[52.145,17.987],[52.144,17.972],[52.145,17.963],[52.169,17.869],[52.183,17.808],[52.191,17.647],[52.209,17.458],[52.211,17.298],[52.211,17.178],[52.218,17.052],[52.213,16.964],[52.201,16.888],[52.215,16.894],[52.221,16.895],[52.228,16.895],[52.242,16.893],[52.294,16.89],[52.341,16.88],[52.391,16.875],[52.401,16.873],[52.416,16.871],[52.423,16.871],[52.436,16.869],[52.446,16.872],[52.463,16.872],[52.579,16.87],[52.615,16.87],[52.633,16.869],[52.657,16.862],[52.695,16.855],[52.708,16.85],[52.776,16.841],[52.828,16.827],[52.882,16.821],[52.906,16.814],[52.947,16.798],[53.002,16.791],[53.044,16.79],[52.812,17.286],[52.746,17.294],[52.743,17.302],[52.751,17.304],[52.751,17.306],[52.782,17.35],[52.298,18.374],[52,19],[51.968,18.986],[51.928,18.963],[51.802,18.879],[51.723,18.821],[51.655,18.762],[51.612,18.716],[51.573,18.666],[51.537,18.605],[51.528,18.587],[51.525,18.58],[51.524,18.562],[51.528,18.528],[51.531,18.517],[51.532,18.496],[51.526,18.456],[51.521,18.437],[51.491,18.373],[51.459,18.27],[51.457,18.257]]]}},{"type":"Feature","properties":{"id":"shaharah","name":"Shaharah","gov":"YE-AM","km2":172,"c":[16.184,43.696]},"geometry":{"type":"Polygon","coordinates":[[[43.671,16.271],[43.673,16.267],[43.677,16.264],[43.677,16.246],[43.674,16.232],[43.677,16.213],[43.678,16.211],[43.675,16.206],[43.676,16.204],[43.67,16.203],[43.661,16.178],[43.652,16.168],[43.642,16.166],[43.639,16.156],[43.635,16.152],[43.635,16.133],[43.643,16.115],[43.649,16.106],[43.648,16.097],[43.649,16.093],[43.664,16.095],[43.674,16.092],[43.694,16.108],[43.696,16.123],[43.698,16.128],[43.7,16.129],[43.708,16.131],[43.714,16.127],[43.739,16.129],[43.757,16.127],[43.758,16.142],[43.762,16.154],[43.762,16.159],[43.757,16.173],[43.761,16.199],[43.759,16.218],[43.756,16.23],[43.749,16.24],[43.743,16.244],[43.731,16.247],[43.724,16.251],[43.722,16.261],[43.719,16.266],[43.708,16.271],[43.682,16.28],[43.671,16.271]]]}},{"type":"Feature","properties":{"id":"sayhut","name":"Sayhut","gov":"YE-MR","km2":2707,"c":[15.38,51.313]},"geometry":{"type":"Polygon","coordinates":[[[50.87,15.816],[50.892,15.792],[50.944,15.723],[50.97,15.679],[51.018,15.511],[51.022,15.504],[51.068,15.448],[51.101,15.396],[51.127,15.334],[51.144,15.282],[51.162,15.177],[51.19,15.186],[51.207,15.193],[51.217,15.193],[51.228,15.196],[51.292,15.223],[51.3,15.226],[51.302,15.225],[51.313,15.231],[51.323,15.235],[51.332,15.234],[51.337,15.238],[51.342,15.238],[51.343,15.236],[51.347,15.233],[51.35,15.235],[51.355,15.234],[51.36,15.234],[51.362,15.235],[51.369,15.235],[51.368,15.243],[51.375,15.247],[51.407,15.261],[51.418,15.255],[51.421,15.256],[51.417,15.262],[51.421,15.265],[51.439,15.274],[51.443,15.272],[51.445,15.275],[51.451,15.278],[51.456,15.274],[51.457,15.281],[51.47,15.288],[51.476,15.296],[51.484,15.3],[51.53,15.317],[51.576,15.331],[51.578,15.33],[51.591,15.334],[51.602,15.335],[51.604,15.331],[51.607,15.33],[51.617,15.33],[51.624,15.332],[51.629,15.33],[51.641,15.336],[51.646,15.335],[51.54,15.418],[51.528,15.43],[51.438,15.537],[51.26,15.719],[50.976,15.872],[50.964,15.877],[50.954,15.867],[50.914,15.831],[50.893,15.821],[50.877,15.816],[50.87,15.816]]]}},{"type":"Feature","properties":{"id":"qishn","name":"Qishn","gov":"YE-MR","km2":3369,"c":[15.65,51.611]},"geometry":{"type":"Polygon","coordinates":[[[50.964,15.877],[50.976,15.872],[51.26,15.719],[51.438,15.537],[51.528,15.43],[51.54,15.418],[51.646,15.335],[51.66,15.337],[51.664,15.34],[51.663,15.343],[51.658,15.345],[51.658,15.348],[51.648,15.349],[51.64,15.353],[51.635,15.362],[51.636,15.369],[51.638,15.371],[51.64,15.382],[51.647,15.391],[51.661,15.402],[51.692,15.419],[51.75,15.44],[51.821,15.462],[51.834,15.454],[51.837,15.449],[51.844,15.447],[51.846,15.443],[51.849,15.447],[51.855,15.448],[51.849,15.454],[51.848,15.457],[51.854,15.464],[51.853,15.467],[51.848,15.47],[51.848,15.473],[51.855,15.483],[51.864,15.487],[51.863,15.491],[51.866,15.493],[51.858,15.509],[51.847,15.538],[51.846,15.544],[51.843,15.574],[51.83,15.619],[51.829,15.628],[51.825,15.64],[51.81,15.651],[51.782,15.666],[51.774,15.668],[51.758,15.669],[51.747,15.673],[51.741,15.676],[51.721,15.709],[51.705,15.726],[51.696,15.739],[51.675,15.76],[51.668,15.771],[51.664,15.781],[51.662,15.791],[51.662,15.8],[51.665,15.812],[51.664,15.819],[51.661,15.824],[51.649,15.83],[51.647,15.833],[51.632,15.878],[51.624,15.918],[51.622,15.958],[51.536,15.971],[51.49,15.977],[51.473,15.977],[51.457,15.981],[51.418,15.985],[51.39,15.99],[51.361,15.992],[51.33,15.997],[51.2,16.011],[51.151,16.009],[51.131,16.008],[51.099,16.001],[51.072,15.991],[51.05,15.981],[51.029,15.966],[51.008,15.944],[50.964,15.877]]]}},{"type":"Feature","properties":{"id":"haswin","name":"Haswin","gov":"YE-MR","km2":1775,"c":[15.74,51.879]},"geometry":{"type":"Polygon","coordinates":[[[51.622,15.958],[51.624,15.918],[51.632,15.878],[51.647,15.833],[51.649,15.83],[51.661,15.824],[51.664,15.819],[51.665,15.812],[51.662,15.8],[51.662,15.791],[51.664,15.781],[51.668,15.771],[51.675,15.76],[51.696,15.739],[51.705,15.726],[51.721,15.709],[51.741,15.676],[51.747,15.673],[51.758,15.669],[51.774,15.668],[51.782,15.666],[51.81,15.651],[51.825,15.64],[51.829,15.628],[51.83,15.619],[51.843,15.574],[51.846,15.544],[51.847,15.538],[51.858,15.509],[51.866,15.493],[51.934,15.521],[51.936,15.519],[51.94,15.523],[51.963,15.533],[52.043,15.563],[52.178,15.608],[52.196,15.61],[52.198,15.614],[52.202,15.614],[52.21,15.625],[52.222,15.632],[52.196,15.647],[52.169,15.669],[52.158,15.693],[52.151,15.714],[52.138,15.74],[52.121,15.768],[52.113,15.777],[52.105,15.784],[52.079,15.801],[52.052,15.815],[52.042,15.823],[52.023,15.842],[51.991,15.869],[51.967,15.902],[51.938,15.921],[51.932,15.924],[51.906,15.928],[51.838,15.931],[51.801,15.939],[51.746,15.943],[51.704,15.95],[51.687,15.951],[51.647,15.957],[51.622,15.958]]]}},{"type":"Feature","properties":{"id":"al-madan","name":"Al Madan","gov":"YE-AM","km2":102,"c":[16.236,43.636]},"geometry":{"type":"Polygon","coordinates":[[[43.606,16.185],[43.62,16.176],[43.625,16.167],[43.639,16.156],[43.642,16.166],[43.652,16.168],[43.661,16.178],[43.67,16.203],[43.676,16.204],[43.675,16.206],[43.678,16.211],[43.677,16.213],[43.674,16.232],[43.677,16.246],[43.677,16.264],[43.673,16.267],[43.671,16.271],[43.665,16.27],[43.663,16.273],[43.655,16.274],[43.641,16.289],[43.639,16.294],[43.636,16.295],[43.62,16.308],[43.613,16.308],[43.607,16.306],[43.602,16.301],[43.599,16.293],[43.598,16.281],[43.603,16.261],[43.605,16.248],[43.597,16.227],[43.596,16.218],[43.6,16.2],[43.603,16.197],[43.606,16.19],[43.606,16.185]]]}},{"type":"Feature","properties":{"id":"kharif","name":"Kharif","gov":"YE-AM","km2":290,"c":[15.863,44.067]},"geometry":{"type":"Polygon","coordinates":[[[44.151,15.914],[44.131,15.914],[44.125,15.911],[44.113,15.91],[44.101,15.914],[44.077,15.919],[44.072,15.923],[44.061,15.927],[44.058,15.933],[44.058,15.947],[44.054,15.951],[44.046,15.955],[44.042,15.961],[44.04,15.956],[44.035,15.948],[44.032,15.954],[44.024,15.954],[44.018,15.958],[44.014,15.964],[44.01,15.965],[44.005,15.963],[44.008,15.959],[44.007,15.956],[44.002,15.95],[43.997,15.948],[43.979,15.925],[43.997,15.919],[44.004,15.915],[44.003,15.903],[44.009,15.896],[44.013,15.896],[44.016,15.895],[44.024,15.886],[44.031,15.871],[44.024,15.843],[44.046,15.825],[44.062,15.816],[44.062,15.808],[44.058,15.801],[44.062,15.792],[44.064,15.781],[44.059,15.775],[44.057,15.776],[44.048,15.774],[44.041,15.777],[44.036,15.772],[44.032,15.765],[44.035,15.755],[44.038,15.752],[44.041,15.753],[44.047,15.751],[44.069,15.764],[44.078,15.763],[44.094,15.745],[44.146,15.747],[44.154,15.752],[44.164,15.754],[44.171,15.757],[44.176,15.764],[44.18,15.773],[44.181,15.797],[44.181,15.824],[44.169,15.852],[44.156,15.87],[44.152,15.897],[44.151,15.914]]]}},{"type":"Feature","properties":{"id":"suwayr","name":"Suwayr","gov":"YE-AM","km2":160,"c":[16.043,43.614]},"geometry":{"type":"Polygon","coordinates":[[[43.573,15.958],[43.575,15.947],[43.581,15.953],[43.584,15.951],[43.584,15.947],[43.579,15.942],[43.584,15.937],[43.582,15.931],[43.597,15.937],[43.602,15.94],[43.616,15.958],[43.621,15.969],[43.626,15.974],[43.639,15.992],[43.641,15.994],[43.649,15.992],[43.656,15.998],[43.657,16.003],[43.656,16.019],[43.659,16.027],[43.659,16.034],[43.662,16.052],[43.664,16.061],[43.666,16.063],[43.664,16.078],[43.674,16.092],[43.664,16.095],[43.649,16.093],[43.648,16.097],[43.649,16.106],[43.643,16.115],[43.635,16.133],[43.635,16.152],[43.639,16.156],[43.625,16.167],[43.62,16.176],[43.606,16.185],[43.597,16.182],[43.59,16.177],[43.586,16.177],[43.582,16.179],[43.57,16.189],[43.561,16.193],[43.572,16.124],[43.575,16.112],[43.573,16.098],[43.578,16.092],[43.601,16.05],[43.605,16.039],[43.613,16.027],[43.623,16.021],[43.629,16.005],[43.626,16],[43.613,15.988],[43.601,15.985],[43.599,15.982],[43.597,15.983],[43.594,15.98],[43.591,15.979],[43.583,15.967],[43.582,15.962],[43.573,15.958]]]}},{"type":"Feature","properties":{"id":"dhulaymat-habur","name":"Dhulaymat Habur","gov":"YE-AM","km2":191,"c":[16.048,43.744]},"geometry":{"type":"Polygon","coordinates":[[[43.708,15.941],[43.718,15.952],[43.718,15.964],[43.713,15.979],[43.723,15.982],[43.738,15.979],[43.744,15.979],[43.748,15.982],[43.746,15.993],[43.751,16.001],[43.752,16.013],[43.757,16.026],[43.758,16.037],[43.769,16.057],[43.779,16.053],[43.787,16.044],[43.788,16.03],[43.797,16.005],[43.794,15.988],[43.819,15.993],[43.816,16],[43.809,16.003],[43.808,16.009],[43.802,16.013],[43.798,16.025],[43.797,16.039],[43.791,16.05],[43.792,16.056],[43.797,16.06],[43.803,16.064],[43.81,16.064],[43.811,16.092],[43.814,16.1],[43.81,16.107],[43.809,16.118],[43.806,16.125],[43.808,16.135],[43.801,16.133],[43.798,16.128],[43.796,16.123],[43.797,16.107],[43.788,16.096],[43.778,16.091],[43.77,16.097],[43.77,16.102],[43.758,16.101],[43.754,16.102],[43.751,16.105],[43.749,16.112],[43.756,16.121],[43.757,16.127],[43.739,16.129],[43.714,16.127],[43.708,16.131],[43.7,16.129],[43.698,16.128],[43.696,16.123],[43.694,16.108],[43.674,16.092],[43.664,16.078],[43.666,16.063],[43.664,16.061],[43.662,16.052],[43.659,16.034],[43.659,16.027],[43.656,16.019],[43.657,16.003],[43.656,15.998],[43.661,16.001],[43.664,16.007],[43.67,16.007],[43.673,16.006],[43.676,15.996],[43.686,15.988],[43.697,15.978],[43.698,15.968],[43.704,15.956],[43.708,15.941]]]}},{"type":"Feature","properties":{"id":"dhibain","name":"Dhibain","gov":"YE-AM","km2":311,"c":[16.015,44.176]},"geometry":{"type":"Polygon","coordinates":[[[44.325,16.064],[44.321,16.06],[44.308,16.053],[44.288,16.051],[44.247,16.044],[44.212,16.046],[44.203,16.049],[44.181,16.074],[44.17,16.089],[44.167,16.099],[44.165,16.102],[44.089,16.102],[44.078,16.107],[44.074,16.112],[44.068,16.112],[44.067,16.111],[44.065,16.09],[44.069,16.068],[44.073,16.055],[44.075,16.047],[44.075,16.043],[44.053,16.034],[44.049,16.029],[44.051,16.004],[44.05,15.982],[44.048,15.972],[44.042,15.961],[44.046,15.955],[44.054,15.951],[44.058,15.947],[44.058,15.933],[44.061,15.927],[44.072,15.923],[44.077,15.919],[44.101,15.914],[44.113,15.91],[44.125,15.911],[44.131,15.914],[44.151,15.914],[44.151,15.923],[44.156,15.951],[44.158,15.972],[44.151,15.988],[44.16,15.988],[44.167,15.992],[44.182,15.993],[44.189,15.996],[44.206,15.998],[44.211,15.993],[44.215,15.991],[44.224,15.991],[44.231,15.998],[44.234,16.01],[44.237,16.013],[44.255,16.017],[44.261,16.021],[44.269,16.029],[44.281,16.031],[44.289,16.034],[44.292,16.038],[44.302,16.04],[44.324,16.038],[44.332,16.039],[44.336,16.037],[44.34,16.039],[44.346,16.038],[44.357,16.047],[44.33,16.059],[44.325,16.064]]]}},{"type":"Feature","properties":{"id":"raydah","name":"Raydah","gov":"YE-AM","km2":256,"c":[15.81,44.022]},"geometry":{"type":"Polygon","coordinates":[[[44.113,15.614],[44.118,15.633],[44.119,15.658],[44.097,15.716],[44.096,15.724],[44.098,15.727],[44.101,15.728],[44.101,15.733],[44.094,15.745],[44.078,15.763],[44.069,15.764],[44.047,15.751],[44.041,15.753],[44.038,15.752],[44.035,15.755],[44.032,15.765],[44.036,15.772],[44.041,15.777],[44.048,15.774],[44.057,15.776],[44.059,15.775],[44.064,15.781],[44.062,15.792],[44.058,15.801],[44.062,15.808],[44.062,15.816],[44.046,15.825],[44.024,15.843],[44.031,15.871],[44.024,15.886],[44.016,15.895],[44.013,15.896],[44.009,15.896],[44.003,15.903],[44.004,15.915],[43.997,15.919],[43.979,15.925],[43.971,15.909],[43.962,15.902],[43.962,15.894],[43.96,15.892],[43.947,15.903],[43.939,15.904],[43.937,15.903],[43.932,15.895],[43.929,15.874],[43.93,15.852],[43.936,15.831],[43.935,15.824],[43.944,15.811],[43.965,15.788],[43.975,15.793],[43.994,15.798],[44.024,15.8],[44.029,15.799],[44.032,15.797],[44.036,15.783],[44.034,15.777],[44.028,15.772],[44.029,15.769],[44.026,15.757],[44.019,15.754],[44.013,15.749],[44.006,15.738],[44.016,15.732],[44.02,15.727],[44.02,15.721],[44.025,15.715],[44.033,15.692],[44.053,15.663],[44.061,15.643],[44.063,15.632],[44.065,15.628],[44.064,15.625],[44.066,15.616],[44.113,15.614]]]}},{"type":"Feature","properties":{"id":"as-sudah","name":"As Sudah","gov":"YE-AM","km2":167,"c":[15.95,43.767]},"geometry":{"type":"Polygon","coordinates":[[[43.715,15.883],[43.727,15.884],[43.739,15.879],[43.743,15.88],[43.743,15.884],[43.753,15.883],[43.762,15.88],[43.768,15.883],[43.782,15.884],[43.79,15.89],[43.797,15.899],[43.797,15.902],[43.802,15.906],[43.809,15.908],[43.813,15.912],[43.83,15.922],[43.848,15.943],[43.839,15.972],[43.835,15.976],[43.829,15.979],[43.826,15.986],[43.819,15.993],[43.794,15.988],[43.797,16.005],[43.788,16.03],[43.787,16.044],[43.779,16.053],[43.769,16.057],[43.758,16.037],[43.757,16.026],[43.752,16.013],[43.751,16.001],[43.746,15.993],[43.748,15.982],[43.744,15.979],[43.738,15.979],[43.723,15.982],[43.713,15.979],[43.718,15.964],[43.718,15.952],[43.708,15.941],[43.708,15.93],[43.704,15.915],[43.712,15.898],[43.715,15.883]]]}},{"type":"Feature","properties":{"id":"amran","name":"Amran","gov":"YE-AM","km2":127,"c":[15.674,43.938]},"geometry":{"type":"MultiPolygon","coordinates":[[[[43.872,15.618],[43.901,15.607],[43.921,15.614],[43.931,15.621],[43.939,15.636],[43.941,15.645],[43.94,15.65],[43.953,15.646],[43.966,15.645],[43.969,15.66],[43.965,15.681],[43.975,15.692],[43.978,15.703],[43.982,15.706],[43.987,15.713],[43.984,15.721],[43.98,15.718],[43.972,15.722],[43.966,15.727],[43.952,15.728],[43.947,15.727],[43.94,15.71],[43.937,15.707],[43.933,15.7],[43.916,15.686],[43.913,15.681],[43.914,15.671],[43.913,15.667],[43.897,15.662],[43.883,15.647],[43.877,15.636],[43.872,15.618]]],[[[43.737,15.653],[43.747,15.641],[43.753,15.64],[43.758,15.642],[43.763,15.643],[43.769,15.64],[43.774,15.642],[43.783,15.661],[43.79,15.666],[43.796,15.665],[43.795,15.671],[43.786,15.694],[43.782,15.719],[43.78,15.722],[43.774,15.726],[43.763,15.728],[43.761,15.731],[43.765,15.742],[43.762,15.746],[43.757,15.746],[43.754,15.745],[43.751,15.741],[43.751,15.736],[43.747,15.733],[43.739,15.731],[43.737,15.728],[43.741,15.727],[43.753,15.73],[43.755,15.729],[43.742,15.718],[43.742,15.708],[43.74,15.706],[43.731,15.703],[43.728,15.7],[43.737,15.653]]]]}},{"type":"Feature","properties":{"id":"as-sawd","name":"As Sawd","gov":"YE-AM","km2":168,"c":[15.819,43.759]},"geometry":{"type":"Polygon","coordinates":[[[43.717,15.864],[43.72,15.861],[43.719,15.852],[43.729,15.842],[43.729,15.839],[43.728,15.835],[43.724,15.831],[43.722,15.827],[43.719,15.825],[43.715,15.82],[43.708,15.817],[43.705,15.814],[43.706,15.809],[43.711,15.8],[43.712,15.795],[43.708,15.791],[43.708,15.787],[43.716,15.769],[43.716,15.761],[43.711,15.753],[43.721,15.752],[43.735,15.754],[43.744,15.744],[43.751,15.741],[43.754,15.745],[43.757,15.746],[43.762,15.746],[43.765,15.742],[43.778,15.748],[43.798,15.762],[43.805,15.763],[43.818,15.755],[43.839,15.759],[43.843,15.769],[43.837,15.777],[43.836,15.787],[43.829,15.794],[43.823,15.805],[43.818,15.808],[43.815,15.822],[43.817,15.835],[43.815,15.842],[43.814,15.856],[43.804,15.883],[43.802,15.906],[43.797,15.902],[43.797,15.899],[43.79,15.89],[43.782,15.884],[43.768,15.883],[43.762,15.88],[43.753,15.883],[43.743,15.884],[43.743,15.88],[43.739,15.879],[43.727,15.884],[43.715,15.883],[43.715,15.868],[43.717,15.864]]]}},{"type":"Feature","properties":{"id":"maswar","name":"Maswar","gov":"YE-AM","km2":136,"c":[15.588,43.688]},"geometry":{"type":"Polygon","coordinates":[[[43.685,15.665],[43.679,15.667],[43.668,15.664],[43.665,15.661],[43.658,15.658],[43.654,15.647],[43.648,15.642],[43.645,15.627],[43.636,15.61],[43.639,15.599],[43.646,15.597],[43.663,15.584],[43.648,15.556],[43.631,15.538],[43.631,15.536],[43.629,15.535],[43.629,15.533],[43.639,15.534],[43.652,15.534],[43.664,15.54],[43.672,15.549],[43.68,15.553],[43.69,15.549],[43.698,15.542],[43.7,15.539],[43.707,15.533],[43.716,15.528],[43.727,15.529],[43.728,15.533],[43.733,15.536],[43.735,15.542],[43.737,15.544],[43.748,15.541],[43.749,15.57],[43.743,15.61],[43.732,15.63],[43.731,15.634],[43.744,15.642],[43.747,15.641],[43.737,15.653],[43.712,15.653],[43.707,15.657],[43.685,15.665]]]}},{"type":"Feature","properties":{"id":"bani-surim","name":"Bani Surim","gov":"YE-AM","km2":323,"c":[16.123,43.963]},"geometry":{"type":"Polygon","coordinates":[[[44.091,16.189],[44.079,16.189],[44.024,16.205],[44.001,16.208],[43.949,16.206],[43.919,16.203],[43.906,16.203],[43.89,16.2],[43.886,16.192],[43.878,16.182],[43.878,16.166],[43.873,16.155],[43.868,16.151],[43.865,16.146],[43.856,16.138],[43.842,16.13],[43.838,16.123],[43.873,16.124],[43.871,16.117],[43.875,16.106],[43.878,16.104],[43.887,16.097],[43.931,16.078],[43.936,16.075],[43.944,16.066],[43.962,16.062],[43.972,16.072],[43.993,16.07],[43.991,16.059],[43.996,16.051],[44.004,16.055],[44.028,16.052],[44.04,16.054],[44.05,16.048],[44.073,16.055],[44.069,16.068],[44.065,16.09],[44.067,16.111],[44.068,16.112],[44.073,16.124],[44.077,16.144],[44.091,16.189]]]}},{"type":"Feature","properties":{"id":"juban","name":"Juban","gov":"YE-DA","km2":1202,"c":[13.977,44.982]},"geometry":{"type":"Polygon","coordinates":[[[45.135,14.064],[45.131,14.067],[45.123,14.081],[45.118,14.087],[45.105,14.091],[45.092,14.09],[45.066,14.094],[45.057,14.097],[45.061,14.104],[45.06,14.113],[45.068,14.12],[45.065,14.142],[45.06,14.147],[45.056,14.158],[45.051,14.167],[45.016,14.187],[45.007,14.197],[44.996,14.219],[44.958,14.237],[44.938,14.238],[44.93,14.236],[44.924,14.238],[44.909,14.234],[44.891,14.232],[44.85,14.218],[44.821,14.202],[44.8,14.2],[44.804,14.184],[44.811,14.177],[44.813,14.174],[44.811,14.163],[44.802,14.128],[44.782,14.096],[44.774,14.087],[44.773,14.081],[44.778,14.074],[44.779,14.067],[44.776,14.057],[44.767,14.042],[44.767,14.036],[44.768,14.027],[44.765,14.014],[44.787,14.002],[44.809,13.983],[44.813,13.965],[44.813,13.948],[44.819,13.937],[44.818,13.9],[44.83,13.904],[44.843,13.921],[44.847,13.923],[44.85,13.922],[44.851,13.916],[44.856,13.916],[44.858,13.911],[44.862,13.914],[44.871,13.912],[44.879,13.914],[44.881,13.912],[44.878,13.908],[44.879,13.906],[44.885,13.911],[44.887,13.911],[44.895,13.903],[44.902,13.9],[44.904,13.894],[44.909,13.894],[44.914,13.89],[44.925,13.892],[44.927,13.888],[44.93,13.885],[44.934,13.884],[44.937,13.888],[44.939,13.888],[44.941,13.881],[44.945,13.881],[44.948,13.884],[44.957,13.878],[44.965,13.874],[44.972,13.875],[44.973,13.868],[44.977,13.872],[44.98,13.87],[44.981,13.874],[44.987,13.874],[44.992,13.872],[44.994,13.878],[44.996,13.879],[45.003,13.872],[45.005,13.872],[45.008,13.877],[45.01,13.877],[45.011,13.872],[45.014,13.873],[45.018,13.869],[45.018,13.875],[45.022,13.871],[45.025,13.874],[45.03,13.866],[45.041,13.875],[45.044,13.88],[45.048,13.88],[45.051,13.878],[45.056,13.882],[45.059,13.882],[45.062,13.883],[45.064,13.882],[45.067,13.887],[45.079,13.89],[45.081,13.889],[45.087,13.893],[45.089,13.89],[45.092,13.893],[45.097,13.892],[45.101,13.897],[45.104,13.894],[45.116,13.897],[45.119,13.897],[45.12,13.899],[45.123,13.9],[45.125,13.903],[45.12,13.905],[45.119,13.907],[45.119,13.908],[45.122,13.908],[45.122,13.909],[45.129,13.933],[45.13,13.952],[45.134,13.966],[45.13,13.967],[45.129,13.969],[45.132,13.974],[45.139,13.971],[45.138,13.977],[45.142,13.976],[45.143,13.979],[45.147,13.981],[45.152,13.98],[45.152,14.031],[45.149,14.041],[45.148,14.053],[45.135,14.064]]]}},{"type":"Feature","properties":{"id":"damt","name":"Damt","gov":"YE-DA","km2":372,"c":[14.097,44.683]},"geometry":{"type":"Polygon","coordinates":[[[44.595,14.136],[44.594,14.125],[44.605,14.114],[44.609,14.104],[44.608,14.1],[44.595,14.081],[44.583,14.081],[44.579,14.078],[44.575,14.078],[44.572,14.073],[44.564,14.073],[44.559,14.07],[44.553,14.054],[44.554,14.038],[44.558,14.028],[44.565,14.024],[44.589,14.022],[44.612,14.018],[44.634,14.013],[44.639,14.007],[44.653,14.005],[44.662,13.997],[44.668,13.996],[44.689,14.006],[44.696,14.013],[44.698,14.018],[44.698,14.024],[44.695,14.03],[44.681,14.039],[44.678,14.044],[44.683,14.046],[44.7,14.047],[44.723,14.037],[44.747,14.022],[44.765,14.014],[44.768,14.027],[44.767,14.036],[44.767,14.042],[44.776,14.057],[44.779,14.067],[44.778,14.074],[44.773,14.081],[44.774,14.087],[44.782,14.096],[44.802,14.128],[44.811,14.163],[44.813,14.174],[44.811,14.177],[44.804,14.184],[44.8,14.2],[44.795,14.201],[44.786,14.207],[44.77,14.213],[44.751,14.214],[44.739,14.209],[44.735,14.203],[44.73,14.19],[44.723,14.186],[44.714,14.186],[44.687,14.176],[44.678,14.175],[44.673,14.176],[44.673,14.176],[44.67,14.161],[44.669,14.141],[44.66,14.128],[44.66,14.123],[44.659,14.122],[44.644,14.12],[44.639,14.124],[44.621,14.134],[44.601,14.137],[44.595,14.136]],[[44.727,14.152],[44.73,14.157],[44.73,14.161],[44.734,14.164],[44.736,14.162],[44.735,14.157],[44.727,14.152]]]}},{"type":"Feature","properties":{"id":"qa-tabah","name":"Qa'tabah","gov":"YE-DA","km2":654,"c":[13.929,44.604]},"geometry":{"type":"Polygon","coordinates":[[[44.461,13.961],[44.448,13.946],[44.446,13.943],[44.451,13.937],[44.454,13.927],[44.46,13.922],[44.46,13.914],[44.472,13.903],[44.475,13.896],[44.474,13.892],[44.449,13.887],[44.457,13.872],[44.47,13.855],[44.474,13.851],[44.485,13.858],[44.488,13.867],[44.491,13.879],[44.493,13.882],[44.496,13.883],[44.504,13.883],[44.515,13.879],[44.522,13.874],[44.527,13.866],[44.531,13.863],[44.557,13.858],[44.564,13.85],[44.569,13.841],[44.571,13.831],[44.568,13.81],[44.587,13.823],[44.607,13.824],[44.635,13.824],[44.653,13.825],[44.665,13.838],[44.675,13.843],[44.694,13.84],[44.712,13.841],[44.726,13.844],[44.739,13.85],[44.755,13.869],[44.8,13.844],[44.808,13.854],[44.818,13.9],[44.819,13.937],[44.813,13.948],[44.813,13.965],[44.809,13.983],[44.787,14.002],[44.765,14.014],[44.747,14.022],[44.723,14.037],[44.7,14.047],[44.683,14.046],[44.678,14.044],[44.681,14.039],[44.695,14.03],[44.698,14.024],[44.698,14.018],[44.696,14.013],[44.689,14.006],[44.668,13.996],[44.662,13.997],[44.653,14.005],[44.639,14.007],[44.634,14.013],[44.612,14.018],[44.612,14.012],[44.608,14.004],[44.59,13.985],[44.573,13.988],[44.562,13.985],[44.551,13.991],[44.539,13.992],[44.527,13.986],[44.512,13.986],[44.496,13.981],[44.482,13.971],[44.461,13.961]]]}},{"type":"Feature","properties":{"id":"ash-shu-ayb","name":"Ash Shu'ayb","gov":"YE-DA","km2":339,"c":[13.868,44.98]},"geometry":{"type":"Polygon","coordinates":[[[45.096,13.85],[45.099,13.863],[45.104,13.866],[45.103,13.875],[45.109,13.883],[45.11,13.889],[45.116,13.897],[45.104,13.894],[45.101,13.897],[45.097,13.892],[45.092,13.893],[45.089,13.89],[45.087,13.893],[45.081,13.889],[45.079,13.89],[45.067,13.887],[45.064,13.882],[45.062,13.883],[45.059,13.882],[45.056,13.882],[45.051,13.878],[45.048,13.88],[45.044,13.88],[45.041,13.875],[45.03,13.866],[45.025,13.874],[45.022,13.871],[45.018,13.875],[45.018,13.869],[45.014,13.873],[45.011,13.872],[45.01,13.877],[45.008,13.877],[45.005,13.872],[45.003,13.872],[44.996,13.879],[44.994,13.878],[44.992,13.872],[44.987,13.874],[44.981,13.874],[44.98,13.87],[44.977,13.872],[44.973,13.868],[44.972,13.875],[44.965,13.874],[44.957,13.878],[44.948,13.884],[44.945,13.881],[44.941,13.881],[44.939,13.888],[44.937,13.888],[44.934,13.884],[44.93,13.885],[44.927,13.888],[44.925,13.892],[44.914,13.89],[44.909,13.894],[44.904,13.894],[44.902,13.9],[44.895,13.903],[44.887,13.911],[44.885,13.911],[44.879,13.906],[44.878,13.908],[44.881,13.912],[44.879,13.914],[44.871,13.912],[44.862,13.914],[44.858,13.911],[44.856,13.916],[44.851,13.916],[44.85,13.922],[44.847,13.923],[44.843,13.921],[44.83,13.904],[44.818,13.9],[44.808,13.854],[44.8,13.844],[44.828,13.815],[44.848,13.799],[44.914,13.775],[44.924,13.766],[44.942,13.744],[44.948,13.746],[44.953,13.752],[44.956,13.756],[44.96,13.768],[44.979,13.776],[44.995,13.792],[45.017,13.798],[45.045,13.804],[45.053,13.808],[45.074,13.809],[45.079,13.813],[45.082,13.826],[45.087,13.83],[45.096,13.85]]]}},{"type":"Feature","properties":{"id":"thula","name":"Thula","gov":"YE-AM","km2":174,"c":[15.593,43.816]},"geometry":{"type":"Polygon","coordinates":[[[43.939,15.578],[43.905,15.6],[43.901,15.607],[43.872,15.618],[43.857,15.622],[43.841,15.63],[43.815,15.632],[43.812,15.633],[43.807,15.637],[43.803,15.642],[43.8,15.655],[43.796,15.665],[43.79,15.666],[43.783,15.661],[43.774,15.642],[43.769,15.64],[43.763,15.643],[43.758,15.642],[43.753,15.64],[43.747,15.641],[43.744,15.642],[43.731,15.634],[43.732,15.63],[43.743,15.61],[43.749,15.57],[43.748,15.541],[43.752,15.539],[43.756,15.541],[43.763,15.545],[43.765,15.548],[43.773,15.551],[43.784,15.576],[43.791,15.581],[43.802,15.58],[43.807,15.576],[43.813,15.569],[43.815,15.569],[43.828,15.559],[43.832,15.549],[43.853,15.544],[43.863,15.536],[43.87,15.535],[43.881,15.53],[43.895,15.517],[43.907,15.517],[43.916,15.54],[43.919,15.565],[43.932,15.572],[43.939,15.578]]]}},{"type":"Feature","properties":{"id":"eyal-surayh","name":"Eyal Surayh","gov":"YE-AM","km2":233,"c":[15.648,43.998]},"geometry":{"type":"MultiPolygon","coordinates":[[[[43.916,15.54],[43.907,15.517],[43.914,15.518],[43.917,15.516],[43.943,15.527],[43.946,15.534],[43.945,15.537],[43.916,15.54]]],[[[44.066,15.616],[44.064,15.625],[44.065,15.628],[44.063,15.632],[44.061,15.643],[44.053,15.663],[44.033,15.692],[44.025,15.715],[44.02,15.721],[44.02,15.727],[44.016,15.732],[44.006,15.738],[44.001,15.738],[43.991,15.73],[43.989,15.725],[43.984,15.721],[43.987,15.713],[43.982,15.706],[43.978,15.703],[43.975,15.692],[43.965,15.681],[43.969,15.66],[43.966,15.645],[43.953,15.646],[43.94,15.65],[43.941,15.645],[43.939,15.636],[43.931,15.621],[43.921,15.614],[43.901,15.607],[43.905,15.6],[43.939,15.578],[43.958,15.561],[43.964,15.559],[43.983,15.56],[44.016,15.571],[44.03,15.572],[44.038,15.583],[44.044,15.587],[44.046,15.596],[44.056,15.611],[44.06,15.616],[44.066,15.616]]],[[[43.907,15.892],[43.905,15.898],[43.909,15.91],[43.908,15.94],[43.906,15.947],[43.893,15.95],[43.889,15.95],[43.886,15.945],[43.88,15.944],[43.877,15.945],[43.848,15.943],[43.83,15.922],[43.834,15.911],[43.843,15.895],[43.851,15.892],[43.859,15.893],[43.865,15.897],[43.871,15.896],[43.88,15.894],[43.888,15.885],[43.907,15.892]]]]}},{"type":"Feature","properties":{"id":"khamir","name":"Khamir","gov":"YE-AM","km2":423,"c":[15.995,43.929]},"geometry":{"type":"Polygon","coordinates":[[[43.929,15.874],[43.932,15.895],[43.937,15.903],[43.939,15.904],[43.947,15.903],[43.96,15.892],[43.962,15.894],[43.962,15.902],[43.971,15.909],[43.979,15.925],[43.997,15.948],[44.002,15.95],[44.007,15.956],[44.008,15.959],[44.005,15.963],[44.01,15.965],[44.014,15.964],[44.018,15.958],[44.024,15.954],[44.032,15.954],[44.035,15.948],[44.04,15.956],[44.042,15.961],[44.048,15.972],[44.05,15.982],[44.051,16.004],[44.049,16.029],[44.053,16.034],[44.075,16.043],[44.075,16.047],[44.073,16.055],[44.05,16.048],[44.04,16.054],[44.028,16.052],[44.004,16.055],[43.996,16.051],[43.991,16.059],[43.993,16.07],[43.972,16.072],[43.962,16.062],[43.944,16.066],[43.936,16.075],[43.931,16.078],[43.887,16.097],[43.878,16.104],[43.875,16.106],[43.871,16.117],[43.873,16.124],[43.838,16.123],[43.827,16.109],[43.818,16.101],[43.814,16.1],[43.811,16.092],[43.81,16.064],[43.803,16.064],[43.797,16.06],[43.792,16.056],[43.791,16.05],[43.797,16.039],[43.798,16.025],[43.802,16.013],[43.808,16.009],[43.809,16.003],[43.816,16],[43.819,15.993],[43.826,15.986],[43.829,15.979],[43.835,15.976],[43.839,15.972],[43.848,15.943],[43.877,15.945],[43.88,15.944],[43.886,15.945],[43.889,15.95],[43.893,15.95],[43.906,15.947],[43.908,15.94],[43.909,15.91],[43.905,15.898],[43.907,15.892],[43.915,15.879],[43.922,15.875],[43.929,15.874]]]}},{"type":"Feature","properties":{"id":"al-hasayn","name":"Al Hasayn","gov":"YE-DA","km2":187,"c":[13.766,44.826]},"geometry":{"type":"Polygon","coordinates":[[[44.942,13.744],[44.924,13.766],[44.914,13.775],[44.848,13.799],[44.828,13.815],[44.8,13.844],[44.755,13.869],[44.739,13.85],[44.726,13.844],[44.712,13.841],[44.713,13.826],[44.719,13.812],[44.723,13.807],[44.737,13.794],[44.75,13.788],[44.758,13.77],[44.767,13.755],[44.782,13.753],[44.79,13.749],[44.794,13.745],[44.795,13.738],[44.807,13.73],[44.811,13.733],[44.825,13.737],[44.833,13.736],[44.838,13.734],[44.848,13.728],[44.861,13.715],[44.867,13.712],[44.872,13.712],[44.883,13.717],[44.889,13.731],[44.894,13.734],[44.903,13.736],[44.919,13.744],[44.929,13.743],[44.937,13.741],[44.942,13.744]]]}},{"type":"Feature","properties":{"id":"ad-dali","name":"Ad Dali'","gov":"YE-DA","km2":337,"c":[13.748,44.728]},"geometry":{"type":"Polygon","coordinates":[[[44.807,13.73],[44.795,13.738],[44.794,13.745],[44.79,13.749],[44.782,13.753],[44.767,13.755],[44.758,13.77],[44.75,13.788],[44.737,13.794],[44.723,13.807],[44.719,13.812],[44.713,13.826],[44.712,13.841],[44.694,13.84],[44.675,13.843],[44.665,13.838],[44.653,13.825],[44.635,13.824],[44.607,13.824],[44.587,13.823],[44.568,13.81],[44.564,13.795],[44.562,13.77],[44.565,13.755],[44.563,13.747],[44.575,13.745],[44.588,13.737],[44.596,13.737],[44.611,13.734],[44.622,13.732],[44.625,13.738],[44.635,13.741],[44.64,13.744],[44.649,13.744],[44.65,13.751],[44.652,13.753],[44.653,13.76],[44.65,13.766],[44.65,13.77],[44.661,13.779],[44.668,13.781],[44.673,13.78],[44.684,13.772],[44.693,13.761],[44.703,13.754],[44.717,13.732],[44.719,13.726],[44.717,13.715],[44.715,13.714],[44.708,13.719],[44.704,13.715],[44.702,13.707],[44.716,13.7],[44.725,13.681],[44.727,13.677],[44.737,13.662],[44.74,13.656],[44.739,13.645],[44.746,13.627],[44.753,13.599],[44.759,13.599],[44.767,13.596],[44.807,13.584],[44.823,13.586],[44.828,13.589],[44.832,13.594],[44.835,13.598],[44.833,13.608],[44.835,13.617],[44.824,13.65],[44.821,13.685],[44.821,13.696],[44.817,13.706],[44.81,13.713],[44.807,13.73]]]}},{"type":"Feature","properties":{"id":"jahaf","name":"Jahaf","gov":"YE-DA","km2":85,"c":[13.73,44.667]},"geometry":{"type":"Polygon","coordinates":[[[44.611,13.734],[44.604,13.711],[44.612,13.706],[44.626,13.701],[44.631,13.694],[44.664,13.685],[44.669,13.682],[44.684,13.684],[44.718,13.68],[44.725,13.681],[44.716,13.7],[44.702,13.707],[44.704,13.715],[44.708,13.719],[44.715,13.714],[44.717,13.715],[44.719,13.726],[44.717,13.732],[44.703,13.754],[44.693,13.761],[44.684,13.772],[44.673,13.78],[44.668,13.781],[44.661,13.779],[44.65,13.77],[44.65,13.766],[44.653,13.76],[44.652,13.753],[44.65,13.751],[44.649,13.744],[44.64,13.744],[44.635,13.741],[44.625,13.738],[44.622,13.732],[44.611,13.734]]]}},{"type":"Feature","properties":{"id":"al-azariq","name":"Al Azariq","gov":"YE-DA","km2":364,"c":[13.633,44.627]},"geometry":{"type":"Polygon","coordinates":[[[44.512,13.588],[44.541,13.585],[44.544,13.583],[44.546,13.584],[44.549,13.581],[44.548,13.574],[44.551,13.574],[44.557,13.567],[44.584,13.551],[44.604,13.545],[44.628,13.545],[44.652,13.556],[44.655,13.559],[44.663,13.567],[44.666,13.567],[44.687,13.569],[44.694,13.573],[44.702,13.575],[44.709,13.576],[44.713,13.575],[44.731,13.576],[44.739,13.579],[44.745,13.584],[44.749,13.597],[44.753,13.599],[44.746,13.627],[44.739,13.645],[44.74,13.656],[44.737,13.662],[44.727,13.677],[44.725,13.681],[44.718,13.68],[44.684,13.684],[44.669,13.682],[44.664,13.685],[44.631,13.694],[44.626,13.701],[44.612,13.706],[44.604,13.711],[44.611,13.734],[44.596,13.737],[44.588,13.737],[44.575,13.745],[44.563,13.747],[44.556,13.727],[44.548,13.714],[44.543,13.71],[44.536,13.693],[44.521,13.668],[44.519,13.655],[44.524,13.638],[44.522,13.624],[44.518,13.618],[44.512,13.588]]]}},{"type":"Feature","properties":{"id":"al-husha","name":"Al Husha","gov":"YE-DA","km2":467,"c":[13.772,44.45]},"geometry":{"type":"Polygon","coordinates":[[[44.434,13.886],[44.43,13.884],[44.415,13.864],[44.407,13.86],[44.405,13.855],[44.406,13.851],[44.404,13.847],[44.405,13.84],[44.41,13.836],[44.408,13.827],[44.404,13.826],[44.383,13.833],[44.376,13.832],[44.372,13.829],[44.366,13.809],[44.366,13.803],[44.373,13.795],[44.376,13.794],[44.381,13.795],[44.381,13.794],[44.38,13.786],[44.371,13.775],[44.37,13.769],[44.379,13.768],[44.39,13.763],[44.393,13.76],[44.398,13.741],[44.408,13.722],[44.404,13.717],[44.399,13.715],[44.396,13.709],[44.395,13.705],[44.399,13.703],[44.4,13.697],[44.397,13.69],[44.38,13.673],[44.374,13.662],[44.374,13.651],[44.38,13.642],[44.395,13.632],[44.404,13.628],[44.431,13.621],[44.432,13.635],[44.442,13.641],[44.45,13.642],[44.459,13.64],[44.485,13.628],[44.518,13.618],[44.522,13.624],[44.524,13.638],[44.519,13.655],[44.521,13.668],[44.536,13.693],[44.543,13.71],[44.548,13.714],[44.556,13.727],[44.563,13.747],[44.565,13.755],[44.562,13.77],[44.564,13.795],[44.568,13.81],[44.571,13.831],[44.569,13.841],[44.564,13.85],[44.557,13.858],[44.531,13.863],[44.527,13.866],[44.522,13.874],[44.515,13.879],[44.504,13.883],[44.496,13.883],[44.493,13.882],[44.491,13.879],[44.488,13.867],[44.485,13.858],[44.474,13.851],[44.47,13.855],[44.457,13.872],[44.449,13.887],[44.434,13.886]]]}},{"type":"Feature","properties":{"id":"bilad-atta-am","name":"Bilad Atta'am","gov":"YE-RA","km2":403,"c":[14.837,43.591]},"geometry":{"type":"Polygon","coordinates":[[[43.57,14.947],[43.571,14.932],[43.567,14.909],[43.552,14.9],[43.545,14.895],[43.542,14.89],[43.538,14.888],[43.53,14.884],[43.525,14.886],[43.519,14.884],[43.511,14.881],[43.505,14.876],[43.504,14.869],[43.5,14.862],[43.502,14.854],[43.5,14.848],[43.501,14.846],[43.499,14.84],[43.485,14.832],[43.479,14.818],[43.473,14.816],[43.473,14.812],[43.482,14.798],[43.497,14.756],[43.512,14.736],[43.514,14.729],[43.529,14.73],[43.531,14.729],[43.553,14.731],[43.556,14.734],[43.557,14.746],[43.562,14.751],[43.576,14.752],[43.585,14.755],[43.602,14.756],[43.613,14.762],[43.619,14.772],[43.619,14.779],[43.624,14.779],[43.631,14.787],[43.64,14.786],[43.676,14.759],[43.687,14.761],[43.695,14.769],[43.707,14.786],[43.736,14.827],[43.736,14.843],[43.733,14.851],[43.733,14.857],[43.727,14.856],[43.724,14.852],[43.72,14.853],[43.716,14.861],[43.705,14.873],[43.679,14.884],[43.672,14.888],[43.666,14.896],[43.659,14.91],[43.644,14.926],[43.63,14.93],[43.619,14.932],[43.607,14.936],[43.599,14.941],[43.585,14.946],[43.57,14.947]]]}},{"type":"Feature","properties":{"id":"as-salafiyyah","name":"As Salafiyyah","gov":"YE-RA","km2":379,"c":[14.656,43.837]},"geometry":{"type":"Polygon","coordinates":[[[43.749,14.855],[43.747,14.856],[43.745,14.853],[43.742,14.852],[43.738,14.856],[43.733,14.857],[43.733,14.851],[43.736,14.843],[43.736,14.827],[43.707,14.786],[43.733,14.754],[43.741,14.72],[43.742,14.698],[43.745,14.695],[43.755,14.693],[43.758,14.684],[43.767,14.666],[43.766,14.661],[43.77,14.651],[43.766,14.646],[43.771,14.636],[43.768,14.635],[43.779,14.626],[43.785,14.613],[43.791,14.606],[43.8,14.603],[43.804,14.595],[43.791,14.575],[43.792,14.556],[43.795,14.551],[43.798,14.549],[43.818,14.556],[43.829,14.563],[43.841,14.559],[43.85,14.564],[43.857,14.56],[43.86,14.561],[43.865,14.557],[43.872,14.546],[43.884,14.538],[43.888,14.533],[43.89,14.537],[43.895,14.54],[43.897,14.544],[43.903,14.55],[43.907,14.551],[43.907,14.555],[43.91,14.557],[43.91,14.563],[43.914,14.564],[43.918,14.569],[43.92,14.569],[43.92,14.574],[43.926,14.577],[43.925,14.58],[43.93,14.586],[43.93,14.593],[43.932,14.597],[43.937,14.598],[43.939,14.604],[43.941,14.611],[43.94,14.613],[43.934,14.613],[43.922,14.619],[43.92,14.625],[43.907,14.631],[43.901,14.637],[43.897,14.643],[43.894,14.65],[43.893,14.657],[43.903,14.669],[43.905,14.675],[43.902,14.681],[43.891,14.692],[43.879,14.717],[43.86,14.73],[43.836,14.752],[43.813,14.759],[43.799,14.771],[43.787,14.789],[43.769,14.81],[43.757,14.833],[43.752,14.853],[43.749,14.855]]]}},{"type":"Feature","properties":{"id":"al-jabin","name":"Al Jabin","gov":"YE-RA","km2":337,"c":[14.68,43.596]},"geometry":{"type":"Polygon","coordinates":[[[43.476,14.697],[43.479,14.693],[43.477,14.686],[43.478,14.672],[43.483,14.661],[43.485,14.653],[43.484,14.635],[43.48,14.62],[43.481,14.617],[43.485,14.609],[43.493,14.599],[43.502,14.593],[43.509,14.594],[43.514,14.618],[43.518,14.628],[43.535,14.629],[43.542,14.626],[43.551,14.626],[43.553,14.628],[43.553,14.634],[43.549,14.64],[43.547,14.647],[43.55,14.65],[43.557,14.651],[43.562,14.644],[43.567,14.643],[43.571,14.639],[43.58,14.64],[43.586,14.646],[43.588,14.651],[43.575,14.66],[43.574,14.666],[43.576,14.668],[43.58,14.669],[43.588,14.667],[43.59,14.668],[43.595,14.663],[43.595,14.658],[43.596,14.655],[43.602,14.653],[43.604,14.649],[43.608,14.646],[43.613,14.645],[43.632,14.645],[43.634,14.65],[43.637,14.651],[43.652,14.651],[43.652,14.652],[43.667,14.643],[43.667,14.649],[43.66,14.67],[43.677,14.674],[43.692,14.674],[43.71,14.676],[43.732,14.667],[43.744,14.661],[43.757,14.65],[43.77,14.651],[43.766,14.661],[43.767,14.666],[43.758,14.684],[43.755,14.693],[43.745,14.695],[43.742,14.698],[43.741,14.72],[43.733,14.754],[43.707,14.786],[43.695,14.769],[43.687,14.761],[43.676,14.759],[43.64,14.786],[43.631,14.787],[43.624,14.779],[43.619,14.779],[43.619,14.772],[43.613,14.762],[43.602,14.756],[43.585,14.755],[43.576,14.752],[43.562,14.751],[43.557,14.746],[43.556,14.734],[43.553,14.731],[43.531,14.729],[43.529,14.73],[43.514,14.729],[43.514,14.721],[43.512,14.718],[43.487,14.706],[43.48,14.699],[43.476,14.697]]]}},{"type":"Feature","properties":{"id":"mazhar","name":"Mazhar","gov":"YE-RA","km2":268,"c":[14.558,43.775]},"geometry":{"type":"Polygon","coordinates":[[[43.888,14.533],[43.884,14.538],[43.872,14.546],[43.865,14.557],[43.86,14.561],[43.857,14.56],[43.85,14.564],[43.841,14.559],[43.829,14.563],[43.818,14.556],[43.798,14.549],[43.795,14.551],[43.792,14.556],[43.791,14.575],[43.804,14.595],[43.8,14.603],[43.791,14.606],[43.785,14.613],[43.779,14.626],[43.768,14.635],[43.771,14.636],[43.766,14.646],[43.77,14.651],[43.757,14.65],[43.744,14.661],[43.732,14.667],[43.71,14.676],[43.692,14.674],[43.677,14.674],[43.66,14.67],[43.667,14.649],[43.667,14.643],[43.652,14.652],[43.652,14.651],[43.637,14.651],[43.634,14.65],[43.632,14.645],[43.637,14.644],[43.637,14.642],[43.647,14.633],[43.652,14.62],[43.657,14.615],[43.66,14.61],[43.669,14.606],[43.673,14.599],[43.687,14.589],[43.693,14.586],[43.701,14.574],[43.702,14.565],[43.72,14.545],[43.736,14.524],[43.741,14.513],[43.746,14.497],[43.755,14.492],[43.766,14.489],[43.77,14.485],[43.775,14.475],[43.777,14.463],[43.78,14.459],[43.786,14.46],[43.787,14.459],[43.79,14.46],[43.789,14.466],[43.792,14.468],[43.79,14.47],[43.795,14.472],[43.794,14.476],[43.8,14.475],[43.813,14.479],[43.819,14.485],[43.827,14.488],[43.833,14.489],[43.841,14.497],[43.846,14.498],[43.852,14.498],[43.854,14.502],[43.856,14.502],[43.857,14.504],[43.86,14.504],[43.865,14.509],[43.865,14.511],[43.868,14.512],[43.868,14.515],[43.874,14.521],[43.875,14.525],[43.879,14.53],[43.879,14.532],[43.883,14.53],[43.888,14.533]]]}},{"type":"Feature","properties":{"id":"kusmah","name":"Kusmah","gov":"YE-RA","km2":216,"c":[14.519,43.683]},"geometry":{"type":"Polygon","coordinates":[[[43.78,14.459],[43.777,14.463],[43.775,14.475],[43.77,14.485],[43.766,14.489],[43.755,14.492],[43.746,14.497],[43.741,14.513],[43.736,14.524],[43.72,14.545],[43.702,14.565],[43.701,14.574],[43.693,14.586],[43.687,14.589],[43.673,14.599],[43.669,14.606],[43.66,14.61],[43.657,14.615],[43.652,14.62],[43.647,14.633],[43.637,14.642],[43.637,14.644],[43.632,14.645],[43.613,14.645],[43.612,14.64],[43.607,14.638],[43.591,14.624],[43.592,14.623],[43.587,14.619],[43.586,14.614],[43.589,14.606],[43.593,14.601],[43.597,14.599],[43.598,14.591],[43.605,14.582],[43.604,14.574],[43.598,14.571],[43.594,14.565],[43.594,14.554],[43.595,14.55],[43.597,14.55],[43.609,14.554],[43.612,14.552],[43.612,14.546],[43.609,14.537],[43.609,14.526],[43.61,14.522],[43.614,14.52],[43.621,14.505],[43.63,14.501],[43.642,14.49],[43.648,14.481],[43.653,14.466],[43.658,14.466],[43.664,14.47],[43.668,14.468],[43.673,14.469],[43.677,14.466],[43.682,14.466],[43.686,14.47],[43.693,14.469],[43.695,14.467],[43.699,14.47],[43.703,14.466],[43.705,14.47],[43.71,14.472],[43.716,14.47],[43.721,14.462],[43.725,14.464],[43.726,14.46],[43.724,14.459],[43.725,14.458],[43.727,14.455],[43.73,14.456],[43.729,14.453],[43.736,14.446],[43.741,14.448],[43.743,14.451],[43.746,14.448],[43.747,14.451],[43.749,14.451],[43.752,14.456],[43.755,14.457],[43.757,14.461],[43.759,14.46],[43.76,14.456],[43.762,14.457],[43.767,14.454],[43.773,14.455],[43.774,14.457],[43.776,14.456],[43.777,14.459],[43.78,14.459]]]}},{"type":"Feature","properties":{"id":"al-ja-fariyyah","name":"Al Ja'fariyyah","gov":"YE-RA","km2":285,"c":[14.524,43.583]},"geometry":{"type":"Polygon","coordinates":[[[43.516,14.377],[43.523,14.377],[43.526,14.374],[43.531,14.375],[43.534,14.372],[43.538,14.371],[43.545,14.367],[43.553,14.366],[43.559,14.37],[43.571,14.374],[43.572,14.381],[43.574,14.384],[43.577,14.385],[43.58,14.393],[43.587,14.394],[43.586,14.398],[43.587,14.4],[43.592,14.4],[43.597,14.403],[43.605,14.401],[43.609,14.403],[43.608,14.406],[43.612,14.409],[43.619,14.411],[43.625,14.418],[43.633,14.42],[43.638,14.432],[43.642,14.433],[43.645,14.437],[43.646,14.441],[43.649,14.443],[43.646,14.45],[43.648,14.452],[43.648,14.462],[43.652,14.461],[43.653,14.466],[43.648,14.481],[43.642,14.49],[43.63,14.501],[43.621,14.505],[43.614,14.52],[43.61,14.522],[43.609,14.526],[43.609,14.537],[43.612,14.546],[43.612,14.552],[43.609,14.554],[43.597,14.55],[43.595,14.55],[43.594,14.554],[43.594,14.565],[43.598,14.571],[43.604,14.574],[43.605,14.582],[43.598,14.591],[43.597,14.599],[43.593,14.601],[43.589,14.606],[43.586,14.614],[43.587,14.619],[43.592,14.623],[43.591,14.624],[43.607,14.638],[43.612,14.64],[43.613,14.645],[43.608,14.646],[43.604,14.649],[43.602,14.653],[43.596,14.655],[43.595,14.658],[43.595,14.663],[43.59,14.668],[43.588,14.667],[43.58,14.669],[43.576,14.668],[43.574,14.666],[43.575,14.66],[43.588,14.651],[43.586,14.646],[43.58,14.64],[43.571,14.639],[43.567,14.643],[43.562,14.644],[43.557,14.651],[43.55,14.65],[43.547,14.647],[43.549,14.64],[43.553,14.634],[43.553,14.628],[43.551,14.626],[43.542,14.626],[43.535,14.629],[43.518,14.628],[43.514,14.618],[43.509,14.594],[43.508,14.578],[43.511,14.553],[43.523,14.52],[43.53,14.494],[43.541,14.465],[43.548,14.444],[43.549,14.435],[43.549,14.421],[43.534,14.399],[43.521,14.388],[43.516,14.377]]]}},{"type":"Feature","properties":{"id":"hadibu","name":"Hadibu","gov":"YE-SU","km2":2630,"c":[12.511,54.045]},"geometry":{"type":"Polygon","coordinates":[[[53.545,12.354],[53.551,12.335],[53.576,12.332],[53.595,12.325],[53.61,12.322],[53.627,12.314],[53.687,12.295],[53.706,12.298],[53.754,12.295],[53.78,12.296],[53.824,12.306],[53.851,12.308],[53.875,12.312],[53.898,12.318],[53.911,12.319],[53.933,12.325],[53.948,12.325],[53.969,12.322],[54.004,12.321],[54.017,12.326],[54.022,12.33],[54.03,12.34],[54.036,12.344],[54.049,12.346],[54.068,12.352],[54.076,12.352],[54.093,12.347],[54.107,12.345],[54.145,12.344],[54.181,12.369],[54.201,12.386],[54.218,12.393],[54.236,12.411],[54.248,12.419],[54.259,12.435],[54.277,12.44],[54.303,12.44],[54.326,12.443],[54.357,12.452],[54.385,12.455],[54.408,12.467],[54.415,12.469],[54.43,12.48],[54.442,12.484],[54.449,12.488],[54.448,12.5],[54.45,12.507],[54.454,12.513],[54.464,12.52],[54.495,12.534],[54.509,12.538],[54.529,12.539],[54.538,12.545],[54.535,12.55],[54.515,12.551],[54.49,12.549],[54.476,12.552],[54.465,12.559],[54.437,12.574],[54.422,12.584],[54.376,12.606],[54.363,12.609],[54.32,12.612],[54.309,12.615],[54.29,12.624],[54.275,12.635],[54.253,12.647],[54.211,12.663],[54.207,12.667],[54.204,12.684],[54.197,12.683],[54.18,12.666],[54.168,12.666],[54.136,12.683],[54.119,12.697],[54.105,12.703],[54.099,12.703],[54.091,12.699],[54.085,12.688],[54.077,12.679],[54.06,12.671],[54.047,12.667],[54.042,12.663],[54.03,12.659],[54.009,12.65],[53.991,12.648],[53.976,12.652],[53.975,12.648],[53.977,12.638],[53.974,12.634],[53.961,12.635],[53.949,12.64],[53.935,12.644],[53.915,12.649],[53.908,12.649],[53.899,12.641],[53.877,12.628],[53.867,12.612],[53.857,12.607],[53.843,12.596],[53.819,12.598],[53.806,12.598],[53.803,12.603],[53.792,12.612],[53.74,12.637],[53.708,12.662],[53.704,12.649],[53.716,12.639],[53.732,12.623],[53.749,12.602],[53.748,12.561],[53.743,12.511],[53.719,12.495],[53.675,12.486],[53.65,12.471],[53.623,12.45],[53.611,12.424],[53.608,12.407],[53.596,12.39],[53.578,12.373],[53.545,12.354]]]}},{"type":"Feature","properties":{"id":"qalansiyah-wa-abd-al-kuri","name":"Qalansiyah wa Abd Al Kuri","gov":"YE-SU","km2":1273,"c":[12.565,53.512]},"geometry":{"type":"MultiPolygon","coordinates":[[[[53.311,12.112],[53.296,12.122],[53.29,12.123],[53.258,12.122],[53.246,12.12],[53.257,12.113],[53.276,12.109],[53.307,12.107],[53.311,12.112]]],[[[53.175,12.132],[53.17,12.137],[53.166,12.132],[53.175,12.132]]],[[[53.081,12.164],[53.062,12.169],[53.051,12.175],[53.039,12.178],[53.028,12.183],[53.022,12.181],[53.019,12.175],[53.012,12.165],[53.006,12.162],[52.988,12.162],[52.988,12.159],[52.991,12.155],[52.996,12.151],[53.008,12.149],[53.017,12.14],[53.027,12.133],[53.047,12.129],[53.059,12.124],[53.065,12.123],[53.086,12.127],[53.091,12.131],[53.093,12.137],[53.094,12.143],[53.092,12.148],[53.086,12.159],[53.081,12.164]]],[[[52.128,12.234],[52.122,12.238],[52.116,12.238],[52.098,12.234],[52.087,12.237],[52.069,12.236],[52.063,12.234],[52.061,12.235],[52.062,12.229],[52.066,12.224],[52.068,12.218],[52.079,12.213],[52.091,12.211],[52.102,12.201],[52.107,12.198],[52.132,12.193],[52.143,12.185],[52.149,12.183],[52.166,12.184],[52.184,12.18],[52.202,12.174],[52.222,12.171],[52.228,12.168],[52.23,12.163],[52.235,12.16],[52.272,12.146],[52.309,12.145],[52.371,12.152],[52.377,12.154],[52.376,12.161],[52.371,12.171],[52.378,12.181],[52.389,12.189],[52.393,12.194],[52.37,12.189],[52.321,12.188],[52.314,12.189],[52.303,12.194],[52.291,12.197],[52.242,12.2],[52.207,12.2],[52.182,12.208],[52.165,12.215],[52.146,12.233],[52.128,12.234]]],[[[53.151,12.634],[53.148,12.635],[53.145,12.631],[53.151,12.634]]],[[[53.162,12.644],[53.156,12.646],[53.158,12.64],[53.162,12.644]]],[[[53.708,12.662],[53.681,12.682],[53.666,12.696],[53.66,12.698],[53.612,12.7],[53.579,12.703],[53.557,12.714],[53.551,12.715],[53.539,12.715],[53.527,12.713],[53.511,12.702],[53.51,12.715],[53.5,12.706],[53.489,12.701],[53.482,12.685],[53.474,12.676],[53.464,12.668],[53.445,12.669],[53.426,12.665],[53.403,12.653],[53.403,12.647],[53.409,12.629],[53.409,12.621],[53.405,12.609],[53.405,12.567],[53.399,12.556],[53.392,12.548],[53.379,12.541],[53.361,12.537],[53.342,12.534],[53.314,12.533],[53.31,12.528],[53.312,12.522],[53.315,12.517],[53.33,12.512],[53.337,12.507],[53.353,12.493],[53.356,12.488],[53.382,12.479],[53.415,12.455],[53.44,12.446],[53.462,12.434],[53.48,12.415],[53.493,12.408],[53.502,12.401],[53.522,12.375],[53.538,12.363],[53.545,12.354],[53.578,12.373],[53.596,12.39],[53.608,12.407],[53.611,12.424],[53.623,12.45],[53.65,12.471],[53.675,12.486],[53.719,12.495],[53.743,12.511],[53.748,12.561],[53.749,12.602],[53.732,12.623],[53.716,12.639],[53.704,12.649],[53.708,12.662]]]]}}]}